;0,1841598;0,7474917;2,439301;0,1617457;0,116157;2,33996;0,1501928;0,1762582;2,401109;0,1504268;0,5449808;2,430351;0,00164092;0,4202093;2,414763;-0,08829425;0,1697973;2,332078;-0,09376242;-0,03260804;2,188292;-0,09468506;-0,1323536;2,155255;0,3407287;0,4196113;2,479919;0,413092;0,138936;2,459926;0,4559195;-0,08516638;2,420434;0,4463518;-0,1718502;2,422979;0,0844636;0,04968873;2,309578;0,06090063;-0,3361779;2,051534;0,05279171;-0,6377555;1,864214;0,06751236;-0,6639394;1,768655;0,2431233;0,03049906;2,33228;0,1646014;-0,5188668;2,256181;0,1902119;-0,7968715;2,347445;0,1713526;-0,775975;2,246399; 
0,1921633;0,7463973;2,432481;0,1615781;0,1158944;2,340011;0,150258;0,1762966;2,401145;0,1525312;0,5458911;2,429266;0,001735106;0,4205569;2,414511;-0,08949448;0,169199;2,333513;-0,118727;-0,07140418;2,204414;-0,1247322;-0,1574019;2,18681;0,3400121;0,4207085;2,479196;0,4014233;0,1419572;2,463331;0,4430424;-0,08340192;2,435095;0,4368909;-0,1700915;2,433569;0,08446667;0,04968426;2,309617;0,06006273;-0,3422661;2,061861;0,05190785;-0,6469375;1,873323;0,06550837;-0,6725262;1,783172;0,2413745;0,02960104;2,333098;0,2001337;-0,4646231;2,31206;0,1767804;-0,7835096;2,325186;0,158153;-0,7657984;2,223444; 
0,1962161;0,7487644;2,431333;0,1608429;0,1143974;2,339728;0,1495599;0,1758463;2,400743;0,1573261;0,5478073;2,42673;0,007240596;0,42414;2,41181;-0,1015199;0,1557458;2,333121;-0,134987;-0,07698172;2,221984;-0,1718363;-0,1715861;2,220976;0,3396733;0,420915;2,478877;0,3957026;0,1427598;2,467859;0,435746;-0,08330344;2,447577;0,4281103;-0,1793046;2,445611;0,08443213;0,04957983;2,309609;0,05899437;-0,3432049;2,063829;0,05276653;-0,6531848;1,887519;0,06335823;-0,6868646;1,813503;0,2376283;0,02784872;2,333924;0,1999736;-0,464672;2,312019;0,1736042;-0,7652391;2,314024;0,1524721;-0,7521026;2,212036; 
0,1970815;0,7311754;2,37398;0,1594659;0,1129062;2,334885;0,150554;0,1745169;2,395043;0,159378;0,5431932;2,413561;0,002420295;0,4227217;2,407085;-0,07331487;0,1882425;2,283398;0,008801766;0,03059198;2,124146;0,05381749;-0,05410042;2,080909;0,3385896;0,4174141;2,461675;0,4241244;0,1501259;2,434281;0,5094907;-0,05267364;2,354618;0,538236;-0,1478933;2,320331;0,08256684;0,04899243;2,308537;0,01468583;-0,3906482;2,084384;0,001672365;-0,6793461;1,935348;-0,0008401805;-0,7216665;1,8661;0,2368843;0,02470213;2,32451;0,1757474;-0,4952708;2,317749;0,1351764;-0,8333189;2,273888;0,1660085;-0,8933241;2,230489; 
0,1975132;0,7305952;2,375238;0,1573731;0,1038119;2,324959;0,1494924;0,1658334;2,385235;0,1592664;0,5394292;2,406802;-7,389893E-05;0,4214648;2,405089;-0,07384057;0,1881695;2,284966;-0,01233722;0,0186916;2,128866;0,02997235;-0,06422722;2,079659;0,33832;0,4169636;2,458114;0,4243217;0,1496432;2,433467;0,5085394;-0,05424872;2,355715;0,5373507;-0,1492966;2,320747;0,077452;0,03219973;2,297659;0,01455725;-0,3906395;2,084998;0,001431738;-0,6792432;1,935683;-0,0005983239;-0,7224669;1,868124;0,2361698;0,02127432;2,317859;0,1754471;-0,4956408;2,317739;0,1341941;-0,8316284;2,273551;0,1658587;-0,8929079;2,230814; 
0,1976249;0,7312096;2,375367;0,1564668;0,1030483;2,323545;0,1493551;0,165205;2,383855;0,1594549;0,5391929;2,404848;-0,0006760524;0,4220321;2,404624;-0,07678427;0,1862472;2,291418;-0,03296717;0,007002249;2,140838;-0,02198843;-0,08198389;2,085485;0,338784;0,4165691;2,45402;0,4254726;0,1479217;2,430961;0,5069168;-0,05842806;2,357631;0,5289609;-0,1452621;2,330087;0,07679039;0,03191177;2,297373;0,01394616;-0,3920596;2,089487;0,0006225111;-0,6794363;1,936508;-0,0004421349;-0,7232907;1,869459;0,2347863;0,02039744;2,315315;0,1750824;-0,4962041;2,317276;0,1340887;-0,8313012;2,273551;0,1702675;-0,895071;2,234601; 
0,1976267;0,7323976;2,375528;0,154038;0,1019745;2,321351;0,1482645;0,1644534;2,381802;0,1603936;0,5390602;2,401943;-0,001153858;0,4222869;2,404179;-0,07813616;0,1838128;2,298533;-0,06008244;-0,01501625;2,160355;-0,05046745;-0,07593472;2,112838;0,3395145;0,4153475;2,449637;0,4257438;0,1480852;2,428705;0,5061125;-0,05986266;2,35961;0,5242882;-0,1461193;2,336159;0,07348335;0,03105142;2,296196;0,01310735;-0,3925799;2,092277;0,0003169682;-0,6793966;1,937218;-0,0004344465;-0,7242974;1,871945;0,2316874;0,01920656;2,312399;0,1743432;-0,4972585;2,316565;0,1340874;-0,8312749;2,273627;0,1733142;-0,8964093;2,240696; 
0,1973798;0,7345722;2,375357;0,1509416;0,1022764;2,319974;0,1470852;0,1649421;2,380501;0,1617866;0,539987;2,399189;-0,001580472;0,4233532;2,404173;-0,08144141;0,1765598;2,305126;-0,08418628;-0,02943538;2,172259;-0,0904922;-0,1220295;2,133081;0,3405656;0,4142383;2,443615;0,4263138;0,1485395;2,424375;0,5051618;-0,06171948;2,362219;0,5212663;-0,1435302;2,343062;0,06900284;0,03235124;2,296583;0,012412;-0,3922164;2,097115;0,0006073596;-0,6788874;1,939928;-0,0003247732;-0,7258518;1,876091;0,226817;0,01880415;2,309491;0,1739555;-0,4975758;2,316149;0,1339711;-0,8300918;2,273378;0,1732104;-0,8945105;2,239423; 
0,196897;0,737096;2,375733;0,1483196;0,1020656;2,319187;0,1457685;0,1651881;2,37958;0,1631554;0,5410716;2,396316;-0,001618675;0,4239108;2,403646;-0,09012082;0,1547139;2,311253;-0,1164069;-0,07012888;2,183481;-0,1167434;-0,141831;2,153199;0,3415207;0,4137373;2,439732;0,4267552;0,1482382;2,420719;0,5052096;-0,06320226;2,363095;0,518791;-0,1416386;2,34888;0,06561273;0,03269003;2,297336;0,01296732;-0,3920928;2,103235;0,0009456234;-0,6802351;1,941878;0,0004635208;-0,7276882;1,879391;0,2231773;0,01810462;2,308042;0,173704;-0,4981343;2,315877;0,1344002;-0,829275;2,273507;0,1736973;-0,8943554;2,233418; 
0,1969017;0,7385967;2,375322;0,1455406;0,1013983;2,318584;0,1437097;0,1650909;2,3786;0,1637112;0,5414769;2,392793;-0,001397394;0,4227819;2,401701;-0,09565403;0,1554922;2,325335;-0,1349383;-0,0748443;2,206458;-0,1460734;-0,1496997;2,188462;0,3423487;0,4138475;2,437403;0,4264813;0,1479388;2,416732;0,5055599;-0,0641402;2,363332;0,5186187;-0,139472;2,348744;0,06261864;0,03250799;2,298239;0,01572869;-0,3766838;2,118301;0,001847965;-0,6834382;1,944989;0,002361159;-0,7304348;1,883255;0,2195123;0,01685049;2,307108;0,172774;-0,4996009;2,314988;0,1346479;-0,8292757;2,273636;0,1742559;-0,8938426;2,233289; 
0,1977225;0,739191;2,374963;0,1435969;0,1013788;2,317974;0,1421289;0,165245;2,377738;0,1635704;0,5417991;2,391155;-0,001129914;0,4223626;2,400276;-0,1022332;0,1531276;2,336093;-0,1616553;-0,06514791;2,244479;-0,1818295;-0,1606916;2,224884;0,3435334;0,4130076;2,435024;0,4263582;0,1478489;2,41347;0,505521;-0,06470686;2,362659;0,5192865;-0,13971;2,346951;0,06040202;0,03270763;2,298562;0,01585118;-0,3829825;2,117752;0,002980835;-0,6860622;1,947963;0,006887657;-0,7336805;1,887156;0,2176185;0,01660502;2,306234;0,172775;-0,499369;2,31484;0,1363104;-0,8226127;2,272344;0,1731797;-0,8935907;2,232875; 
0,1988094;0,7403158;2,37427;0,142771;0,1013443;2,317665;0,1416309;0,1655069;2,377306;0,1650878;0,5423559;2,38887;-0,001048894;0,4228072;2,398692;-0,109419;0,1490336;2,343817;-0,1784157;-0,06601931;2,274772;-0,2103933;-0,1647258;2,268973;0,3445427;0,4123869;2,432894;0,4266248;0,1480546;2,410441;0,5040208;-0,06528701;2,360139;0,5198594;-0,1384419;2,340638;0,05929605;0,03298314;2,298577;0,01702122;-0,3798441;2,122515;0,007355986;-0,6911589;1,952578;0,01341007;-0,738478;1,891748;0,2164316;0,01605661;2,306008;0,1284428;-0,4766994;2,261026;0,1378423;-0,8214755;2,272439;0,1738595;-0,8941382;2,235083; 
0,2002925;0,7403306;2,373159;0,1420101;0,1013326;2,317337;0,1409958;0,1656351;2,376801;0,1653732;0,5424602;2,387485;-0,0009394755;0,4229524;2,396873;-0,1155383;0,1464805;2,348957;-0,1931704;-0,0736861;2,301701;-0,2297191;-0,1669877;2,307305;0,3452073;0,4115492;2,43086;0,4262448;0,1461599;2,406967;0,4996642;-0,06764784;2,35125;0,5204945;-0,145488;2,333016;0,05842526;0,03313225;2,29833;0,01796912;-0,3776398;2,125083;0,01098146;-0,6959028;1,957564;0,0211215;-0,7429283;1,897083;0,2156643;0,01579395;2,305972;0,1257918;-0,4723558;2,255781;0,1426114;-0,8136498;2,279216;0,1770356;-0,8885252;2,24193; 
0,2011266;0,7405103;2,372762;0,141784;0,1012709;2,317165;0,1408076;0,1657698;2,376451;0,1662205;0,5420921;2,385281;-0,001109929;0,423372;2,394722;-0,1189775;0,1440695;2,350533;-0,2134258;-0,0808043;2,331144;-0,2364831;-0,1595059;2,339772;0,3457619;0,4092853;2,428222;0,424242;0,1434324;2,402443;0,4930323;-0,07075121;2,340888;0,5171839;-0,1522428;2,321234;0,05801348;0,03317598;2,298064;0,02094037;-0,375994;2,130191;0,01815325;-0,6979446;1,962395;0,03236043;-0,7485613;1,905779;0,2154287;0,01544477;2,30613;0,1234335;-0,4674973;2,251573;0,1445962;-0,8073025;2,2795;0,1770474;-0,8882437;2,239666; 
0,2015575;0,7404604;2,371682;0,1417331;0,1012259;2,317077;0,1409196;0,1658245;2,376237;0,1672056;0,5418407;2,383982;-0,001494952;0,4231519;2,393118;-0,1189258;0,1443876;2,350818;-0,2112424;-0,07409397;2,337469;-0,2402802;-0,1468403;2,361763;0,3459089;0,4056194;2,425231;0,4200214;0,1399768;2,396398;0,4827636;-0,07558502;2,332524;0,5059723;-0,1559996;2,303753;0,05787939;0,0331808;2,297901;0,02275519;-0,3749835;2,131844;0,02650469;-0,6980779;1,968786;0,03579968;-0,729207;1,883892;0,2153565;0,01514645;2,306277;0,1124534;-0,4385983;2,229513;0,1568335;-0,7935242;2,294862;0,1767429;-0,8816122;2,24222; 
0,2011149;0,7402509;2,370329;0,1417214;0,1012176;2,317063;0,1408472;0,1659222;2,376101;0,1671664;0,5415344;2,382696;-0,002299425;0,4230973;2,391535;-0,1183706;0,1463455;2,350583;-0,1932206;-0,07020529;2,315891;-0,2431588;-0,1552611;2,352934;0,3451759;0,4054888;2,423975;0,4138134;0,1364004;2,389018;0,470822;-0,07956237;2,320047;0,492494;-0,1610951;2,289669;0,05788573;0,03320676;2,297893;0,02402105;-0,3739522;2,132834;0,03852246;-0,7011503;1,975039;0,052554;-0,7514978;1,918131;0,2153437;0,01496138;2,306488;0,1107506;-0,4359202;2,226506;0,1624259;-0,7800008;2,304058;0,1801276;-0,8664718;2,248042; 
0,2010807;0,7405174;2,369963;0,1418497;0,1012579;2,317126;0,1409022;0,1660315;2,376082;0,1683032;0,5415556;2,382314;-0,002676832;0,4228643;2,389249;-0,1180535;0,1487602;2,349601;-0,1891836;-0,06862366;2,310494;-0,2248371;-0,1242931;2,345585;0,3446768;0,4058792;2,422873;0,4100831;0,1329896;2,381725;0,455686;-0,08326717;2,303818;0,4748448;-0,1632279;2,27592;0,05810154;0,03335252;2,29791;0,0257185;-0,3730918;2,133851;0,04419637;-0,702323;1,976147;0,06129831;-0,7513058;1,918883;0,2154819;0,01491848;2,307032;0,1056135;-0,4386182;2,215315;0,1632846;-0,7808939;2,304546;0,1807081;-0,8670803;2,247998; 
0,2016957;0,7403033;2,369245;0,1422224;0,1012505;2,317301;0,1408869;0,1660968;2,376077;0,1681138;0,54147;2,381816;-0,003322477;0,4226175;2,386949;-0,1155204;0,1497503;2,342443;-0,1702032;-0,06673943;2,272806;-0,1939832;-0,1296589;2,300276;0,3439959;0,4066164;2,42231;0,4055505;0,1346381;2,376106;0,433342;-0,08171898;2,288867;0,4555609;-0,1650365;2,262144;0,05896705;0,03345484;2,297768;0,02876951;-0,3708138;2,136055;0,05428037;-0,7027627;1,97762;0,07603103;-0,7479962;1,918865;0,2163999;0,01457617;2,308769;0,1007175;-0,4390653;2,20672;0,1446119;-0,8379039;2,261234;0,1614354;-0,9293854;2,213502; 
0,1997132;0,7400288;2,3677;0,1425085;0,1004839;2,317389;0,140925;0,1656291;2,375923;0,1672776;0,5409542;2,380302;-0,003467584;0,421658;2,383956;-0,1120558;0,144827;2,32895;-0,1441374;-0,07300159;2,247932;-0,1719119;-0,1452817;2,263265;0,3408965;0,4057339;2,419815;0,4012444;0,1331815;2,371442;0,4198464;-0,08249995;2,279332;0,4297197;-0,1678699;2,238785;0,05982825;0,03279964;2,297438;0,03133171;-0,3679039;2,138701;0,06847098;-0,7026066;1,975391;0,08027488;-0,7464337;1,912853;0,2166261;0,01370632;2,310197;0,1008025;-0,4392042;2,206149;0,1583984;-0,8276003;2,295539;0,1760468;-0,9206882;2,251346; 
0,1968453;0,7387227;2,365477;0,142523;0,09983841;2,317506;0,1404466;0,1650439;2,375812;0,1660598;0,5396445;2,379256;-0,005077661;0,41895;2,380853;-0,1062381;0,1380743;2,310774;-0,1299835;-0,1009211;2,211319;-0,1395689;-0,1778423;2,219255;0,3403387;0,4055476;2,419946;0,3968705;0,1301178;2,367107;0,402192;-0,08383314;2,268347;0,4073482;-0,1650965;2,224554;0,0600495;0,03183644;2,296882;0,04534296;-0,3684434;2,15108;0,0746636;-0,7007289;1,974491;0,08504066;-0,7382274;1,907301;0,2167735;0,01256624;2,311742;0,1013151;-0,441152;2,202526;0,1598305;-0,8275595;2,298249;0,1775541;-0,9205388;2,253824; 
0,1930302;0,7375188;2,362399;0,1427477;0,09939325;2,317511;0,1402737;0,1646724;2,375616;0,1648908;0,5384613;2,377872;-0,00475252;0,4186043;2,379255;-0,1020088;0,1407724;2,300482;-0,1142518;-0,09469863;2,169309;-0,1145305;-0,1746959;2,156198;0,3401194;0,4053145;2,420223;0,3912328;0,1301546;2,363629;0,3874205;-0,08086161;2,257629;0,3865766;-0,1579594;2,215703;0,06082184;0,03118681;2,296196;0,04747191;-0,3695609;2,151943;0,0836568;-0,6934339;1,973769;0,09413922;-0,7356613;1,903066;0,2171338;0,01196486;2,312788;0,1022658;-0,4421507;2,198726;0,1747379;-0,7971733;2,316881;0,1918094;-0,8820504;2,258208; 
0,1891448;0,73628;2,358913;0,1442863;0,09897231;2,317433;0,1408743;0,1642531;2,37535;0,1641155;0,5376297;2,377391;-0,006999752;0,4169925;2,377308;-0,09442206;0,1461376;2,287029;-0,08351048;-0,08226084;2,123644;-0,08010544;-0,1558935;2,098459;0,3393933;0,4046779;2,420703;0,3840246;0,1325118;2,360106;0,3720619;-0,07491273;2,246856;0,3686301;-0,1543733;2,201766;0,06340022;0,0298542;2,294638;0,05254721;-0,3721504;2,154332;0,08659007;-0,6913699;1,97252;0,09925171;-0,7336869;1,902549;0,2201191;0,01157545;2,314166;0,1034234;-0,4412104;2,196842;0,1756168;-0,7872936;2,314126;0,1926924;-0,8721909;2,255438; 
0,1849845;0,7352831;2,357174;0,1458635;0,09872663;2,317151;0,1414285;0,1639453;2,374975;0,1621477;0,5366243;2,376709;-0,008434834;0,4163868;2,37599;-0,08702447;0,1669176;2,27901;-0,06613574;-0,03966874;2,09006;-0,05222579;-0,1119565;2,050107;0,3377668;0,4042076;2,421165;0,378655;0,135652;2,359416;0,3604347;-0,06956999;2,242601;0,3555248;-0,1583093;2,185927;0,06622509;0,02933699;2,293416;0,05620959;-0,3731295;2,154769;0,08918685;-0,6902238;1,970877;0,1047278;-0,7326797;1,902721;0,2223958;0,01160551;2,314595;0,1012328;-0,4401536;2,193509;0,1761072;-0,7799849;2,313397;0,1931865;-0,8649008;2,254697; 
0,1810395;0,7332543;2,354017;0,147657;0,09821063;2,3166;0,1420616;0,1632192;2,374407;0,1608693;0,5352648;2,376824;-0,01114304;0,4144541;2,373778;-0,08676947;0,1733603;2,273063;-0,05986852;0,01867284;2,080468;-0,02746683;-0,06191501;2,020517;0,3358012;0,4046401;2,422935;0,3718976;0,1402645;2,361516;0,3499144;-0,06187077;2,239488;0,3406575;-0,1500507;2,182243;0,06883128;0,02736338;2,291127;0,06044041;-0,3770128;2,159016;0,09395259;-0,6889669;1,97121;0,1099626;-0,7319196;1,902899;0,2252337;0,01192676;2,314838;0,0993847;-0,4345544;2,183736;0,1772768;-0,7696247;2,306757;0,19436;-0,8545598;2,248044; 
0,1775267;0,7259942;2,353412;0,1479717;0,09817702;2,316399;0,1415432;0,1627532;2,374052;0,1523749;0,5284859;2,376155;-0,01453678;0,4124082;2,372088;-0,0870946;0,1809495;2,264692;-0,04428395;0,03642266;2,066294;-0,002104096;-0,03596677;2,002126;0,333835;0,405138;2,425874;0,3682509;0,1443144;2,365006;0,341088;-0,06213199;2,238681;0,3242816;-0,1521333;2,186201;0,0696047;0,02688861;2,290007;0,05401932;-0,3771695;2,157942;0,09776142;-0,6906283;1,971619;0,1156827;-0,7326666;1,908055;0,2262867;0,01194771;2,314991;0,09051323;-0,4270115;2,16973;0,1708296;-0,7601725;2,295969;0,156124;-0,7539384;2,192489; 
0,1744564;0,7246441;2,350438;0,1479053;0,09823617;2,316324;0,1408143;0,1626197;2,373853;0,1511332;0,5279961;2,376668;-0,01860297;0,4098112;2,3704;-0,08751912;0,1886651;2,254691;-0,02312324;0,04821454;2,042663;0,02652845;-0,03035961;1,977994;0,3323548;0,4041426;2,428587;0,362264;0,1495774;2,368413;0,3348429;-0,05209631;2,246899;0,3119004;-0,1495604;2,213583;0,06933065;0,02690964;2,289449;-0,02035518;-0,3720502;2,174661;0,1029824;-0,7226053;1,974426;0,1266812;-0,7369143;1,902117;0,2262933;0,01193234;2,314996;0,08973856;-0,4263395;2,168006;0,1701968;-0,7589836;2,294359;0,1570877;-0,7537469;2,190559; 
0,1666385;0,7234786;2,34763;0,1482886;0,09896834;2,316356;0,1403053;0,1626665;2,373753;0,149049;0,5274048;2,377396;-0,02270246;0,4074612;2,369202;-0,08906095;0,1864963;2,239641;-0,008710489;0,05344628;2,030013;0,04369947;-0,007656715;1,973378;0,3299775;0,4044784;2,431926;0,3566619;0,1570862;2,371421;0,3243489;-0,04748945;2,257062;0,3036321;-0,1470128;2,228779;0,0697263;0,02740437;2,289076;-0,02265743;-0,3708933;2,174521;0,106128;-0,7224566;1,980193;0,1416106;-0,7474098;1,916015;0,2273299;0,01256586;2,315356;0,08928975;-0,4269232;2,166965;0,1699141;-0,7592081;2,293595;0,1593657;-0,7557045;2,189383; 
0,1621727;0,7226536;2,348196;0,1477476;0,09891906;2,316334;0,1389849;0,1622126;2,373677;0,1456553;0,5265557;2,378344;-0,02767036;0,4052165;2,368081;-0,08996081;0,1854669;2,23308;0,005073167;0,05952445;2,020711;0,0588562;0,003936421;1,968801;0,3230377;0,4052107;2,432806;0,3548415;0,1578087;2,372752;0,3238324;-0,04687455;2,258291;0,3105607;-0,09696159;2,257632;0,06946743;0,02728389;2,288999;-0,02245283;-0,3709357;2,174221;0,1126725;-0,7255865;1,991589;0,1531159;-0,7563887;1,933095;0,2268085;0,01269344;2,315337;0,09386438;-0,4313689;2,170779;0,1745723;-0,762969;2,297465;0,1639826;-0,7603881;2,193182; 
0,1536216;0,7224717;2,349017;0,1476985;0,09897109;2,316395;0,1387419;0,1620869;2,37375;0,1419006;0,5256855;2,378374;-0,03105852;0,4042461;2,367465;-0,08972967;0,1844634;2,227983;0,01104821;0,06325316;2,020165;0,06826685;0,01102092;1,968319;0,3176158;0,4045595;2,431357;0,3541519;0,1587414;2,374221;0,3230298;-0,04590584;2,259815;0,3025588;-0,1478766;2,242098;0,06942543;0,02710814;2,288879;-0,02178565;-0,3716365;2,17582;0,1254827;-0,7294304;2,01239;0,1512913;-0,7636484;1,947784;0,2273173;0,01361178;2,316239;0,09389988;-0,432057;2,171197;0,1746501;-0,7634974;2,297887;0,1653661;-0,7644386;2,193409; 
0,1512465;0,7221809;2,349584;0,1476472;0,09951764;2,316589;0,1384577;0,1622926;2,373851;0,139805;0,5251651;2,378458;-0,03453878;0,4033448;2,366686;-0,08879735;0,1844371;2,227432;0,01506163;0,06402795;2,021202;0,07234326;0,01324103;1,969888;0,3147875;0,4035828;2,430709;0,3536886;0,1590758;2,375265;0,3227783;-0,04544577;2,26064;0,3377973;-0,1201658;2,244308;0,06935693;0,02736715;2,288609;-0,02459839;-0,3710854;2,177233;0,1242847;-0,7321683;2,024337;0,1590103;-0,7767642;1,971231;0,2281083;0,01452208;2,317355;0,09668569;-0,4345822;2,173256;0,1775303;-0,7658043;2,300034;0,1684675;-0,7685626;2,195534; 
0,148466;0,7214889;2,349454;0,1471183;0,09956636;2,316278;0,1374151;0,1621182;2,373363;0,1359954;0,5241474;2,377403;-0,03582772;0,4033403;2,366395;-0,087736;0,1840958;2,227934;0,01920124;0,06059453;2,027292;0,07830894;0,01124116;1,978817;0,3083624;0,407395;2,42906;0,3529393;0,1604059;2,376158;0,3240627;-0,04417884;2,261151;0,3127052;-0,1467063;2,23877;0,06932371;0,02727285;2,288162;-0,02487956;-0,3711817;2,177528;0,1264711;-0,7366129;2,040801;0,1630003;-0,785204;1,992587;0,2273696;0,01510983;2,317194;0,09818307;-0,4383798;2,17413;0,1790654;-0,7693745;2,30095;0,170854;-0,7741388;2,196407; 
0,1444611;0,7207773;2,347721;0,1469311;0,09966265;2,315938;0,1369909;0,1620508;2,372955;0,1337352;0,5237764;2,377055;-0,03723659;0,4031763;2,366105;-0,08704265;0,1830892;2,233764;0,02065805;0,04971781;2,042954;0,08252393;-0,01057171;2,001414;0,3071121;0,4062576;2,427881;0,3528318;0,1601905;2,376017;0,3262759;-0,04463533;2,26097;0,3099281;-0,1459634;2,236395;0,06906738;0,02724253;2,287656;-0,02669592;-0,3711314;2,178501;0,1294002;-0,7392721;2,058347;0,1653195;-0,7909693;2,008072;0,2277218;0,01551253;2,316697;0,09887724;-0,4401251;2,1754;0,1798018;-0,7710527;2,302257;0,1727412;-0,7774934;2,197682; 
0,1432777;0,7207689;2,346718;0,1461284;0,1000161;2,31483;0,1358387;0,162203;2,371762;0,1315633;0,5237018;2,375878;-0,03833786;0,4047911;2,366946;-0,08586021;0,1824761;2,244243;0,005535901;0,0318246;2,082661;0,06437998;-0,0385217;2,030456;0,3066859;0,4063748;2,427902;0,3532872;0,1594842;2,375406;0,3329037;-0,04628403;2,260948;0,3127836;-0,1476365;2,239515;0,06849465;0,0275918;2,285509;-0,02717902;-0,371354;2,179081;0,1250391;-0,7475297;2,088974;0,1650602;-0,7951337;2,01825;0,2273932;0,01576849;2,316274;0,1016266;-0,4449812;2,179276;0,182614;-0,7758299;2,306189;0,1738552;-0,781642;2,201663; 
0,1422585;0,719933;2,34602;0,1455321;0,1007603;2,312694;0,1348887;0,1624937;2,369722;0,1277932;0,5228719;2,37377;-0,03982461;0,4060202;2,367773;-0,08595718;0,1814873;2,250887;-0,007064626;0,01781976;2,096182;0,04136087;-0,06692129;2,0561;0,3059665;0,4060911;2,427172;0,3538086;0,1595323;2,375411;0,3344578;-0,04635969;2,261117;0,3142094;-0,1476438;2,239572;0,06779502;0,02787182;2,281981;-0,02878085;-0,3714603;2,17838;0,1251444;-0,7483219;2,096291;0,1665046;-0,796856;2,027395;0,2279261;0,01685522;2,314686;0,1010713;-0,4457197;2,181247;0,1820806;-0,7765409;2,308186;0,1729524;-0,7825348;2,20367; 
0,1418602;0,7186781;2,344955;0,1442494;0,1007643;2,310358;0,1333215;0,1621449;2,367197;0,1248892;0,5210424;2,370583;-0,04053327;0,4060185;2,367697;-0,08636475;0,1766572;2,258307;-0,02738592;-0,01796965;2,124218;0,01918434;-0,1044794;2,085512;0,305049;0,4057473;2,425595;0,35413;0,1593705;2,375214;0,3370674;-0,04681471;2,261219;0,3170252;-0,1484614;2,240795;0,06619637;0,02690913;2,279336;-0,02584925;-0,3746446;2,181269;0,1242417;-0,7525188;2,094772;0,1668507;-0,7969704;2,029299;0,2276556;0,01764564;2,312828;0,102911;-0,4460144;2,18672;0,0668123;-0,8260186;2,311743;0,09880812;-0,814368;2,212289; 
0,1418007;0,7198609;2,342796;0,1434193;0,1007154;2,309068;0,1323091;0,162314;2,365724;0,1229832;0,5221627;2,367899;-0,0409686;0,4063271;2,367525;-0,0891846;0,1675675;2,265649;-0,04520885;-0,03899982;2,135042;-0,03856378;-0,1250314;2,106308;0,303874;0,4062294;2,424518;0,3544007;0,1591516;2,37511;0,3381841;-0,04714085;2,261286;0,3205318;-0,1495922;2,242577;0,06592599;0,0267432;2,278791;-0,01663589;-0,3766587;2,180135;0,1226496;-0,7585763;2,092184;0,1649536;-0,7971631;2,02983;0,2268546;0,01814386;2,311506;0,1032335;-0,4464335;2,18793;0,0665426;-0,8267474;2,312436;0,09796727;-0,8150363;2,212765; 
0,1417767;0,7192799;2,339804;0,1407839;0,1001033;2,307693;0,1303877;0,1617982;2,364396;0,1225693;0,5221362;2,366605;-0,04165917;0,4063731;2,367013;-0,09271646;0,1572896;2,271006;-0,06687276;-0,05497143;2,153735;-0,06594126;-0,1306936;2,134731;0,3037283;0,4054969;2,421166;0,3577202;0,1569213;2,374909;0,3405588;-0,04908769;2,260722;0,3229671;-0,1516196;2,242393;0,06302071;0,02597656;2,278661;-0,01717182;-0,3776484;2,1793;0,1209513;-0,7580719;2,079391;0,1644115;-0,7986052;2,029244;0,2237246;0,01747407;2,308973;0,1046723;-0,4478562;2,190414;0,06625973;-0,8281417;2,31502;0,0974281;-0,815579;2,215329; 
0,141824;0,7189053;2,334634;0,1363477;0,09880167;2,305949;0,1270694;0,1610484;2,362576;0,1222953;0,5225321;2,363686;-0,04185523;0,4065958;2,366657;-0,09715092;0,1493156;2,274805;-0,09281437;-0,07836667;2,174592;-0,06591962;-0,1407585;2,136169;0,3024671;0,4061957;2,418778;0,3583241;0,1566482;2,374727;0,3414495;-0,04945023;2,260712;0,3279613;-0,138764;2,245168;0,05887216;0,02543558;2,2785;-0,03219804;-0,375435;2,17767;0,1096338;-0,7547175;2,077937;0,1579586;-0,797023;2,031052;0,2172506;0,01600696;2,306459;0,104619;-0,4476902;2,191758;0,0651563;-0,8281275;2,316197;0,09444922;-0,8160256;2,215842; 
0,1422127;0,7182285;2,328074;0,1314195;0,09713711;2,304322;0,1234132;0,1600972;2,36077;0,1219026;0,5230054;2,360213;-0,04215877;0,4065963;2,365761;-0,1027262;0,136903;2,279163;-0,1192619;-0,09390581;2,193346;-0,1237144;-0,1862627;2,180353;0,3002574;0,4068561;2,414763;0,3602514;0,155176;2,373827;0,3421621;-0,05075973;2,259687;0,3278426;-0,1367915;2,243508;0,05339045;0,02431072;2,279423;-0,03525893;-0,3766245;2,177001;0,1017029;-0,7563314;2,06955;0,1537923;-0,797447;2,028909;0,2109242;0,01495838;2,303422;0,1047066;-0,4479693;2,1931;0,06449383;-0,8285989;2,317341;0,09291375;-0,816058;2,216747; 
0,1418451;0,7162528;2,32352;0,1289813;0,09670328;2,303607;0,1211581;0,1596645;2,359838;0,1204613;0,521935;2,357882;-0,0425252;0,4066775;2,364825;-0,109385;0,1260196;2,285076;-0,1464614;-0,09718356;2,21676;-0,15222;-0,1795799;2,205276;0,3002985;0,4060043;2,411933;0,3603491;0,1534242;2,372149;0,3427077;-0,05250967;2,257891;0,3263733;-0,13723;2,242976;0,05062308;0,02388824;2,279644;0,06169824;-0,3951961;2,154096;0,1140318;-0,7374735;2,060732;0,126293;-0,7691881;1,975693;0,2088705;0,01454869;2,302442;0,1031643;-0,4476634;2,194216;0,06023628;-0,8302239;2,312944;0,08539392;-0,8172557;2,211496; 
0,1418998;0,7143766;2,317832;0,1264301;0,09607527;2,302776;0,1192537;0,1592432;2,358823;0,120161;0,5212328;2,3552;-0,0427313;0,4079305;2,363572;-0,1186172;0,1195942;2,290585;-0,1698692;-0,104992;2,239473;-0,194309;-0,1924658;2,242161;0,2998773;0,4054645;2,408282;0,3581564;0,1532037;2,368151;0,3426004;-0,0538798;2,255874;0,325096;-0,1382135;2,241645;0,04769959;0,02365376;2,280173;0,06112277;-0,3949286;2,154176;0,1073283;-0,7301275;2,056364;0,1190964;-0,7619885;1,971272;0,2057443;0,01378915;2,300874;0,1010092;-0,4482931;2,195382;0,05695145;-0,8320665;2,310738;0,079473;-0,8183545;2,208728; 
0,142878;0,7137377;2,31311;0,1250951;0,09612182;2,302045;0,1188462;0,1595579;2,357978;0,120608;0,5211803;2,351886;-0,04223383;0,4105894;2,360978;-0,1261591;0,1221744;2,298069;-0,188082;-0,09822947;2,260569;-0,2253308;-0,1856087;2,266424;0,2978435;0,4078968;2,400302;0,3573458;0,1540487;2,365263;0,3415869;-0,05332588;2,253566;0,3220624;-0,1405924;2,239678;0,04645334;0,02406754;2,280233;0,06111247;-0,3945131;2,15371;0,09608957;-0,7216877;2,050565;0,1066601;-0,7537426;1,965354;0,2037681;0,01420587;2,299882;0,0979307;-0,4468713;2,195547;0,05376223;-0,8314972;2,308728;0,0747652;-0,817758;2,206359; 
0,1440554;0,7129372;2,306199;0,1223508;0,09534568;2,299932;0,1167308;0,1592874;2,355517;0,1209158;0,5210242;2,34639;-0,04229015;0,4114679;2,357621;-0,1341852;0,1214978;2,306061;-0,2046639;-0,1049377;2,278943;-0,2481042;-0,1836783;2,289636;0,2974087;0,4081717;2,395282;0,3549734;0,1544418;2,35964;0,3396722;-0,05428369;2,250706;0,3156694;-0,1545403;2,227428;0,04356846;0,02419448;2,279706;0,05989273;-0,3942568;2,152195;0,08513432;-0,7223076;2,045035;0,09532198;-0,7546228;1,959841;0,2004058;0,01290216;2,297085;0,09051555;-0,4478734;2,192737;0,0416361;-0,835739;2,295215;0,06249864;-0,8187271;2,193272; 
0,1448898;0,7136747;2,300269;0,1208724;0,09523182;2,298035;0,1158282;0,1596916;2,353237;0,1208492;0,5222308;2,341417;-0,04288899;0,4123524;2,353523;-0,1390933;0,1233123;2,311166;-0,2118731;-0,0949335;2,289733;-0,253286;-0,1752799;2,298394;0,2968128;0,4083954;2,387767;0,3531086;0,1547988;2,355638;0,3366067;-0,05410337;2,24722;0,3128935;-0,1543611;2,223491;0,04221848;0,02436374;2,278843;0,05741566;-0,3943177;2,149684;0,06391054;-0,7352616;2,032027;0,112276;-0,7958983;2,024179;0,1988592;0,01265928;2,295247;0,08883056;-0,4477781;2,193246;0,03411576;-0,835903;2,292786;0,04361408;-0,8186098;2,189173; 
0,1444154;0,7105344;2,294976;0,1181111;0,09481534;2,295033;0,1134791;0,159277;2,349716;0,1195482;0,5189427;2,334826;-0,04400319;0,4127298;2,348852;-0,1428118;0,1238387;2,314337;-0,2234088;-0,09152819;2,301613;-0,2585865;-0,1735395;2,306302;0,2966884;0,4084982;2,381312;0,3520595;0,1558653;2,351464;0,3340436;-0,05282412;2,242783;0,3104114;-0,1528976;2,218;0,03933029;0,02420519;2,277303;0,05265553;-0,3945597;2,145514;0,05731091;-0,7347032;2,029679;0,103978;-0,7971159;2,026818;0,1959273;0,01187113;2,291744;0,08810536;-0,4479988;2,194199;0,1562679;-0,7983872;2,289574;0,1218923;-0,7947487;2,189891; 
0,1435107;0,7100711;2,29021;0,1154999;0,09435852;2,29105;0,1115261;0,1588193;2,345719;0,1186544;0,5191163;2,331679;-0,04562216;0,4126375;2,344645;-0,1452968;0,1240359;2,315651;-0,2267476;-0,0910293;2,304268;-0,2607732;-0,1697832;2,310714;0,2957616;0,408168;2,374568;0,3505747;0,1563418;2,346409;0,33185;-0,0523444;2,237791;0,3090357;-0,153096;2,214829;0,0363685;0,02377582;2,274415;0,026673;-0,3823247;2,155327;0,04831024;-0,7322037;2,025784;0,08955993;-0,7985065;2,031097;0,1933149;0,01130391;2,28706;0,09724384;-0,4358972;2,212613;0,1543848;-0,7998482;2,28781;0,1800169;-0,8921562;2,243602; 
0,1433892;0,7103648;2,28494;0,1124084;0,09387885;2,286201;0,1088041;0,1586156;2,340659;0,1173294;0,5196583;2,325874;-0,04774236;0,4120677;2,33968;-0,1460583;0,1242921;2,316087;-0,2281488;-0,09054495;2,305563;-0,2606983;-0,1685703;2,312085;0,2946457;0,4079244;2,369149;0,348729;0,1572015;2,341125;0,3298597;-0,05134062;2,23216;0,3069768;-0,1523949;2,21035;0,03268817;0,02350743;2,270207;0,03944257;-0,4152009;2,162694;0,03675838;-0,7319865;2,023391;0,04492148;-0,7648233;1,938147;0,1902987;0,0103651;2,2823;0,09951854;-0,436784;2,216968;0,1485036;-0,8054705;2,283436;0,1759455;-0,890134;2,238681; 
0,1427661;0,7114357;2,282035;0,1102253;0,09396165;2,28137;0,1066045;0,1587076;2,335813;0,1171906;0,5199347;2,321377;-0,0484001;0,4125036;2,33533;-0,147086;0,1239045;2,315737;-0,2276931;-0,09152237;2,305101;-0,2561506;-0,1703498;2,3122;0,2947246;0,4079063;2,367438;0,3481027;0,1574746;2,338329;0,3286491;-0,05050471;2,228197;0,3065187;-0,1517925;2,20643;0,02955664;0,02364881;2,264449;0,02963253;-0,4261515;2,155013;0,01672154;-0,7370811;2,021235;0,04945019;-0,8012848;1,991624;0,1882051;0,01011229;2,278333;0,1526083;-0,4873195;2,265244;0,14273;-0,8194693;2,278605;0,1720352;-0,8896544;2,236675