;0,3672163;0,5714946;2,591736;0,3485992;0,05162578;2,592747;0,3702271;0,09902854;2,646375;0,4080568;0,40984;2,665873;0,2216261;0,3304396;2,68373;0,1451074;0,07528679;2,681909;0,09695606;-0,141906;2,570522;0,08559281;-0,2077809;2,54651;0,552646;0,3731922;2,608225;0,6393438;0,5907897;2,482581;0,5659853;0,7830026;2,395621;0,5361837;0,8456997;2,410368;0,2603962;-0,01209515;2,60094;0,170762;-0,3323852;2,351912;0,1457642;-0,6613587;2,423759;0,1053197;-0,7335486;2,387113;0,4121365;-0,03292772;2,549344;0,3713952;-0,4971975;2,55106;0,3311493;-0,8332382;2,564142;0,3611104;-0,8955959;2,493961; 
0,3675757;0,5716845;2,591289;0,3490457;0,05188208;2,592218;0,3705249;0,09926026;2,645952;0,408372;0,4102949;2,665779;0,2217787;0,3306164;2,682971;0,1476884;0,07804739;2,678335;0,1005716;-0,1344107;2,570697;0,08930211;-0,2003742;2,546831;0,5532441;0,3730351;2,608023;0,6394758;0,5910313;2,482645;0,5672172;0,783398;2,394994;0,5369807;0,8444313;2,408992;0,2610248;-0,01175728;2,599855;0,1697353;-0,3321759;2,351038;0,1440042;-0,6560631;2,424357;0,1066768;-0,7303962;2,3889;0,412558;-0,03277476;2,548939;0,3693336;-0,5096955;2,554803;0,3313331;-0,830636;2,56515;0,3589656;-0,8927031;2,498752; 
0,3682893;0,576358;2,592552;0,3485405;0,05236036;2,591689;0,3700165;0,0997064;2,645427;0,4081801;0,4107428;2,665267;0,2217069;0,3307175;2,682392;0,1487364;0,0784741;2,675997;0,1026467;-0,1345342;2,573049;0,09146094;-0,2005238;2,549289;0,5532574;0,3730687;2,607854;0,6397356;0,5916386;2,482518;0,5678653;0,7839458;2,39433;0,5381673;0,8438286;2,407317;0,2604259;-0,0111136;2,599088;0,1688078;-0,3319771;2,350049;0,1426179;-0,6565118;2,425594;0,1042272;-0,7294934;2,388691;0,4119704;-0,03233427;2,548583;0,3692733;-0,5098121;2,554801;0,3306923;-0,8314704;2,564715;0,3589385;-0,8927048;2,498747; 
0,3686698;0,5766021;2,592182;0,3490102;0,05256492;2,591002;0,3702137;0,10003;2,644724;0,408145;0,4110487;2,663825;0,2220373;0,3317122;2,680805;0,1497523;0,08063171;2,674506;0,1050295;-0,130568;2,574612;0,09386848;-0,1965738;2,550888;0,5530026;0,3734059;2,607686;0,6409706;0,5910631;2,483472;0,572439;0,7839395;2,393643;0,5314463;0,8684175;2,392631;0,2615985;-0,01077872;2,597885;0,1670068;-0,3310276;2,347707;0,1372854;-0,6587539;2,425112;0,1012747;-0,7321876;2,38692;0,4122427;-0,03200847;2,548368;0,3694662;-0,5017585;2,552051;0,33064;-0,8314697;2,564682;0,3602093;-0,8928379;2,496773; 
0,3693096;0,577159;2,590663;0,3481879;0,05230182;2,590154;0,3692609;0,0998433;2,643853;0,4073431;0,4110864;2,662774;0,2223226;0,3324747;2,678681;0,1500938;0,08078247;2,673959;0,1064468;-0,1284459;2,576363;0,09530053;-0,194459;2,552661;0,5524578;0,3732964;2,606419;0,6412835;0,5910354;2,483636;0,5724674;0,7837505;2,39365;0,531516;0,8682683;2,392422;0,261179;-0,01059673;2,597076;0,1650568;-0,3304452;2,346027;0,1338072;-0,6581652;2,424695;0,09466395;-0,7293239;2,385456;0,4110332;-0,03235617;2,547823;0,3684588;-0,5071051;2,552656;0,3303735;-0,8315777;2,564588;0,3600399;-0,8929163;2,496824; 
0,3687656;0,5781575;2,590478;0,34833;0,05240679;2,589218;0,3692264;0,1000914;2,642797;0,4067526;0,4109381;2,660478;0,2221603;0,3324077;2,677518;0,1507218;0,08117024;2,673854;0,1073899;-0,1272098;2,577329;0,09625112;-0,1932291;2,553638;0,5520738;0,3734964;2,606003;0,6417617;0,5918763;2,483672;0,5725529;0,7843911;2,39353;0,5314489;0,8688335;2,391261;0,2615868;-0,01043339;2,596151;0,1637012;-0,3297901;2,344933;0,1322067;-0,6561325;2,424196;0,09394608;-0,7277704;2,385114;0,4110976;-0,03223748;2,547262;0,3681128;-0,4940977;2,547915;0,3301436;-0,831642;2,564491;0,3593124;-0,8926907;2,497145; 
0,3689673;0,5789104;2,590641;0,3485735;0,05299863;2,58833;0,3692634;0,1005536;2,641968;0,4064577;0,4110731;2,659841;0,2216846;0,3330321;2,676636;0,1510211;0,08099823;2,674015;0,1107263;-0,1224206;2,584251;0,09960079;-0,1884507;2,560584;0,5519636;0,3739049;2,60565;0,6421689;0,5919385;2,483859;0,5738029;0,7867916;2,398988;0,5406846;0,8465051;2,40777;0,2618916;-0,01002155;2,595263;0,1627119;-0,3293993;2,344122;0,1307139;-0,6549911;2,423945;0,09395476;-0,726923;2,384135;0,4114794;-0,03160482;2,546313;0,3707156;-0,4819608;2,545219;0,3301167;-0,8316651;2,564614;0,3592764;-0,8925599;2,497209; 
0,3709928;0,579772;2,59007;0,3489859;0,05286305;2,587737;0,3694908;0,1005701;2,641283;0,4065518;0,4108655;2,658002;0,2224716;0,3326457;2,674808;0,1511717;0,08077856;2,674533;0,1102061;-0,122782;2,585995;0,09908167;-0,1888176;2,562335;0,5520759;0,3741586;2,605249;0,6431842;0,5919837;2,484524;0,571126;0,7999281;2,393388;0,5351996;0,8568024;2,410469;0,262399;-0,01020421;2,594991;0,1618497;-0,3293956;2,343525;0,1280379;-0,6548941;2,42272;0,08911406;-0,724892;2,381689;0,4118806;-0,03170357;2,54569;0,3690124;-0,5010831;2,548356;0,3297715;-0,8317943;2,563839;0,3597497;-0,8945018;2,492061; 
0,3713147;0,5802174;2,589951;0,3492703;0,05327332;2,587071;0,3698071;0,1010428;2,640492;0,4061009;0,4111074;2,65655;0,221889;0,3328374;2,674694;0,151765;0,0803881;2,675064;0,1099946;-0,1227624;2,586304;0,08837729;-0,188251;2,578876;0,5511845;0,3735434;2,603857;0,642949;0,5926677;2,483958;0,5756115;0,7879438;2,397161;0,5416699;0,8487582;2,407791;0,2626195;-0,01005946;2,594616;0,1612752;-0,3294693;2,343181;0,1257094;-0,652849;2,421591;0,08357464;-0,7216415;2,381844;0,4124262;-0,03115276;2,544967;0,3688036;-0,4988267;2,54787;0,3298073;-0,8317522;2,563569;0,3597558;-0,894663;2,492206; 
0,3719595;0,5811046;2,590456;0,3493665;0,05319057;2,586601;0,369762;0,1011781;2,63992;0,405482;0,4114799;2,654895;0,2217904;0,333155;2,673883;0,1517601;0,08031758;2,675313;0,1089021;-0,1254893;2,588361;0,08415337;-0,1899138;2,581538;0,5508093;0,3735559;2,603461;0,6430592;0,5927264;2,483935;0,5768067;0,7878627;2,397829;0,5361084;0,872352;2,394852;0,2628647;-0,01011547;2,594246;0,160918;-0,3293734;2,342927;0,1237619;-0,6524902;2,421613;0,08358625;-0,7220988;2,381409;0,412517;-0,03118113;2,544763;0,3678437;-0,5049674;2,54953;0,3301482;-0,8327901;2,562302;0,3581944;-0,8946526;2,496803; 
0,3734961;0,5837716;2,590395;0,3492553;0,05309275;2,585871;0,3697484;0,10125;2,639176;0,4054528;0,4125078;2,654196;0,2221348;0,3327591;2,672429;0,1518206;0,07937299;2,675443;0,1062566;-0,1295567;2,588381;0,08262917;-0,19435;2,581237;0,5505477;0,3737719;2,601539;0,6433951;0,5925155;2,483795;0,5772076;0,7877002;2,397743;0,5378931;0,8728446;2,395586;0,2627825;-0,01013351;2,59351;0,1606409;-0,3295862;2,343002;0,124079;-0,6509066;2,422411;0,08651984;-0,7212265;2,381083;0,4124611;-0,03120853;2,544298;0,3688373;-0,492349;2,546892;0,3291965;-0,8317996;2,562727;0,3570623;-0,8936313;2,497163; 
0,3740171;0,5879198;2,592362;0,3495674;0,05388624;2,58495;0,3700313;0,1021714;2,638119;0,4054242;0,4134735;2,652714;0,2217813;0,3331237;2,671361;0,1514642;0,07839146;2,675145;0,1050348;-0,1320226;2,587586;0,0781769;-0,1958378;2,583949;0,5505647;0,3747072;2,600215;0,6434356;0,5930535;2,482405;0,5726519;0,7957844;2,396439;0,5413107;0,8562324;2,409505;0,2630199;-0,009871373;2,592835;0,1602245;-0,3297246;2,342957;0,1239655;-0,6527984;2,423141;0,08677234;-0,7229676;2,381377;0,4129549;-0,0301005;2,543445;0,3692709;-0,4861926;2,544925;0,3291238;-0,8313561;2,563249;0,3563865;-0,8926533;2,499829; 
0,3738555;0,5895011;2,592187;0,3498667;0,05395305;2,583511;0,3700301;0,1023294;2,636887;0,4047721;0,4142896;2,652123;0,2219568;0,3334748;2,668697;0,1510464;0,07784072;2,675238;0,09240509;-0,1224345;2,596837;0,07462271;-0,2127188;2,578396;0,5497569;0,3741646;2,598378;0,6439299;0,5932989;2,48166;0,572667;0,7991558;2,396321;0,54092;0,8592634;2,410138;0,2635375;-0,009802863;2,590988;0,1600011;-0,3300684;2,343093;0,1241124;-0,6532498;2,423487;0,08774036;-0,7247471;2,383432;0,4136844;-0,02969296;2,542036;0,367673;-0,4944804;2,547005;0,3291127;-0,8324477;2,562651;0,3560553;-0,8929449;2,500468; 
0,3739661;0,5927249;2,595686;0,3497993;0,05370276;2,582909;0,3698751;0,1022598;2,636348;0,4044033;0,4150366;2,651696;0,2222703;0,3333369;2,667008;0,1504066;0,07545669;2,674098;0,09053732;-0,1244158;2,595565;0,07357062;-0,2149625;2,577318;0,5499647;0,3739547;2,597047;0,6461992;0,5853579;2,482381;0,5791995;0,7864529;2,398392;0,5450023;0,8551061;2,408643;0,2634485;-0,01048148;2,589756;0,159664;-0,3304373;2,343776;0,1261032;-0,6535294;2,425965;0,08999121;-0,7243437;2,384643;0,4137227;-0,02969521;2,541896;0,3677259;-0,5013999;2,548377;0,3290279;-0,8320835;2,562609;0,3551071;-0,8927047;2,500404; 
0,3740335;0,5925115;2,595769;0,3497381;0,0534912;2,582406;0,3698587;0,1021988;2,635786;0,4050128;0,4155263;2,650712;0,2225326;0,3334452;2,666059;0,1490941;0,07419749;2,673593;0,09412758;-0,1381057;2,586314;0,08332133;-0,207695;2,578481;0,5498028;0,3737756;2,596266;0,6468351;0,5825779;2,482505;0,5760062;0,7953967;2,395598;0,5452335;0,856289;2,408234;0,2634888;-0,01052267;2,589513;0,1596482;-0,3314965;2,344783;0,126843;-0,6592709;2,428077;0,09291214;-0,7300718;2,385077;0,4134221;-0,02990499;2,541481;0,3679565;-0,5055015;2,549014;0,3294067;-0,8319696;2,561788;0,3557505;-0,892967;2,497977; 
0,3747996;0,5946788;2,595729;0,3497107;0,05364339;2,582017;0,3697288;0,1024894;2,635315;0,4055212;0,415959;2,649646;0,2220865;0,3341339;2,66433;0,1476304;0,07322577;2,67332;0,08475639;-0,1231743;2,587514;0,07435605;-0,2139122;2,565643;0,5496849;0,3743551;2,595577;0,6472684;0,5811208;2,482156;0,5832566;0,7819332;2,394859;0,5476056;0,8563932;2,407738;0,2634802;-0,01047227;2,589294;0,1599408;-0,3334766;2,346315;0,1298751;-0,6630704;2,431035;0,09435471;-0,7322856;2,386908;0,4132591;-0,02973574;2,541176;0,3712986;-0,4838653;2,543015;0,3296334;-0,8310881;2,560954;0,3557447;-0,8927566;2,498153; 
0,3745818;0,5958159;2,596977;0,3496784;0,05351102;2,581707;0,3697925;0,1024137;2,634987;0,4058774;0,4161971;2,649365;0,2221749;0,3343475;2,663428;0,1463692;0,07191712;2,672979;0,08487514;-0,1337037;2,582597;0,0746998;-0,2170146;2,558345;0,5495322;0,3729181;2,593953;0,6476362;0,5829694;2,480233;0,5841388;0,779331;2,394831;0,5485413;0,855083;2,40657;0,2634897;-0,0104726;2,588762;0,1611948;-0,3350384;2,347818;0,1322814;-0,6637419;2,431485;0,09750437;-0,7341825;2,38889;0,4131545;-0,0298129;2,541108;0,3713015;-0,4838665;2,543;0,3290491;-0,8318916;2,561754;0,3554812;-0,8925931;2,498176; 
0,375038;0,5971731;2,598998;0,3495939;0,05357529;2,581527;0,3696321;0,1025691;2,634807;0,4057783;0,4169323;2,649247;0,2216937;0,3341157;2,662705;0,1455939;0,07178929;2,672771;0,08570399;-0,1450352;2,571105;0,07125087;-0,217287;2,552123;0,5497221;0,3729987;2,593698;0,6484163;0,5842951;2,479349;0,5841283;0,7803259;2,39371;0,5495364;0,8544181;2,405932;0,2632673;-0,01043952;2,588364;0,1627328;-0,3364326;2,348835;0,1337429;-0,6624839;2,432331;0,09930288;-0,7335808;2,390713;0,4131396;-0,02981566;2,541071;0,3713743;-0,4838123;2,543037;0,3291566;-0,8321933;2,561502;0,3552243;-0,8928105;2,498445; 
0,3763944;0,5988615;2,600766;0,349592;0,05349309;2,581058;0,3696432;0,1025113;2,634361;0,4060299;0,4170561;2,649031;0,2216774;0,334207;2,66229;0,1451492;0,07230668;2,672784;0,07723718;-0,1187003;2,577684;0,06584653;-0,2070248;2,547848;0,549982;0,3729856;2,593459;0,6492419;0,5828342;2,479923;0,5850227;0,7788048;2,394029;0,5504415;0,8544767;2,405225;0,2632608;-0,01051853;2,587886;0,1640163;-0,3382803;2,350098;0,1377208;-0,6583876;2,435061;0,10627;-0,7316176;2,394946;0,4130132;-0,03001126;2,540582;0,3708514;-0,5124179;2,552465;0,3298174;-0,8324339;2,561147;0,3551687;-0,8929184;2,499029; 
0,3767373;0,5992717;2,601002;0,349399;0,05341266;2,580608;0,3693165;0,1025454;2,633941;0,4061914;0,4174705;2,648511;0,2223287;0,3340976;2,660457;0,1436121;0,07521029;2,672011;0,08129261;-0,1447572;2,55388;0,07127107;-0,2130319;2,544127;0,5502617;0,3730308;2,593206;0,6495824;0,5840436;2,479189;0,5848265;0,7799597;2,393594;0,5512778;0,8543456;2,404358;0,2628351;-0,01049385;2,587036;0,1647093;-0,3381159;2,350137;0,1386603;-0,6586689;2,43598;0,1071354;-0,732158;2,39655;0,4129331;-0,03005229;2,540509;0,3707139;-0,5128759;2,552648;0,330157;-0,8326558;2,56141;0,3551418;-0,8930439;2,499699; 
0,3768718;0,5991455;2,60085;0,3493007;0,0533167;2,580559;0,3692083;0,1025228;2,633911;0,4064682;0,4176814;2,648446;0,2225526;0,3341973;2,659657;0,1422839;0,07641599;2,671524;0,0826693;-0,1127959;2,566431;0,072257;-0,2033115;2,543459;0,5507739;0,3732213;2,592926;0,6500237;0,5820106;2,479895;0,5861631;0,7780889;2,393929;0,5524393;0,8551812;2,403763;0,2627213;-0,01060874;2,587079;0,1654408;-0,3382485;2,3506;0,1407888;-0,6596133;2,436417;0,1084878;-0,7332839;2,398127;0,4125894;-0,03030648;2,540386;0,373697;-0,488932;2,547579;0,3303613;-0,8324956;2,561507;0,3561065;-0,8942673;2,498757; 
0,3772272;0,599207;2,600504;0,3494036;0,05325245;2,580305;0,3693383;0,1025053;2,633658;0,4071936;0,4181102;2,648303;0,2228728;0,3337573;2,659119;0,1412998;0,07738379;2,670576;0,08117284;-0,1119096;2,565984;0,06934161;-0,2010166;2,538358;0,5514634;0,3734812;2,592692;0,6502664;0,5789249;2,481143;0,5878537;0,7750851;2,394157;0,5531107;0,8551769;2,403444;0,262742;-0,01065154;2,586875;0,1661597;-0,3389871;2,350947;0,1408928;-0,6621251;2,436066;0,1091818;-0,7358187;2,397484;0,412673;-0,03045077;2,540127;0,374122;-0,487733;2,547536;0,3304687;-0,8324231;2,561411;0,3559837;-0,8941593;2,499573; 
0,3771562;0,5993984;2,600823;0,3490997;0,05306627;2,580211;0,3690549;0,1023998;2,633528;0,4070788;0,4181262;2,648045;0,2229749;0,3338553;2,659026;0,1408165;0,07858096;2,670202;0,07945727;-0,1374456;2,545533;0,07101042;-0,2111429;2,53571;0,5516841;0,3733938;2,592772;0,6511165;0,5811788;2,479674;0,5872373;0,7771028;2,393306;0,5534952;0,8556066;2,402548;0,2625073;-0,0107942;2,586893;0,1667277;-0,339503;2,35112;0,14102;-0,6630286;2,436059;0,1104383;-0,7368764;2,397023;0,4121673;-0,03075711;2,540088;0,3743946;-0,4867274;2,547523;0,3305862;-0,8329877;2,561522;0,355803;-0,8941988;2,500496; 
0,3773848;0,5987357;2,600462;0,3494673;0,05320318;2,579884;0,3694094;0,102536;2,63324;0,4077009;0,4185523;2,648179;0,2231816;0,3341101;2,658921;0,140229;0,08041479;2,669569;0,07919444;-0,1389049;2,545226;0,07200217;-0,2099889;2,530353;0,5523002;0,3733391;2,592821;0,6521597;0,578571;2,481369;0,5897537;0,7744905;2,393746;0,5542978;0,8559906;2,402231;0,2630128;-0,01061333;2,586281;0,1671674;-0,33975;2,35091;0,1408999;-0,6638625;2,435484;0,1133379;-0,7381419;2,395196;0,4124037;-0,03065662;2,539898;0,3747543;-0,4858658;2,547834;0,3319016;-0,8300287;2,562412;0,3571263;-0,8941894;2,499419; 
0,3778322;0,5987303;2,600116;0,3495546;0,05282177;2,579601;0,3694629;0,1022682;2,633077;0,4078972;0,4186738;2,648491;0,2235258;0,3341423;2,658773;0,1398265;0,08045934;2,669378;0,0791074;-0,1389131;2,545038;0,07270366;-0,2087237;2,5272;0,5527987;0,3735718;2,59295;0,652552;0,5800866;2,480997;0,5902591;0,7759314;2,393086;0,5558999;0,8548914;2,401359;0,2635951;-0,01129713;2,585607;0,1680306;-0,3401193;2,350671;0,1403501;-0,6654862;2,434277;0,1161364;-0,740364;2,393115;0,4122264;-0,03085703;2,539713;0,3763891;-0,4778318;2,546917;0,331245;-0,8294879;2,562687;0,3557741;-0,8931816;2,503028; 
0,3781816;0,5991232;2,599433;0,3498903;0,05290201;2,579358;0,3697518;0,1023225;2,632866;0,4082685;0,4187627;2,648553;0,224376;0,3344301;2,658266;0,1391304;0,08100358;2,669044;0,07873435;-0,1400194;2,544567;0,07276948;-0,2087662;2,527084;0,5535169;0,3734999;2,592823;0,6534455;0,5818645;2,48033;0,5902362;0,7774399;2,392478;0,5560088;0,8549913;2,40128;0,2639673;-0,01102958;2,585067;0,169157;-0,3411089;2,350581;0,140899;-0,6650271;2,433837;0,1170265;-0,7402206;2,393205;0,4125557;-0,0307768;2,539646;0,372396;-0,5132307;2,55615;0,33189;-0,8297248;2,56278;0,3589574;-0,894302;2,50005; 
0,3818066;0,5987293;2,596189;0,3514249;0,05256005;2,57876;0,3710986;0,1019279;2,632298;0,4089975;0,418276;2,6483;0,2245684;0,3345456;2,658259;0,1388872;0,08145228;2,668952;0,07889469;-0,1421636;2,544048;0,0736488;-0,2091146;2,525973;0,5539858;0,3734371;2,593112;0,653824;0,5823911;2,480415;0,5908129;0,7779627;2,39238;0,5570395;0,8551278;2,401634;0,2661772;-0,01134565;2,583938;0,1695611;-0,3409697;2,349916;0,1412283;-0,6644061;2,432938;0,1183895;-0,7393434;2,391403;0,4137968;-0,03104149;2,539476;0,3745831;-0,4965099;2,552266;0,3324643;-0,8306131;2,562492;0,3581324;-0,8943803;2,50173; 
0,3831515;0,5970303;2,596166;0,3509752;0,05192383;2,578775;0,3707634;0,1012808;2,632303;0,4099029;0,4171923;2,648388;0,2249825;0,334667;2,658147;0,1381744;0,08260833;2,669015;0,07856677;-0,1435285;2,544203;0,07389014;-0,2103702;2,525739;0,5546899;0,3727128;2,593522;0,6558601;0,5764248;2,484377;0,5941563;0,771966;2,395204;0,5588446;0,8545901;2,401891;0,2655772;-0,0116271;2,583768;0,1703292;-0,3407238;2,349555;0,1418853;-0,6634762;2,431494;0,1210285;-0,7382907;2,388854;0,4127927;-0,03205328;2,539965;0,374399;-0,4948415;2,551699;0,3327273;-0,8303464;2,562741;0,3586372;-0,8946983;2,498727; 
0,385085;0,5956092;2,596263;0,3509306;0,051445;2,578666;0,3707375;0,1007813;2,632175;0,4112962;0,4163535;2,647963;0,2259206;0,3348942;2,657923;0,1373539;0,08356053;2,669162;0,0783307;-0,1425681;2,54668;0,07354383;-0,2096053;2,526744;0,5554588;0,3723438;2,594137;0,6562361;0,575712;2,48489;0,5957491;0,7717917;2,39614;0,5599499;0,8539453;2,402253;0,2654467;-0,01181348;2,583662;0,1720304;-0,3409027;2,34852;0,1438179;-0,6678292;2,426718;0,1201819;-0,7422527;2,385005;0,4125711;-0,03255988;2,540062;0,3745888;-0,4929947;2,550896;0,3325921;-0,8307475;2,562917;0,3582385;-0,8948107;2,499156; 
0,3857825;0,5950253;2,595355;0,3511058;0,05140152;2,57863;0,3708456;0,1007416;2,632111;0,4118145;0,4158423;2,647352;0,2274747;0,3350915;2,657491;0,1372463;0,0835304;2,669089;0,07840459;-0,1441076;2,547447;0,07324264;-0,2105478;2,527714;0,5564329;0,3720917;2,594669;0,658201;0,5800734;2,483714;0,5956722;0,7756971;2,395438;0,5605348;0,8537596;2,402386;0,2654635;-0,01181225;2,58364;0,1726343;-0,3411694;2,347912;0,1463275;-0,6694099;2,423039;0,1218431;-0,7425161;2,379673;0,4129462;-0,03255006;2,540219;0,374593;-0,4916382;2,55056;0,3327893;-0,831319;2,562608;0,3595074;-0,8946921;2,49722; 
0,3894128;0,5917854;2,596098;0,3515973;0,05122846;2,578684;0,3711093;0,1004959;2,632212;0,4121173;0,4152995;2,647598;0,2283294;0,3349974;2,657153;0,1370611;0,08362734;2,669334;0,07854694;-0,1460664;2,54858;0,07296143;-0,2127095;2,529674;0,5584722;0,3712893;2,595531;0,6594682;0,5823684;2,483622;0,5954186;0,7772887;2,394788;0,5615586;0,8526911;2,402915;0,2657344;-0,01184152;2,583578;0,1735459;-0,3413503;2,347111;0,1487891;-0,6738645;2,419752;0,122642;-0,7457601;2,375494;0,4137541;-0,03293244;2,540427;0,3746217;-0,4896514;2,550226;0,3324957;-0,8320907;2,563155;0,3590712;-0,8944634;2,497974; 
0,3898706;0,5917626;2,596043;0,3522055;0,05125875;2,578838;0,3716128;0,1004344;2,632383;0,4129475;0,4148583;2,647836;0,229914;0,3348817;2,656305;0,136989;0,08370118;2,669376;0,0787233;-0,1473594;2,551168;0,07235383;-0,2148229;2,535761;0,5601736;0,3716941;2,595977;0,6617451;0,5772167;2,486909;0,597815;0,7718068;2,39714;0,5626305;0,8519254;2,403009;0,2663064;-0,01157363;2,583598;0,1744798;-0,3416201;2,346586;0,1506173;-0,6763671;2,417406;0,1207063;-0,7475738;2,374597;0,4142726;-0,03303161;2,54073;0,3745773;-0,489102;2,55003;0,3323655;-0,8333586;2,56272;0,3589544;-0,8942927;2,498165; 
0,3946468;0,5922883;2,593908;0,3525852;0,05120827;2,578876;0,3718861;0,1002921;2,63243;0,4138048;0,4140831;2,647774;0,2308516;0,3344547;2,656225;0,1370584;0,08380562;2,66943;0,07820629;-0,1484467;2,553037;0,0713344;-0,2160296;2,538406;0,562407;0,3719379;2,597212;0,6636673;0,5743727;2,48876;0,5997115;0,7686855;2,39833;0,563489;0,850936;2,402758;0,266502;-0,01147872;2,583438;0,1754186;-0,3417711;2,346265;0,1507809;-0,6760654;2,415602;0,1215196;-0,748042;2,373803;0,4148009;-0,03334097;2,541137;0,3746064;-0,488923;2,549975;0,3327363;-0,8342808;2,562645;0,3574679;-0,8952883;2,501605; 
0,3948711;0,5922241;2,593924;0,3535625;0,05123067;2,578968;0,3724727;0,100358;2,632514;0,4138032;0,4141056;2,647774;0,2313213;0,3344473;2,656257;0,136952;0,08405321;2,669784;0,07714359;-0,1487181;2,555671;0,07087711;-0,2161745;2,540245;0,5633692;0,3719205;2,598027;0,6652629;0,5813406;2,48534;0,5986831;0,7747596;2,394871;0,5659807;0,8476607;2,400571;0,2677157;-0,01127794;2,583289;0,1760716;-0,3421252;2,345732;0,1514936;-0,6791724;2,413912;0,1198532;-0,7497658;2,371667;0,4162067;-0,03351717;2,541575;0,3743206;-0,4890276;2,54998;0,3321123;-0,8346363;2,562627;0,3570166;-0,8947576;2,50189; 
0,3955117;0,5921788;2,59414;0,3543416;0,05128577;2,579102;0,3731007;0,1003492;2,632731;0,4148166;0,4140528;2,648329;0,2321237;0,3346941;2,655813;0,1372742;0,0853815;2,670297;0,07703479;-0,1495864;2,557679;0,07076968;-0,2168681;2,541559;0,5649999;0,3715856;2,599108;0,665706;0,5817508;2,485095;0,6009058;0,7751481;2,393072;0,5698431;0,8467437;2,398409;0,2683149;-0,01121322;2,583103;0,1770363;-0,3426276;2,345379;0,1528953;-0,6802216;2,4124;0,1191144;-0,7503498;2,371229;0,4168897;-0,03348283;2,541905;0,3716182;-0,5166459;2,557071;0,3320734;-0,8349825;2,562254;0,3570613;-0,8947911;2,501697; 
0,4011247;0,5892274;2,594419;0,3549402;0,05083029;2,57937;0,3737627;0,09989829;2,633035;0,4165358;0,4141468;2,648943;0,2341527;0,3343954;2,655286;0,1369574;0,08652183;2,670473;0,0802403;-0,1210584;2,577893;0,07070329;-0,2091581;2,546455;0,5655379;0,3707293;2,599534;0,6691433;0,5753946;2,488616;0,6048363;0,7678735;2,394006;0,5713238;0,8453103;2,394504;0,268967;-0,01127568;2,583348;0,1775281;-0,3431523;2,345392;0,1551158;-0,6766739;2,412372;0,1202855;-0,7477366;2,373939;0,4170878;-0,03381069;2,542177;0,3754922;-0,4900904;2,550642;0,3323557;-0,8330482;2,563007;0,3568098;-0,8942308;2,501861; 
0,4012862;0,5891089;2,594523;0,355495;0,05034693;2,579396;0,3743506;0,0995061;2,633115;0,4184517;0,4149794;2,649602;0,2353814;0,3346988;2,655065;0,1369464;0,08685836;2,67073;0,07929329;-0,1229545;2,577664;0,0699852;-0,2116967;2,547916;0,5662046;0,3694056;2,599801;0,6705566;0,5719892;2,490157;0,6061578;0,767132;2,39217;0,5731518;0,8435143;2,391536;0,2696863;-0,01126878;2,583169;0,177883;-0,3433002;2,34514;0,1535373;-0,6797748;2,412256;0,1195253;-0,7502491;2,372215;0,4172501;-0,03434623;2,542421;0,3742471;-0,5017186;2,553967;0,3327486;-0,8328812;2,563069;0,3615179;-0,8968561;2,493578; 
0,4016715;0,589688;2,595209;0,3555514;0,05048701;2,579521;0,3741416;0,09964267;2,633237;0,4184128;0,4149639;2,649556;0,2358132;0,3349433;2,654845;0,1369424;0,08722017;2,671119;0,07926957;-0,1227812;2,577707;0,06967609;-0,2120667;2,549622;0,5679508;0,3698433;2,601275;0,673196;0,577312;2,486709;0,6076032;0,7682868;2,389633;0,5745336;0,8432381;2,38941;0,2698072;-0,01097602;2,583313;0,1781653;-0,3431963;2,34481;0,1530287;-0,6837036;2,412067;0,1199253;-0,7539312;2,371015;0,4172208;-0,03437213;2,542613;0,3744949;-0,4987605;2,552933;0,3331483;-0,8326131;2,563252;0,3625408;-0,8970559;2,49276; 
0,4032985;0,588819;2,594508;0,3565179;0,04986733;2,579415;0,3749317;0,09924238;2,633142;0,4186278;0,4150395;2,649455;0,236812;0,3350151;2,65458;0,137303;0,0880456;2,671566;0,07959017;-0,1219174;2,578108;0,06994975;-0,2112266;2,550006;0,5687432;0,3692771;2,601312;0,6736478;0,573681;2,487483;0,6094978;0,7664486;2,388944;0,5764288;0,8443304;2,389845;0,2715967;-0,01160629;2,583065;0,178461;-0,3434424;2,344643;0,153076;-0,6842079;2,411998;0,1205594;-0,7545482;2,370826;0,417735;-0,03493955;2,542691;0,3749306;-0,4926164;2,55182;0,3331383;-0,8326586;2,563382;0,3626282;-0,8966075;2,492905; 
0,4040639;0,5906411;2,596446;0,3564249;0,04982094;2,579485;0,3748321;0,09921692;2,633202;0,4186626;0,4150213;2,649488;0,2372133;0,3350851;2,654458;0,1371072;0,08840342;2,671721;0,0815464;-0,1083455;2,580946;0,07031181;-0,1975024;2,552975;0,5693492;0,3682967;2,601303;0,6744235;0,5689456;2,487889;0,6203527;0,7610841;2,385463;0,5816274;0,8467968;2,382113;0,2712616;-0,01143123;2,583111;0,178684;-0,3436184;2,344469;0,1527291;-0,6843382;2,412416;0,1211532;-0,7549301;2,371092;0,4175583;-0,03520898;2,542933;0,3733744;-0,5039254;2,554866;0,3340456;-0,8327339;2,563087;0,3643703;-0,8964611;2,491095; 
0,4045581;0,591502;2,596789;0,3563323;0,04972823;2,579605;0,3747731;0,09913118;2,633281;0,4196318;0,4144779;2,649286;0,2378808;0,33532;2,654377;0,136725;0,08903906;2,671481;0,08249389;-0,1083894;2,58152;0,0708418;-0,1970227;2,552116;0,5706197;0,3676905;2,601357;0,6767892;0,5606043;2,48946;0,6248837;0,7537174;2,387879;0,5864791;0,839578;2,384827;0,2710451;-0,01130198;2,583252;0,1787813;-0,343709;2,344471;0,1529604;-0,6831735;2,413386;0,1251473;-0,7552515;2,372081;0,4168857;-0,03594067;2,543405;0,3735994;-0,5113032;2,556435;0,3352448;-0,8348191;2,563163;0,3659395;-0,8975914;2,488966; 
0,4057466;0,5914919;2,59762;0,3558021;0,04934658;2,57996;0,3743385;0,09886062;2,633596;0,4206499;0,414431;2,649816;0,2387247;0,3356139;2,653994;0,1364589;0,09059391;2,671607;0,08332029;-0,1071418;2,581711;0,07037958;-0,1948837;2,550055;0,5722277;0,3654012;2,601959;0,6793073;0,5548322;2,48813;0,6314895;0,7515351;2,384052;0,5955469;0,831539;2,382178;0,2701937;-0,01125491;2,583312;0,1788534;-0,3437279;2,344545;0,1566519;-0,6686547;2,427602;0,1339771;-0,7410525;2,383923;0,4155143;-0,03698802;2,544442;0,3742258;-0,5022514;2,556083;0,3359566;-0,8352695;2,563676;0,3646805;-0,8938183;2,494878; 
0,405983;0,5914448;2,597703;0,3562306;0,04879538;2,579773;0,374434;0,09847336;2,633591;0,4206975;0,4146258;2,650324;0,2391701;0,335616;2,65368;0,1360054;0,09098674;2,671107;0,08368387;-0,1068167;2,580883;0,07072426;-0,1946423;2,54939;0,5742049;0,3645843;2,602972;0,6882983;0,5420609;2,485569;0,6420049;0,7477554;2,363538;0,6219757;0,8075779;2,347538;0,2709523;-0,01216683;2,582088;0,1788806;-0,3439372;2,344736;0,1543985;-0,66738;2,432519;0,1363077;-0,7411127;2,389063;0,4160963;-0,03765418;2,544489;0,3713326;-0,5141786;2,559504;0,3367153;-0,835349;2,563909;0,3647069;-0,8927967;2,495515; 
0,4063317;0,5918095;2,597924;0,3559256;0,04894609;2,580241;0,3737991;0,09857322;2,634166;0,4209762;0,4147076;2,651261;0,2386609;0,3350661;2,653184;0,1347245;0,09134543;2,669783;0,08367787;-0,1069745;2,580134;0,07085526;-0,1947465;2,548308;0,5785472;0,3612069;2,604438;0,7055248;0,5109259;2,483054;0,6713122;0,6903304;2,342376;0,6484874;0,7580346;2,319234;0,2699161;-0,01193715;2,582105;0,1780129;-0,3436736;2,345339;0,1545267;-0,6697236;2,438311;0,1357695;-0,7449213;2,397892;0,4157799;-0,03827232;2,545344;0,3726843;-0,5016136;2,557052;0,3376585;-0,8341262;2,564317;0,3651011;-0,8938815;2,49272