;0,2217054;0,8543393;2,570768;0,1370934;0,2441621;2,597512;0,1489592;0,3077694;2,651851;0,202514;0,6617709;2,631617;0,02170092;0,5638357;2,646271;-0,09961581;0,3302547;2,719264;-0,1718676;0,1008715;2,681459;-0,1979254;-0,005146541;2,666567;0,4044707;0,5658475;2,643629;0,6566509;0,6015118;2,583607;0,8532106;0,7341677;2,487679;0,9771348;0,8363543;2,460361;0,03934432;0,1729313;2,590471;-0,2331539;-0,3388052;2,576947;-0,4303932;-0,7085721;2,671794;-0,4906449;-0,7790022;2,633998;0,2066286;0,1467975;2,585913;0,130198;-0,4314557;2,613513;0,09936225;-0,8171369;2,597961;0,1178957;-0,8943909;2,540358; 
0,2213596;0,855345;2,571666;0,1369551;0,2444157;2,598219;0,148919;0,3081243;2,651935;0,2031171;0,662107;2,631608;0,02143459;0,5646363;2,646165;-0,0987947;0,334271;2,719285;-0,1700058;0,1140911;2,686691;-0,1952146;0,008174814;2,669776;0,4045043;0,5657923;2,643189;0,6566179;0,6013035;2,582678;0,854346;0,7350785;2,487003;0,9678127;0,8313341;2,458745;0,03906839;0,1731707;2,591103;-0,2325919;-0,3393118;2,577841;-0,4308751;-0,7100787;2,668548;-0,4911695;-0,7814186;2,632517;0,2064977;0,1469058;2,587061;0,1305246;-0,4316676;2,613859;0,09889504;-0,817223;2,598338;0,1179084;-0,8944317;2,540373; 
0,221462;0,855747;2,57214;0,1363543;0,244669;2,599345;0,1484457;0,3085278;2,65229;0,2031098;0,6621562;2,631599;0,02143307;0,5654215;2,646194;-0,09907795;0,3355447;2,718948;-0,1743052;0,1050388;2,685252;-0,1979335;-0,001238272;2,668312;0,40426;0,5655803;2,64273;0,6686294;0,6052047;2,57657;0,8526501;0,7338308;2,48687;0,9608545;0,8301768;2,456246;0,03864293;0,1736592;2,592094;-0,232131;-0,339464;2,578617;-0,4303689;-0,710033;2,670659;-0,4898602;-0,7811592;2,632853;0,205584;0,1470002;2,58902;0,1307968;-0,432644;2,614558;0,09924648;-0,817768;2,598429;0,1177725;-0,8943912;2,540747; 
0,2213755;0,8558181;2,572049;0,1361956;0,2448541;2,599809;0,1483944;0,3087522;2,65229;0,2035501;0,6623182;2,63197;0,02127695;0,5668743;2,646546;-0,09968237;0,3390005;2,718863;-0,1795489;0,09896091;2,682989;-0,2025354;-0,007673532;2,667475;0,4041643;0,565591;2,642426;0,665239;0,6039663;2,575897;0,8509581;0,7327214;2,486575;0,9575238;0,8291867;2,454497;0,03843994;0,1739047;2,592577;-0,2311901;-0,3390598;2,579218;-0,4288821;-0,7095981;2,672863;-0,4884199;-0,7798643;2,633487;0,2054077;0,147119;2,589357;0,131112;-0,4324731;2,615101;0,09943833;-0,8184477;2,598382;0,1177919;-0,8944065;2,541195; 
0,2216529;0,8558875;2,572275;0,1358224;0,2449145;2,600667;0,148099;0,3089167;2,652622;0,2037769;0,6623504;2,632321;0,02133818;0,5675163;2,646588;-0,1003928;0,3402426;2,718365;-0,1844154;0,09561068;2,680542;-0,2144938;-0,008863844;2,662637;0,404175;0,5656613;2,642343;0,6709951;0,6061044;2,572519;0,8497095;0,7316123;2,48653;0,958231;0,831973;2,454379;0,03793444;0,1741557;2,593723;-0,230751;-0,3394138;2,580154;-0,4295008;-0,7098122;2,673109;-0,4885998;-0,7802047;2,633237;0,2050326;0,1470267;2,589995;0,1310509;-0,4327011;2,615395;0,09887207;-0,8189549;2,598398;0,1179368;-0,8945069;2,541481; 
0,2215624;0,855807;2,572197;0,135653;0,2448588;2,601112;0,148008;0,3089317;2,65257;0,2039553;0,6622515;2,632443;0,02128725;0,5678274;2,646799;-0,1011978;0,3406768;2,71826;-0,1865769;0,09469187;2,679366;-0,2165785;-0,009867974;2,661842;0,4040311;0,5656604;2,642178;0,6631292;0,6023482;2,573524;0,8549122;0,7357326;2,483844;0,9556963;0,8313671;2,454371;0,03772724;0,1741807;2,594251;-0,2303672;-0,3396285;2,580964;-0,4293166;-0,710115;2,673933;-0,4883474;-0,7801147;2,633216;0,2048394;0,1469399;2,590412;0,1311384;-0,4326981;2,615541;0,09896215;-0,8197834;2,598049;0,117913;-0,8946298;2,541476; 
0,2215408;0,8557724;2,572397;0,1356509;0,2449436;2,601621;0,1480364;0,3090412;2,652645;0,2040721;0,662149;2,632738;0,02143052;0,5681351;2,647155;-0,1019851;0,3415052;2,7178;-0,189998;0,09323724;2,676131;-0,2181678;0,02169107;2,649239;0,4040354;0,5656991;2,6421;0,668209;0,6033162;2,572844;0,8553785;0,7369503;2,482162;0,9513867;0,8441029;2,457843;0,03780785;0,1742208;2,59458;-0,2300775;-0,3394717;2,581777;-0,4296879;-0,7084761;2,678653;-0,4871229;-0,7788509;2,636228;0,2047759;0,1471076;2,591075;0,1313238;-0,4326577;2,615859;0,09904083;-0,8186795;2,598339;0,1178555;-0,8946801;2,541442; 
0,221564;0,8557134;2,572568;0,1355952;0,24541;2,602522;0,148157;0,3094576;2,653216;0,2052976;0,6624198;2,633922;0,02141406;0,5686857;2,647634;-0,1033795;0,3415263;2,71702;-0,1916605;0,09418919;2,673133;-0,2181169;0,02113205;2,648576;0,4040622;0,5658697;2,642003;0,6705251;0,6032908;2,571955;0,846259;0,7316458;2,483989;0,9508747;0,8451848;2,456889;0,03766445;0,1748469;2,595359;-0,230117;-0,3397561;2,582887;-0,4354844;-0,7076247;2,674207;-0,4901155;-0,7816174;2,634243;0,2045476;0,1473801;2,591927;0,1313016;-0,4325477;2,61602;0,09898122;-0,8186104;2,598424;0,1179408;-0,8947302;2,541527; 
0,2216835;0,8559951;2,573366;0,1356995;0,2456123;2,602998;0,1483448;0,309647;2,653388;0,2061631;0,6623994;2,634451;0,02159367;0,5688242;2,647971;-0,1038276;0,3422964;2,71657;-0,1916499;0,09634404;2,670947;-0,2168461;0,02258992;2,647094;0,4041361;0,5661239;2,642137;0,6627662;0,5996757;2,572759;0,845408;0,7306974;2,48349;0,9435676;0,8393309;2,45261;0,03784421;0,1750335;2,595716;-0,2302341;-0,3397225;2,583605;-0,4342459;-0,7084717;2,675122;-0,4899777;-0,7819087;2,635595;0,2044098;0,1476669;2,592514;0,1313524;-0,4324709;2,616095;0,09898173;-0,8186053;2,598435;0,1179089;-0,8948646;2,541543; 
0,2218521;0,8559532;2,574061;0,1357284;0,2457991;2,603457;0,1484367;0,3097791;2,65363;0,2068022;0,6622272;2,635163;0,02165662;0,568978;2,648394;-0,1041723;0,3426683;2,716369;-0,1924303;0,09746659;2,668705;-0,216727;0,02303059;2,646042;0,4042362;0,566413;2,642466;0,6672896;0,6001425;2,57142;0,8519055;0,7362045;2,479244;0,9407439;0,8372777;2,451315;0,03780565;0,1751376;2,596179;-0,2303586;-0,339844;2,584239;-0,4345394;-0,7085955;2,676056;-0,490144;-0,7818921;2,636036;0,2043799;0,1478939;2,592803;0,1321066;-0,4301052;2,616394;0,09888409;-0,8167102;2,598889;0,117539;-0,8929228;2,542794; 
0,2226475;0,8554808;2,574583;0,1358954;0,2458768;2,604092;0,1487593;0,3097515;2,654233;0,2080735;0,6620971;2,636584;0,02199806;0,5694312;2,649251;-0,1040984;0,342736;2,71595;-0,192454;0,09836407;2,666559;-0,216157;0,02353713;2,644547;0,4043207;0,5669149;2,642909;0,6700501;0,5997962;2,570271;0,8522564;0,7361693;2,478485;0,9411538;0,8343694;2,449915;0,03794354;0,1752323;2,596825;-0,2304928;-0,3400023;2,584553;-0,4337626;-0,7089593;2,677873;-0,490205;-0,7821237;2,63874;0,2044015;0,1480308;2,593164;0,1320227;-0,4301959;2,616546;0,09890984;-0,8171397;2,599048;0,1177763;-0,8930259;2,542888; 
0,222794;0,8554104;2,575164;0,1355939;0,246197;2,604981;0,1486163;0,3100061;2,654896;0,2085547;0,6619158;2,637198;0,02201409;0,5694633;2,649958;-0,104086;0,3429237;2,715497;-0,1918156;0,09933527;2,664124;-0,2242096;-0,001675092;2,633928;0,4045946;0,5670583;2,643457;0,6715835;0,5991058;2,569778;0,8523462;0,7357748;2,478376;0,9413542;0,8300004;2,449671;0,0376078;0,1756372;2,597679;-0,2306757;-0,3400835;2,584791;-0,432566;-0,7090461;2,680905;-0,489283;-0,7812893;2,640406;0,2037086;0,1482006;2,594124;0,1319827;-0,4302213;2,61669;0,09892186;-0,8172822;2,598627;0,1176748;-0,8936151;2,542001; 
0,2241241;0,8557707;2,577385;0,1356279;0,246305;2,605533;0,1488722;0,3099277;2,655661;0,2105548;0,6621489;2,639443;0,02249835;0,569706;2,650638;-0,1041462;0,3434161;2,715155;-0,1916801;0,0989595;2,663507;-0,223657;-0,002427757;2,633796;0,4047262;0,5669394;2,643602;0,66271;0,5946714;2,573103;0,8525724;0,7354937;2,477695;0,9402785;0,8254124;2,448143;0,0375611;0,1759489;2,597923;-0,230723;-0,3401148;2,584873;-0,4325104;-0,7093273;2,680938;-0,4896089;-0,7821422;2,641969;0,203543;0,1482034;2,594753;0,13191;-0,4303892;2,616938;0,09914441;-0,8177427;2,599137;0,1178899;-0,8937789;2,542557; 
0,2248643;0,8562302;2,578826;0,1355917;0,2463988;2,606194;0,1489239;0,3099971;2,656329;0,2107242;0,6620198;2,63988;0,02267634;0,5696387;2,651353;-0,1041547;0,3435675;2,714838;-0,1917882;0,0976714;2,662011;-0,2230392;-0,004292324;2,633216;0,404999;0,5667095;2,64398;0,6606947;0,5933791;2,573699;0,8532039;0,7353364;2,477538;0,9411396;0,824514;2,448464;0,0375284;0,176006;2,598341;-0,2306818;-0,3400626;2,584914;-0,4321019;-0,709474;2,681523;-0,4893966;-0,7826297;2,643442;0,2033536;0,1483121;2,59554;0,1318704;-0,4305437;2,617072;0,09863469;-0,8197696;2,598507;0,1177839;-0,8938409;2,542525; 
0,2252332;0,8561811;2,579594;0,1354362;0,2463069;2,606808;0,1488077;0,3098891;2,656929;0,2108238;0,6617265;2,640325;0,02282009;0,569663;2,651781;-0,1042196;0,3437024;2,714778;-0,1919188;0,09733734;2,661688;-0,2235392;-0,004581064;2,632841;0,4053014;0,5665441;2,644479;0,6598192;0,5931991;2,574031;0,853539;0,735052;2,477427;0,9461763;0,8236883;2,449735;0,03716584;0,175946;2,599168;-0,2307073;-0,3400509;2,584932;-0,432093;-0,709918;2,680772;-0,489622;-0,7830991;2,643051;0,2032329;0,1481914;2,59591;0,131868;-0,4305255;2,617167;0,09832954;-0,8192093;2,597982;0,1174928;-0,893894;2,542463; 
0,2253261;0,8560192;2,579784;0,1353433;0,2466147;2,607655;0,148798;0,310138;2,657614;0,2108478;0,6615403;2,640616;0,02275934;0,5700067;2,652851;-0,1042574;0,3437234;2,714964;-0,19263;0,0961348;2,660605;-0,2238956;-0,006022364;2,632291;0,4055954;0,566393;2,645084;0,6591433;0,592904;2,574751;0,8942292;0,7602438;2,460033;0,9452169;0,8206975;2,448895;0,03701752;0,1764056;2,599998;-0,2310561;-0,3402195;2,584997;-0,4316473;-0,7102464;2,682139;-0,4893666;-0,7827523;2,643353;0,2030525;0,1482155;2,596788;0,1317618;-0,4306031;2,617332;0,09857268;-0,8191811;2,598053;0,1174966;-0,8941924;2,542484; 
0,2252655;0,8557557;2,579829;0,1353569;0,2466236;2,608338;0,1488394;0,3101536;2,658244;0,2109596;0,6614455;2,641181;0,02280756;0,5699933;2,653416;-0,1042443;0,3437095;2,714953;-0,1919212;0,09689015;2,660704;-0,2232161;-0,005568586;2,633224;0,4056056;0,566242;2,645588;0,6587899;0,5924502;2,575378;0,8566497;0,73105;2,478026;0,9449963;0,8199362;2,448892;0,03697023;0,1765164;2,60046;-0,2312306;-0,3398893;2,584995;-0,4307992;-0,7103439;2,682965;-0,4889181;-0,7823005;2,643675;0,2030881;0,1481347;2,597644;0,131597;-0,4307434;2,617454;0,09913118;-0,8177422;2,598202;0,1179413;-0,8945362;2,541851; 
0,2251731;0,8558705;2,580127;0,1356649;0,2463167;2,608916;0,14909;0,3099655;2,658639;0,2110625;0,6613577;2,641293;0,0228224;0,5699281;2,653739;-0,1041908;0,3439996;2,71514;-0,1918516;0,09707668;2,6608;-0,2232021;-0,005798601;2,634686;0,4056726;0,5661119;2,646094;0,6636585;0,5931616;2,575807;0,8567656;0,7309567;2,478217;0,9441666;0,8184543;2,449801;0,03723022;0,1759504;2,601675;-0,2312638;-0,3397579;2,584946;-0,4313667;-0,7100686;2,682945;-0,4890518;-0,7822844;2,643411;0,2034851;0,1479309;2,597937;0,1316368;-0,43068;2,617598;0,09924163;-0,8179516;2,59821;0,1179557;-0,8945146;2,541834; 
0,2253525;0,856182;2,581458;0,1356835;0,2463762;2,609738;0,1490642;0,310032;2,659396;0,2109622;0,6613271;2,642112;0,02286115;0,5698723;2,654003;-0,1041811;0,3439986;2,715142;-0,1916532;0,09685179;2,661552;-0,2229117;-0,006120645;2,635403;0,4058235;0,5661052;2,64658;0,6627114;0,5929037;2,577032;0,8571238;0,7309867;2,478751;0,9469318;0,8186674;2,451741;0,03720844;0,1759901;2,602485;-0,2315025;-0,3399927;2,585209;-0,4326061;-0,7112994;2,679142;-0,4908564;-0,7843903;2,642078;0,2035655;0,1479759;2,59858;0,1315921;-0,4307116;2,617625;0,09941776;-0,8183364;2,598245;0,1192449;-0,8956167;2,540156; 
0,2253669;0,8556448;2,581133;0,1355622;0,2463714;2,610356;0,1489407;0,3100268;2,659886;0,2110591;0,6611007;2,642556;0,02279477;0,5699943;2,654536;-0,1038214;0,3445928;2,715534;-0,1914369;0,09777159;2,6623;-0,2226899;-0,005323991;2,636319;0,4058916;0,5661792;2,64746;0,6621413;0,593136;2,577762;0,85782;0,7318353;2,479132;0,9468208;0,8187;2,451842;0,03698496;0,1760954;2,603173;-0,2315188;-0,3399793;2,585191;-0,4331154;-0,7111725;2,679189;-0,49105;-0,7839897;2,641058;0,2034191;0,1478586;2,599126;0,1315644;-0,4307721;2,617652;0,09924974;-0,8182173;2,598205;0,1191523;-0,8957477;2,540068; 
0,2253684;0,8554666;2,581319;0,1356271;0,2464849;2,610891;0,1488051;0,3101497;2,660412;0,2110165;0,6611603;2,643357;0,02274263;0,5699425;2,654937;-0,1038048;0,3449361;2,715715;-0,1914437;0,09775071;2,662351;-0,2182302;0,02505415;2,635695;0,4063062;0,5666404;2,649437;0,6613913;0,5933486;2,578978;0,8585549;0,7324854;2,479619;0,9547557;0,8241122;2,450655;0,03695291;0,1761432;2,60359;-0,2315713;-0,3400553;2,585219;-0,435141;-0,710713;2,678109;-0,4920324;-0,7843738;2,639983;0,2035901;0,1479259;2,599565;0,1315608;-0,430852;2,617899;0,09919298;-0,8185651;2,598251;0,1191767;-0,8956777;2,540176; 
0,2253954;0,8549933;2,581344;0,1354932;0,2462386;2,611561;0,1486318;0,3099278;2,661003;0,2109017;0,6608823;2,643904;0,02279197;0,5698295;2,655204;-0,1038208;0,3446188;2,715689;-0,1915006;0,0973316;2,662611;-0,2177979;0,02438013;2,636127;0,4063059;0,5666105;2,65006;0,660508;0,5932586;2,580173;0,8591048;0,7327875;2,479988;0,948843;0,8205482;2,450347;0,03680431;0,1758417;2,60486;-0,2317304;-0,340124;2,585252;-0,4368449;-0,7106932;2,676346;-0,4931086;-0,7854157;2,639342;0,2034869;0,1477742;2,599811;0,131541;-0,4309145;2,618006;0,09933053;-0,8193931;2,598303;0,1191561;-0,8957518;2,540646; 
0,2255553;0,8546216;2,581257;0,135665;0,2460607;2,611958;0,1487844;0,3097546;2,661346;0,2109244;0,6607044;2,644336;0,0228276;0,5698031;2,655495;-0,1038266;0,3448405;2,715669;-0,1914389;0,09742416;2,662488;-0,2226678;-0,005035202;2,635195;0,4063394;0,5665;2,650305;0,6605607;0,5932923;2,580608;0,8602386;0,7336146;2,480716;0,9601537;0,828331;2,454867;0,03690701;0,1757049;2,605091;-0,2317303;-0,3399691;2,585177;-0,4374589;-0,711212;2,67366;-0,4942596;-0,7861862;2,637994;0,2038017;0,147563;2,600312;0,1315601;-0,4308665;2,61818;0,09916405;-0,8194766;2,598266;0,1191111;-0,8957995;2,540555; 
0,225838;0,8545423;2,581408;0,1358822;0,2460875;2,612291;0,1489409;0,3097769;2,66166;0,2109456;0,6607286;2,644821;0,02287748;0,5696995;2,655727;-0,1038379;0,34484;2,715725;-0,1914862;0,0975225;2,662465;-0,2225292;-0,00545846;2,635118;0,406405;0,5665472;2,6508;0,6598173;0,5932449;2,58133;0,8603425;0,7337162;2,481162;0,9598927;0,8279487;2,455177;0,0372323;0,1756537;2,605437;-0,2317396;-0,3398954;2,585103;-0,4401153;-0,7098654;2,673485;-0,4946861;-0,7856272;2,636012;0,2039915;0,1476504;2,600544;0,1315817;-0,4311059;2,618504;0,09897978;-0,8200148;2,598223;0,1192344;-0,8957778;2,540837; 
0,2262193;0,8539128;2,581478;0,1361155;0,2462329;2,612739;0,1489742;0,3098186;2,662332;0,2108851;0,6609318;2,646521;0,0230574;0,5695766;2,65603;-0,103853;0,3448149;2,715453;-0,1917718;0,0972164;2,66172;-0,2228988;-0,005771247;2,634632;0,4069386;0,567607;2,652697;0,659269;0,5923164;2,582661;0,8604877;0,733551;2,482119;0,9550306;0,8255388;2,457517;0,03767357;0,1757482;2,605901;-0,2318307;-0,3399254;2,585033;-0,4387246;-0,7107043;2,673999;-0,4941584;-0,7853336;2,635481;0,2041024;0,1477774;2,600689;0,1316352;-0,4311058;2,618747;0,09900001;-0,8199608;2,598262;0,1191378;-0,8959016;2,54098; 
0,2267826;0,8526105;2,580381;0,1359983;0,2462173;2,613066;0,1488015;0,3096974;2,662919;0,2110147;0,6608176;2,647648;0,0231591;0,5696412;2,656185;-0,10414;0,3448316;2,715417;-0,1916947;0,09729689;2,661657;-0,2230124;-0,005951062;2,634791;0,4070495;0,5674433;2,65343;0,6589857;0,592194;2,583299;0,8610336;0,7334924;2,48324;0,9561796;0,8234905;2,457298;0,03758126;0,1757669;2,60599;-0,2317974;-0,3395359;2,584796;-0,4378109;-0,7109299;2,673863;-0,4935556;-0,7852077;2,635064;0,2039395;0,1477717;2,601035;0,1316268;-0,4309859;2,618934;0,09979011;-0,821566;2,597583;0,1188973;-0,8963745;2,541533; 
0,2271793;0,8529685;2,580321;0,1361834;0,2462669;2,613285;0,1490336;0,3097191;2,663476;0,2123581;0,6616857;2,64876;0,02350687;0,569755;2,656318;-0,1055078;0,3440644;2,713929;-0,1918645;0,09766328;2,661262;-0,2179497;0,02267576;2,630915;0,4073155;0,5673562;2,654158;0,6590815;0,5920597;2,583974;0,8570781;0,7290512;2,489312;0,9554105;0,8216577;2,458207;0,03763958;0,1758109;2,606026;-0,2320071;-0,3391292;2,58411;-0,4378149;-0,7108034;2,673134;-0,4929284;-0,7847976;2,632854;0,2041056;0,147887;2,601293;0,1316178;-0,4310135;2,619283;0,09974069;-0,8214698;2,597602;0,1188948;-0,8963879;2,541625; 
0,2280712;0,8527898;2,580881;0,1361257;0,2461903;2,613557;0,1488945;0,3095814;2,664059;0,2123556;0,6615341;2,649393;0,02378072;0,5698708;2,656214;-0,1055544;0,3442471;2,71379;-0,1923851;0,09718327;2,659829;-0,2260044;-7,601315E-05;2,624928;0,4073372;0,5669093;2,654734;0,6581696;0,5910114;2,585174;0,8556626;0,7269893;2,493217;0,9556552;0,8214359;2,458282;0,03761642;0,1758137;2,606046;-0,2321525;-0,339471;2,583822;-0,440088;-0,7126787;2,664434;-0,4954113;-0,7888449;2,62873;0,204011;0,1478456;2,601737;0,1315362;-0,430818;2,619512;0,09962446;-0,8212468;2,597638;0,1189312;-0,8964696;2,541783; 
0,2284435;0,8527133;2,581304;0,1360873;0,2462212;2,613718;0,1488046;0,30955;2,664507;0,212467;0,6613993;2,649823;0,02398366;0,5698977;2,65618;-0,1058247;0,3443145;2,71255;-0,1933159;0,09748337;2,657395;-0,2208595;0,02596133;2,625257;0,4075193;0,5666844;2,655251;0,6578484;0,590592;2,585976;0,8542223;0,724569;2,495114;0,9557633;0,8207641;2,459424;0,03758348;0,1759542;2,606001;-0,2322434;-0,3395945;2,583314;-0,4395306;-0,7128799;2,665432;-0,4946297;-0,7883859;2,627982;0,2038367;0,1477908;2,602201;0,1315773;-0,4308339;2,619554;0,09994445;-0,8207121;2,597846;0,1189504;-0,8965038;2,541672; 
0,2291549;0,8527836;2,581542;0,1360934;0,2461339;2,613775;0,1487233;0,309463;2,664794;0,2120647;0,6614307;2,649953;0,02413246;0,5700376;2,656112;-0,1066898;0,3443685;2,711078;-0,1959564;0,0941215;2,652856;-0,2304702;-0,001923732;2,608368;0,4074289;0,5664607;2,655604;0,6573559;0,5900248;2,586549;0,8990884;0,7552305;2,484931;0,9560507;0,8205515;2,462122;0,03765327;0,1757946;2,606194;-0,2323789;-0,3402094;2,582927;-0,4393976;-0,7145071;2,662635;-0,4944403;-0,7899776;2,624989;0,2038763;0,1477768;2,602161;0,1315757;-0,4309745;2,619722;0,09980959;-0,8192943;2,598814;0,1189;-0,8965359;2,541891; 
0,2292743;0,8527653;2,581529;0,1362411;0,2459208;2,613908;0,14875;0,3092909;2,6651;0,2120684;0,6613503;2,649949;0,02439876;0,5700053;2,655876;-0,1069931;0,3444808;2,709852;-0,1965771;0,09453056;2,650589;-0,2305325;-0,002337207;2,60831;0,4075627;0,5662752;2,656066;0,6574718;0,5898555;2,586811;0,8522623;0,7181464;2,507111;0,9564196;0,8206378;2,464326;0,03781988;0,1755681;2,606421;-0,2323766;-0,3412353;2,582329;-0,439091;-0,7158251;2,66216;-0,4928756;-0,7902119;2,62068;0,2040564;0,1476308;2,602186;0,1313535;-0,4311045;2,619882;0,09934458;-0,8183496;2,599723;0,1187504;-0,8964173;2,541831; 
0,2297211;0,8525248;2,581141;0,1362818;0,2458926;2,614002;0,1487052;0,3092629;2,665364;0,2120935;0,6613167;2,649992;0,02445576;0,5700221;2,655758;-0,1067189;0,3449311;2,708568;-0,1972812;0,09392089;2,64778;-0,2305852;-0,002365846;2,608084;0,407807;0,5664227;2,656654;0,6570078;0,5892333;2,587591;0,8524275;0,7182614;2,507185;0,9572237;0,821024;2,467169;0,03788075;0,175504;2,606517;-0,2325379;-0,3413847;2,581897;-0,4410419;-0,71615;2,658176;-0,49424;-0,7921339;2,618859;0,2040665;0,1476241;2,602216;0,1312772;-0,4316184;2,620209;0,09993429;-0,8175075;2,599791;0,118715;-0,8961816;2,542017; 
0,2300406;0,8525082;2,581044;0,1362589;0,2458398;2,614051;0,1485992;0,3092329;2,665535;0,2119458;0,6612667;2,649902;0,02477285;0,5701415;2,655384;-0,1073243;0,3448866;2,707104;-0,1971943;0,09424406;2,646765;-0,2307878;-0,002762928;2,606931;0,4077458;0,5661899;2,656829;0,6570207;0,5891681;2,587963;0,8524091;0,7183742;2,507229;0,9593378;0,8220974;2,470077;0,03789062;0,1754938;2,606496;-0,2329453;-0,3427229;2,581287;-0,4410813;-0,7177162;2,658051;-0,4944997;-0,7929734;2,61762;0,2040122;0,1475804;2,602496;0,1312773;-0,4318189;2,620537;0,09920909;-0,8175657;2,599721;0,1186656;-0,8960893;2,542103; 
0,2301649;0,8522745;2,580783;0,1362998;0,2457664;2,614078;0,1485305;0,3092727;2,665547;0,2112765;0,6605636;2,648837;0,02465238;0,5699987;2,654767;-0,1069874;0,3455333;2,704694;-0,1969552;0,094436;2,645988;-0,2309113;-0,002479224;2,60673;0,4076702;0,566117;2,656832;0,6569263;0,5890133;2,588797;0,8524105;0,7183822;2,50724;0,9599804;0,8222755;2,47071;0,03806919;0,1754218;2,606397;-0,2330977;-0,3433576;2,581144;-0,4414392;-0,7188976;2,656106;-0,4950117;-0,7938491;2,61529;0,2041048;0,1473167;2,602953;0,1309734;-0,4319378;2,620737;0,09948765;-0,8181231;2,599892;0,1187322;-0,8960299;2,542221; 
0,2300768;0,8521841;2,580579;0,136263;0,2457647;2,614116;0,1484442;0,3092945;2,665551;0,2110549;0,6603802;2,648615;0,02459429;0,5698319;2,654412;-0,1072096;0,3452002;2,703481;-0,1977237;0,09424855;2,644031;-0,2311295;-0,003227304;2,605283;0,4076103;0,5660816;2,656821;0,6566167;0,5888387;2,58925;0,8613802;0,7259467;2,503934;0,9616119;0,8226577;2,472572;0,03805932;0,1754427;2,606315;-0,2332569;-0,3439997;2,580988;-0,4418459;-0,7196749;2,655539;-0,495331;-0,7931605;2,611987;0,2039551;0,1472919;2,603444;0,1310453;-0,4321378;2,621119;0,09939402;-0,8180633;2,599675;0,1186133;-0,895747;2,542201; 
0,2308365;0,8520581;2,579937;0,1361773;0,2457622;2,614142;0,1481859;0,309437;2,665402;0,2096282;0,66007;2,647415;0,02461443;0,5698164;2,65376;-0,1081241;0,3445664;2,702262;-0,1976555;0,09426862;2,643767;-0,231087;-0,003730511;2,604398;0,4076035;0,5660693;2,656817;0,6568913;0,5889766;2,589553;0,8596268;0,7252858;2,504557;0,9609172;0,8224589;2,472874;0,03798968;0,175454;2,606271;-0,2332463;-0,34405;2,580975;-0,442507;-0,7199007;2,654088;-0,4962711;-0,7924246;2,60924;0,2039449;0,147249;2,603735;0,1308799;-0,4323559;2,621376;0,09934779;-0,8183815;2,599985;0,1185819;-0,895569;2,542388; 
0,2304758;0,8510385;2,578028;0,1362395;0,2456559;2,614202;0,148119;0,3094305;2,665241;0,2092735;0,6598032;2,646969;0,02446591;0,569703;2,65313;-0,1079084;0,3447368;2,701046;-0,1973918;0,09430496;2,64173;-0,2195478;0,02450054;2,603924;0,4075557;0,5661324;2,65684;0,6569242;0,5891252;2,589656;0,8576558;0,7241429;2,505056;0,9600843;0,821506;2,473917;0,03808717;0,1753503;2,606283;-0,2330962;-0,3438324;2,580897;-0,4424838;-0,7198702;2,653651;-0,4959202;-0,7925698;2,608661;0,2042055;0,14701;2,604033;0,1308427;-0,4321794;2,621425;0,09914377;-0,8184183;2,600083;0,1180891;-0,89496;2,542841; 
0,2304088;0,8508856;2,577814;0,1361181;0,2457264;2,614347;0,1479471;0,309576;2,665044;0,2087601;0,6593065;2,646188;0,02401846;0,5697759;2,652696;-0,1079213;0,344539;2,700664;-0,1974841;0,09455063;2,640956;-0,219818;0,0246779;2,603461;0,4075408;0,56614;2,65683;0,6558633;0,589654;2,589733;0,8959322;0,7562342;2,486421;0,9599366;0,8213639;2,473838;0,03802049;0,1754376;2,606308;-0,2330945;-0,3435816;2,581047;-0,4425088;-0,719851;2,653464;-0,4964267;-0,7919757;2,608079;0,2039678;0,1468537;2,604738;0,1307283;-0,4324154;2,621681;0,09964207;-0,8178419;2,600569;0,117984;-0,8946759;2,543184; 
0,2313184;0,8511281;2,577324;0,1357179;0,2455641;2,614461;0,1470488;0,309767;2,664426;0,2030103;0,658745;2,642904;0,02390095;0,5697205;2,652251;-0,1082883;0,3441553;2,700322;-0,1975346;0,09465607;2,64096;-0,2282212;-7,242337E-05;2,605123;0,4073223;0,56617;2,65672;0,655553;0,5898449;2,589734;0,8503652;0,7218406;2,502373;0,9605953;0,8208571;2,472209;0,03797437;0,1753711;2,606411;-0,2331611;-0,3435291;2,581245;-0,4427952;-0,7199441;2,653239;-0,4969009;-0,7919639;2,607866;0,2037481;0,1466373;2,60506;0,1305618;-0,4327041;2,622089;0,09909588;-0,8179742;2,600581;0,1179564;-0,8946039;2,543178; 
0,2306516;0,8509359;2,576599;0,13559;0,2455864;2,614484;0,1468685;0,3098574;2,66384;0,2029426;0,6586092;2,642579;0,02357368;0,5697629;2,651705;-0,1081076;0,344395;2,699926;-0,1974632;0,09482227;2,640918;-0,2291251;-0,001792284;2,605185;0,4069398;0,5660459;2,656261;0,6551737;0,5898519;2,589555;0,8503507;0,7218962;2,502226;0,9613802;0,8209552;2,471155;0,0379172;0,1753738;2,606419;-0,2332837;-0,3430943;2,581605;-0,4425959;-0,7199782;2,65309;-0,4983608;-0,7912798;2,608549;0,2036223;0,1466795;2,605207;0,130533;-0,4326766;2,622134;0,09907041;-0,8173698;2,600811;0,1178153;-0,8944006;2,543182; 
0,2303309;0,8506831;2,575919;0,1352952;0,2456628;2,614697;0,1466186;0,3099717;2,663404;0,2029541;0,6585371;2,642457;0,02305012;0,5696213;2,651509;-0,1083856;0,344038;2,699804;-0,1977006;0,09445078;2,64063;-0,2206673;0,0203978;2,612708;0,4067941;0,5659947;2,656113;0,6546154;0,5898858;2,589494;0,8533998;0,7239879;2,499504;0,9606661;0,819448;2,467828;0,03755041;0,1754172;2,606662;-0,2334424;-0,3430377;2,582113;-0,4434909;-0,719769;2,653219;-0,4993505;-0,7914013;2,609284;0,20335;0,146672;2,605614;0,1305766;-0,4326281;2,622145;0,09853226;-0,8175212;2,600615;0,1177578;-0,8941647;2,543327; 
0,2297171;0,8500985;2,574089;0,1350009;0,2455598;2,614676;0,1460766;0,3100154;2,662609;0,2008379;0,6583043;2,64102;0,02278863;0,5695558;2,65155;-0,1083859;0,344078;2,699782;-0,1977112;0,09433748;2,640777;-0,2202354;0,01981432;2,613697;0,4063163;0,565767;2,655643;0,6545749;0,5902833;2,589203;0,8558387;0,7265689;2,497198;0,9574262;0,8176728;2,465364;0,03746605;0,1753425;2,606687;-0,2335852;-0,3429942;2,582928;-0,4435013;-0,7193483;2,65631;-0,498519;-0,793511;2,615612;0,2032663;0,1465753;2,605679;0,1305216;-0,4326095;2,622137;0,09855959;-0,8174493;2,600486;0,1178827;-0,8942129;2,542911; 
0,2282474;0,849541;2,572744;0,1348989;0,2454735;2,614702;0,1460743;0,3099887;2,66205;0,2015064;0,6581133;2,641018;0,0225416;0,5694642;2,65148;-0,1084156;0,3440681;2,699792;-0,1977739;0,09446882;2,64109;-0,2202717;0,01970209;2,614615;0,4056948;0,5654141;2,655137;0,6544909;0,5906562;2,588965;0,8565489;0,7272485;2,495663;0,957744;0,8172719;2,463428;0,03728312;0,1752012;2,606791;-0,233639;-0,3429187;2,583673;-0,4428161;-0,7186563;2,66137;-0,4985496;-0,7912723;2,618849;0,2031757;0,1465453;2,605689;0,1304306;-0,4324767;2,622048;0,09808527;-0,8167979;2,600671;0,1178964;-0,8941152;2,542848