;0,3266396;0,9349422;2,543253;0,2674741;0,2744758;2,512825;0,2728163;0,3433231;2,576837;0,3351553;0,7404612;2,577725;0,1540875;0,6036212;2,556803;0,03984281;0,3380022;2,590191;-0,06650637;0,1181885;2,553853;-0,07553691;0,04133961;2,516736;0,5453077;0,6118763;2,599655;0,830808;0,5633273;2,591964;1,042396;0,553043;2,453206;0,9998437;0,5500023;2,465872;0,170217;0,2015453;2,49953;-0,1189001;-0,2439961;2,513138;-0,4068848;-0,5643185;2,469553;-0,4907575;-0,6408749;2,39669;0,3394081;0,1752314;2,497197;0,2813668;-0,3831365;2,522737;0,2608246;-0,7979432;2,55338;0,2670191;-0,8924438;2,476431; 
0,3238001;0,9351851;2,543421;0,2661174;0,2747893;2,512488;0,2712233;0,3435627;2,576549;0,3325257;0,7406304;2,577692;0,1519825;0,6031122;2,556139;0,03913508;0,3377208;2,590074;-0,06718156;0,1180137;2,55246;-0,07803585;0,03739263;2,51507;0,5434761;0,6124214;2,599531;0,8213508;0,563624;2,591056;1,036879;0,5555319;2,45915;0,9999276;0,5500157;2,465894;0,1689267;0,2018364;2,499372;-0,1184899;-0,244547;2,511517;-0,4071836;-0,5644687;2,469182;-0,491266;-0,6389861;2,394408;0,338322;0,1755578;2,496449;0,2810436;-0,3831613;2,522613;0,2608906;-0,7964951;2,555041;0,2667546;-0,8921205;2,476467; 
0,3202744;0,93485;2,542877;0,265265;0,2752302;2,511977;0,270047;0,3439575;2,576023;0,3289453;0,740765;2,577001;0,1496733;0,6032178;2,555462;0,03859141;0,3373836;2,590304;-0,06814506;0,1182578;2,549777;-0,08090415;0,03363238;2,512124;0,5413693;0,6127503;2,598995;0,7776167;0,5613295;2,608228;0,9974017;0,5626939;2,484413;0,9984524;0,5523736;2,465292;0,1683389;0,2024626;2,498908;-0,118422;-0,2450909;2,510282;-0,4025044;-0,5692117;2,465496;-0,4910301;-0,6389827;2,391213;0,3377555;0,1757237;2,495811;0,2808348;-0,383324;2,522657;0,2610946;-0,7963601;2,55476;0,2665935;-0,8926052;2,476104; 
0,3161164;0,9360495;2,543752;0,262731;0,2754171;2,510962;0,2672558;0,3440842;2,575026;0,3252422;0,7408519;2,576073;0,1477825;0,6036205;2,554698;0,03615097;0,3383212;2,58967;-0,06805351;0,1179495;2,549515;-0,07816076;0,03924219;2,5125;0,5374734;0,6135375;2,597995;0,8042077;0,562893;2,585865;1,026804;0,5632086;2,46797;1,089132;0,5563719;2,411393;0,1661075;0,2026844;2,498443;-0,1182804;-0,2454674;2,508805;-0,4001557;-0,5705533;2,446896;-0,4945242;-0,6438468;2,384089;0,3355682;0,1763065;2,494113;0,2805232;-0,3833034;2,522721;0,2608618;-0,7963673;2,554782;0,2662662;-0,8919083;2,476283; 
0,2165849;0,9324369;2,560348;0,2030469;0,2682258;2,492857;0,2179116;0,3364125;2,558273;0,2746572;0,7432196;2,566128;0,07406476;0,5958918;2,567242;0,01496493;0,3304714;2,58954;-0,09193522;0,0881326;2,493447;-0,1333858;-0,008446231;2,448628;0,4458498;0,6064459;2,549974;0,6868156;0,4529353;2,598751;0,857498;0,3563521;2,436369;0,8971645;0,3191052;2,323826;0,1087316;0,2002709;2,493982;-0,0587941;-0,4247661;2,483504;-0,1795868;-0,8276163;2,463911;-0,228812;-0,9027602;2,420567;0,2724936;0,1712261;2,460896;0,2638953;-0,3881087;2,489683;0,258904;-0,7967166;2,551886;0,2669845;-0,8923169;2,475436; 
0,2150517;0,9263116;2,560552;0,1945943;0,2503296;2,489166;0,2099611;0,3215027;2,555434;0,2691389;0,7391185;2,566172;0,06924285;0,591506;2,565666;0,005325035;0,3263211;2,590595;-0,09301883;0,0825336;2,480376;-0,1264522;-0,01202877;2,425672;0,4400993;0,5915984;2,546605;0,6490297;0,393149;2,600847;0,7728419;0,2470675;2,432481;0,7923426;0,1856311;2,323338;0,09643404;0,1672366;2,486903;-0,03755076;-0,4262856;2,479149;-0,1288374;-0,8248435;2,473133;-0,210453;-0,8963859;2,430887;0,2676593;0,1629504;2,458933;0,2631607;-0,3957045;2,471843;0,259028;-0,7982305;2,550505;0,2673648;-0,8930154;2,474106; 
0,2148755;0,9230909;2,561047;0,1909017;0,2428049;2,487818;0,2063933;0,3138205;2,554092;0,2663642;0,7344;2,565737;0,06676075;0,5890809;2,565305;-0,006422204;0,3253869;2,592957;-0,09336074;0,08034784;2,469589;-0,1215902;-0,01089077;2,406907;0,4350617;0,579455;2,543661;0,6373022;0,3798703;2,597919;0,7253816;0,2114487;2,427777;0,7391425;0,1292968;2,309659;0,09456292;0,1639095;2,486188;-0,03488744;-0,4270871;2,478255;-0,1291628;-0,8248299;2,473198;-0,2072829;-0,8968842;2,432119;0,2628402;0,1550412;2,457655;0,2607208;-0,3980578;2,457797;0,258391;-0,7987007;2,548686;0,2677288;-0,8929464;2,473116; 
0,2165032;0,9179159;2,561171;0,1872475;0,2361671;2,48694;0,2036506;0,3071565;2,553113;0,2649206;0,7287459;2,564815;0,0653969;0,5877957;2,565869;-0,01944188;0,3250501;2,596346;-0,09242561;0,06943316;2,449894;-0,1145554;-0,01590734;2,395611;0,4288231;0,5718563;2,540043;0,6256651;0,355194;2,584905;0,6816656;0,1777202;2,41;0,6814598;0,09006072;2,300791;0,09199736;0,1599109;2,486303;-0,03461771;-0,4272469;2,477632;-0,1342176;-0,8298297;2,474277;-0,2072071;-0,8980157;2,432718;0,2579057;0,148929;2,456262;0,2604691;-0,4022224;2,442448;0,2576117;-0,8041329;2,544142;0,2678787;-0,8933074;2,473023; 
0,2208716;0,9087206;2,56309;0,186435;0,2328162;2,487013;0,203458;0,3035469;2,553261;0,2663267;0,7246779;2,565872;0,06550875;0,585354;2,566208;-0,03425763;0,3287886;2,603981;-0,09417237;0,07009092;2,449073;-0,1109043;-0,008432261;2,400616;0,4277299;0,5680181;2,538388;0,6185858;0,3537058;2,577231;0,6407753;0,1244692;2,328694;0,6514405;0,06638141;2,26833;0,09117647;0,1566737;2,487066;-0,03743407;-0,4275239;2,476278;-0,139401;-0,8319727;2,475588;-0,2084622;-0,8992701;2,433945;0,256418;0,1466343;2,455667;0,2573012;-0,4013374;2,429456;0,2572661;-0,8062056;2,542942;0,2677557;-0,8936611;2,472716; 
0,2262234;0,9036034;2,563233;0,1860601;0,2315936;2,487104;0,204303;0,3017005;2,553234;0,2734462;0,7185533;2,56582;0,0686684;0,583479;2,569118;-0,04337415;0,3377419;2,611648;-0,1020847;0,08787474;2,459263;-0,10794;-0,01402935;2,412977;0,4297482;0,5631084;2,536157;0,6167591;0,3561177;2,567518;0,6267744;0,1768487;2,333166;0,603847;0,1011647;2,250613;0,09037668;0,1553574;2,488303;-0,04690734;-0,4257277;2,473076;-0,1444157;-0,83017;2,477722;-0,2082481;-0,8980685;2,436101;0,2545559;0,1450397;2,454544;0,2531287;-0,3960282;2,420988;0,2567728;-0,8013883;2,540592;0,2679897;-0,8936303;2,472226; 
0,25369;0,8953032;2,569186;0,1861864;0,2312166;2,487081;0,2065645;0,3005499;2,552988;0,2839677;0,7162123;2,565904;0,07671307;0,5846467;2,575908;-0,04021719;0,3563052;2,630429;-0,1037971;0,1470618;2,504537;-0,08926318;0,1012674;2,45661;0,4353258;0,5591354;2,532866;0,6154981;0,3816905;2,538667;0,6415933;0,2436561;2,322459;0,5878242;0,1575536;2,209016;0,09033304;0,1553304;2,488522;-0,05534277;-0,4256856;2,470597;-0,1561727;-0,8316455;2,477763;-0,2171996;-0,8977036;2,434827;0,2537547;0,1442421;2,453967;0,2508066;-0,3955469;2,419452;0,256949;-0,8007594;2,539858;0,2680347;-0,8939533;2,472371; 
0,2795251;0,897367;2,575568;0,1872261;0,2312807;2,487015;0,2102264;0,2999887;2,55277;0,2950891;0,715133;2,566775;0,09354832;0,5889022;2,581736;-0,03374063;0,3759713;2,646503;-0,09778398;0,1663422;2,521774;-0,1105296;0,1234148;2,485607;0,4531811;0,553568;2,530049;0,6435657;0,4004415;2,516131;0,575246;0,2519968;2,212382;0,5672804;0,2253576;2,152905;0,0910656;0,1564297;2,48875;-0,07209202;-0,4066477;2,464469;-0,1738802;-0,8247752;2,478465;-0,22659;-0,897671;2,435652;0,2537855;0,1440219;2,453758;0,2494147;-0,3961854;2,41979;0,2568011;-0,8017396;2,539767;0,2682016;-0,8943367;2,472331; 
0,2997743;0,8993641;2,579743;0,1900202;0,2310013;2,486874;0,2174243;0,2984214;2,55265;0,3224211;0,715794;2,571688;0,1115652;0,5930512;2,586592;-0,02518354;0,3915203;2,659852;-0,09289591;0,1830291;2,53543;-0,1119588;0,1265513;2,490519;0,4614425;0,5513585;2,527727;0,6422358;0,3897972;2,53071;0,5885103;0,3327433;2,193427;0,5706018;0,3137253;2,086179;0,0936833;0,158669;2,489104;-0,08015098;-0,4043866;2,465303;-0,2150893;-0,8143395;2,467484;-0,2634516;-0,8970377;2,424379;0,2538824;0,1436523;2,453381;0,2459463;-0,39797;2,423309;0,2566627;-0,804712;2,540402;0,2682069;-0,8943513;2,472358; 
0,3224999;0,9003181;2,58998;0,1940607;0,2326108;2,486825;0,2245299;0,2995788;2,552797;0,3332419;0,7161933;2,57332;0,129025;0,5968862;2,590815;-0,02111738;0,400804;2,669178;-0,1021215;0,192336;2,554338;-0,1056135;0,1742304;2,532656;0,4777686;0,5467082;2,525052;0,6756439;0,404071;2,475029;0,6952374;0,4010799;2,215587;0,5793537;0,4814477;2,109315;0,0987739;0,1654667;2,489104;-0,09284048;-0,4042159;2,46788;-0,2559731;-0,8050977;2,451599;-0,3520632;-0,8858024;2,402485;0,2540299;0,1437014;2,453236;0,2440798;-0,3988626;2,428187;0,2568408;-0,8072643;2,541091;0,2682005;-0,8945938;2,472513; 
0,3600945;0,8997648;2,597729;0,200076;0,2337335;2,486362;0,2330555;0,2996455;2,552586;0,3488624;0,7148611;2,575924;0,1458028;0,5987877;2,591561;-0,01193308;0,4147593;2,682275;-0,1189174;0,213314;2,578316;-0,1421644;0,1182241;2,519447;0,4985785;0,5397452;2,518891;0,7085423;0,4206308;2,448755;0,6537226;0,5354364;2,169605;0,5847101;0,5892509;2,112022;0,104527;0,1702925;2,48743;-0,1061217;-0,3832899;2,472157;-0,2990496;-0,771229;2,445257;-0,3876072;-0,8617186;2,399201;0,2551473;0,1433261;2,453004;0,2433773;-0,3992274;2,431698;0,2569325;-0,8076812;2,541167;0,2681487;-0,8947083;2,472265; 
0,3671707;0,898443;2,599588;0,205598;0,2338656;2,485452;0,2410572;0,2986338;2,551847;0,3659156;0,7132234;2,57845;0,1625614;0,601458;2,591569;-0,008057967;0,4194584;2,687102;-0,1180795;0,2203882;2,581579;-0,1414664;0,1240904;2,524679;0,5085708;0,5357131;2,513155;0,7506107;0,4632746;2,404923;0,6486961;0,658529;2,17769;0,5986378;0,7124812;2,136253;0,109091;0,1725267;2,486706;-0,1199958;-0,3648441;2,474283;-0,3366807;-0,7401853;2,433473;-0,4423144;-0,8108709;2,388755;0,2569895;0,1427155;2,451662;0,241449;-0,3993359;2,435282;0,2567809;-0,8077262;2,541159;0,268502;-0,8943838;2,472159; 
0,3803842;0,8987795;2,606382;0,2149653;0,2348339;2,484447;0,254048;0,2985978;2,550966;0,394652;0,7133716;2,579674;0,1936459;0,605023;2,587045;-0,002403586;0,4240113;2,691813;-0,0987481;0,2207636;2,58019;-0,1283807;0,1238732;2,527175;0,5299944;0,537326;2,505085;0,7661313;0,5083414;2,376067;0,6736259;0,7318819;2,217997;0,6012568;0,8186423;2,200341;0,117908;0,1764113;2,487462;-0,139024;-0,3424945;2,476477;-0,3740587;-0,7064888;2,426188;-0,4788605;-0,7767537;2,378887;0,2612172;0,1427238;2,448901;0,2378871;-0,4052211;2,439249;0,255575;-0,8091707;2,54076;0,2685032;-0,894728;2,472508; 
0,3914768;0,8999935;2,609875;0,2262798;0,2367367;2,483385;0,2666471;0,2996851;2,549923;0,4021229;0,7139558;2,5797;0,2010174;0,6056858;2,586989;0,03656027;0,4681049;2,694811;-0,09937048;0,2728635;2,622703;-0,1249626;0,1746126;2,570129;0,5475712;0,5435562;2,495522;0,7726865;0,5322164;2,370184;0,6914087;0,7907314;2,264804;0,6170088;0,8638783;2,255457;0,1269341;0,1791041;2,488043;-0,1481299;-0,3042897;2,478907;-0,3898842;-0,6642915;2,432922;-0,5008566;-0,7230434;2,383884;0,2714446;0,143544;2,444673;0,2354051;-0,4066326;2,440081;0,2521492;-0,8053337;2,538448;0,2684988;-0,8944118;2,472694; 
0,4085205;0,9006784;2,612573;0,2375837;0,2377152;2,482409;0,278459;0,3001837;2,548894;0,4113798;0,7140496;2,579105;0,2129595;0,6049253;2,583853;0,03686615;0,4680035;2,694758;-0,09048687;0,268276;2,618699;-0,1219849;0,1980464;2,583949;0,5578446;0,5439931;2,487724;0,7813448;0,5584031;2,359159;0,7068051;0,8082089;2,294327;0,6566371;0,8722907;2,316878;0,1400228;0,1817142;2,493162;-0,1540817;-0,2946391;2,480945;-0,4081818;-0,6463711;2,438257;-0,52463;-0,6996749;2,395993;0,2820016;0,1397201;2,435638;0,2336349;-0,4081919;2,440929;0,2517011;-0,8057238;2,538176;0,268439;-0,8936664;2,474401; 
0,4202524;0,8992077;2,61441;0,2434446;0,2363951;2,481269;0,2861593;0,2982713;2,547542;0,4254275;0,7124283;2,578669;0,2183707;0,6051794;2,583771;0,03950846;0,4677965;2,694966;-0,09103039;0,2674098;2,628902;-0,1273433;0,1998448;2,593734;0,566331;0,5429597;2,480766;0,7894689;0,567362;2,353484;0,7208043;0,8248364;2,328004;0,6708851;0,8922669;2,337038;0,1427982;0,1816834;2,495417;-0,2059914;-0,2947982;2,486128;-0,4806034;-0,6225399;2,430886;-0,5033554;-0,6613939;2,322635;0,2897016;0,1314985;2,425925;0,2304831;-0,4077125;2,440448;0,2516952;-0,8054899;2,538084;0,267611;-0,8932374;2,474978; 
0,4075648;0,8925931;2,617318;0,2566845;0,2424962;2,480636;0,2998186;0,3020434;2,54665;0,4394422;0,7082331;2,577571;0,2174178;0,6068717;2,587985;0,06263612;0,4826588;2,700026;-0,07591562;0,2877523;2,634178;-0,1123306;0,1910843;2,58553;0,5718139;0,5439189;2,478798;0,7885604;0,5955098;2,347894;0,7240987;0,8311673;2,337297;0,6770287;0,8886262;2,377364;0,1480137;0,1837272;2,498939;-0,2095432;-0,2819545;2,484984;-0,4817776;-0,6005884;2,439845;-0,5055116;-0,6394582;2,331832;0,2994139;0,1336428;2,419584;0,2258136;-0,4062189;2,439548;0,249033;-0,8057292;2,53633;0,2675079;-0,8931671;2,474128; 
0,4074732;0,8911258;2,61795;0,2627718;0,2486905;2,48018;0,3060307;0,3070915;2,54617;0,448225;0,7084084;2,57635;0,2379449;0,5985317;2,577729;0,0735963;0,4887961;2,698279;-0,06570265;0,2934531;2,636672;-0,112839;0,2009965;2,589098;0,5815744;0,5447282;2,476873;0,7961568;0,5989723;2,342914;0,7292378;0,8326628;2,351732;0,6772114;0,8886198;2,387541;0,1565135;0,1881537;2,505761;-0,2163874;-0,2543801;2,482506;-0,4809906;-0,5854888;2,448642;-0,5039766;-0,6243257;2,340463;0,3019592;0,141066;2,412294;0,2235166;-0,405309;2,439187;0,2473328;-0,8068448;2,534457;0,2686183;-0,8965364;2,473619; 
0,4111179;0,8701998;2,616043;0,2667281;0,2537956;2,480171;0,3066535;0,3086209;2,546078;0,4473526;0,6620865;2,559085;0,245352;0,5982108;2,574839;0,08042581;0,4902391;2,697094;-0,05870762;0,2920096;2,649925;-0,1081894;0,200175;2,603551;0,6134947;0,5393899;2,477794;0,8161358;0,6157053;2,334272;0,733969;0,8404909;2,367421;0,6807172;0,8950304;2,403608;0,1595056;0,1932088;2,507311;-0,217519;-0,2460432;2,481882;-0,469301;-0,5351046;2,453105;-0,4895347;-0,5738707;2,344316;0,3028682;0,14258;2,411629;0,2196951;-0,4041556;2,439605;0,2464279;-0,8076102;2,533839;0,267123;-0,8968056;2,472308; 
0,4688267;0,8617816;2,60426;0,2727137;0,2571326;2,479385;0,3116901;0,3091836;2,54457;0,4484739;0,6599842;2,558166;0,2503513;0,5987322;2,57273;0,08476704;0,4922646;2,696463;-0,05678614;0,2955887;2,65085;-0,08913906;0,2252284;2,617458;0,6137494;0,5396499;2,478018;0,8171101;0,616194;2,336088;0,7426223;0,8418825;2,37655;0,6890433;0,8958395;2,413022;0,169561;0,1989467;2,505838;-0,2176986;-0,2454911;2,48205;-0,4751201;-0,5596185;2,451896;-0,4949734;-0,5983753;2,343018;0,3057097;0,145656;2,411786;0,2173763;-0,4029019;2,439583;0,2458477;-0,8071568;2,533859;0,2667367;-0,8964598;2,471968; 
0,4234257;0,8668538;2,62291;0,2736903;0,2593869;2,479058;0,3124837;0,3101399;2,544103;0,449552;0,6594019;2,557894;0,253636;0,5979381;2,570661;0,08737749;0,4929404;2,696991;-0,05533548;0,2972319;2,651098;-0,08834967;0,2271357;2,617908;0,6179985;0,5386294;2,47792;0,8277556;0,6107789;2,34547;0,7481817;0,8470079;2,396212;0,6944304;0,9005669;2,432917;0,1692247;0,1999069;2,506509;-0,2175522;-0,246154;2,482697;-0,4804531;-0,5763698;2,447088;-0,4996959;-0,6151036;2,338094;0,3058808;0,1476302;2,40975;0,2172319;-0,4028472;2,439857;0,2450048;-0,8073566;2,533943;0,2663406;-0,8966875;2,471558; 
0,4269719;0,8648194;2,620936;0,2739361;0,2589021;2,478938;0,3128299;0,3087463;2,543736;0,4513413;0,6551287;2,557362;0,2583861;0,5959872;2,56652;0,09081609;0,4951362;2,695549;-0,05173687;0,2987248;2,653982;-0,0845006;0,2265933;2,62537;0,6185288;0,538242;2,478264;0,8646114;0,6209443;2,345386;0,750039;0,8546858;2,404193;0,6962674;0,9081171;2,440919;0,169423;0,1997295;2,506355;-0,2156805;-0,2470961;2,482884;-0,4801882;-0,578328;2,446184;-0,4985815;-0,6170328;2,337033;0,3057831;0,1475473;2,409852;0,217402;-0,399525;2,440446;0,2440373;-0,8071911;2,533554;0,2661022;-0,8965989;2,471344; 
0,4418963;0,8725655;2,616327;0,2765377;0,259728;2,478443;0,3171463;0,3118054;2,543263;0,4723217;0,6880358;2,560787;0,2616283;0,5965118;2,564776;0,09291444;0,4967083;2,693524;-0,04919519;0,2995133;2,656093;-0,08335176;0,2277736;2,62832;0,626878;0,5446619;2,48065;0,8703442;0,6190237;2,350857;0,8087465;0,8484457;2,391248;0,7549899;0,9017555;2,428029;0,17114;0,1999322;2,505734;-0,1694308;-0,197005;2,473092;-0,4417237;-0,5361114;2,443985;-0,4594111;-0,5748326;2,334728;0,3085822;0,1493363;2,41018;0,2174269;-0,3995914;2,440545;0,2431979;-0,8068957;2,533426;0,2660891;-0,8963723;2,471393; 
0,4480902;0,8641245;2,612065;0,2768916;0,2443148;2,476214;0,3166732;0,2962571;2,540545;0,4617095;0,6453333;2,550189;0,2645289;0,5954887;2,561728;0,09439731;0,4986166;2,691616;-0,04551619;0,2994568;2,65867;-0,08075528;0,2280697;2,631534;0,6300957;0,5403352;2,483688;0,8773714;0,6097955;2,365439;0,8324854;0,8475375;2,381605;0,7787678;0,9008088;2,418359;0,1697989;0,1882299;2,497038;-0,2046995;-0,2525951;2,478184;-0,4807581;-0,5887433;2,441678;-0,4966907;-0,6274809;2,332166;0,3117649;0,1370958;2,417732;0,2174928;-0,4006083;2,440489;0,2429878;-0,8084671;2,533231;0,2656255;-0,8967728;2,470882; 
0,470669;0,8594725;2,604716;0,2774454;0,243161;2,475779;0,3145087;0,295615;2,540648;0,4625371;0,6435961;2,54991;0,2997209;0,5874599;2,540183;0,09644471;0,4999591;2,689346;-0,04266433;0,2999367;2,660573;-0,07937394;0,2288622;2,634512;0,6369498;0,5377376;2,488257;0,8818382;0,6032628;2,375959;0,8458707;0,8436229;2,382035;0,7888494;0,9367721;2,414104;0,1751163;0,1892719;2,491893;-0,1781307;-0,2272859;2,472434;-0,45769;-0,560788;2,441785;-0,4680468;-0,5995831;2,331638;0,3110159;0,1371002;2,420863;0,2169757;-0,400414;2,439351;0,2425395;-0,8081837;2,53308;0,264321;-0,8953628;2,471193; 
0,4826766;0,8566138;2,602368;0,2778167;0,2402219;2,474639;0,3144994;0,29251;2,539519;0,4635684;0,6414768;2,549396;0,2996375;0,5875725;2,540293;0,09841496;0,501757;2,686856;-0,0402984;0,301241;2,662553;-0,07756314;0,2302126;2,637089;0,6406497;0,5363295;2,491191;0,887732;0,5983293;2,391832;0,8557383;0,8400744;2,384027;0,8051082;0,9397981;2,405363;0,1756682;0,1877922;2,489257;-0,1964236;-0,2397384;2,475528;-0,4751253;-0,5741193;2,446367;-0,4844258;-0,6129255;2,336138;0,310982;0,13597;2,42201;0,2166923;-0,4010966;2,435816;0,2418037;-0,8076795;2,532516;0,2597357;-0,893647;2,472491; 
0,4877637;0,8551202;2,60177;0,2788918;0,2377365;2,472964;0,3151802;0,2901601;2,538055;0,4642725;0,6405266;2,549072;0,2999481;0,5872655;2,539951;0,1001832;0,5022247;2,684443;-0,03761388;0,3009756;2,663993;-0,07740699;0,2309088;2,639655;0,6422415;0,5356147;2,492958;0,8924582;0,5927078;2,401287;0,8665006;0,8352519;2,389137;0,8436636;0,9467582;2,392863;0,1799436;0,187944;2,479909;-0,1969011;-0,2380827;2,476111;-0,4758506;-0,572412;2,44824;-0,4844504;-0,6112068;2,337959;0,311701;0,1343902;2,425257;0,2160235;-0,4020018;2,430233;0,2387413;-0,8072302;2,530721;0,2571495;-0,8936902;2,473463; 
0,4942544;0,8551394;2,600861;0,2809193;0,2365527;2,471786;0,3162557;0,2889325;2,537108;0,4652775;0,6385045;2,548792;0,303509;0,5865057;2,537771;0,1010137;0,5018576;2,684004;-0,03756187;0,301148;2,664736;-0,07803884;0,2313711;2,640752;0,6455752;0,5345892;2,495588;0,893957;0,5898369;2,410107;0,860698;0,9132659;2,386771;0,8131444;0,9798979;2,406297;0,1834088;0,18799;2,478471;-0,1982696;-0,237781;2,477055;-0,4694564;-0,5332901;2,461581;-0,4766402;-0,5721048;2,351176;0,3123606;0,1342047;2,425396;0,2142392;-0,397098;2,415595;0,2249962;-0,8059632;2,52061;0,2452274;-0,891247;2,473176; 
0,5000643;0,8568628;2,600995;0,2863246;0,239315;2,470406;0,3197713;0,2905591;2,536055;0,4657231;0,6380081;2,548663;0,3048654;0,5866505;2,537081;0,1031242;0,5030532;2,682541;-0,03649613;0,3030742;2,664757;-0,07763018;0,2334905;2,641393;0,6465821;0,5335478;2,49755;0,8979855;0,5893837;2,413321;0,8670573;0,9138364;2,386685;0,8322198;0,987336;2,408223;0,1935922;0,1944617;2,472885;-0,1998017;-0,2372986;2,478052;-0,4804775;-0,5701069;2,462793;-0,486751;-0,6088849;2,35234;0,3184804;0,1397329;2,428882;0,2141345;-0,3925137;2,407424;0,2133584;-0,805552;2,515339;0,2401575;-0,8914127;2,472456; 
0,5032897;0,8574626;2,600988;0,2910684;0,240529;2,469371;0,3241171;0,2913866;2,535162;0,4685361;0,6372011;2,548842;0,3065664;0,5866368;2,536025;0,1013256;0,4973704;2,68098;-0,04009925;0,2986732;2,666008;-0,08167189;0,2293142;2,642808;0,6467845;0,5326458;2,498204;0,9017047;0,5873901;2,416533;0,879938;0,9136277;2,385164;0,8444076;0,986777;2,406703;0,1990292;0,1963908;2,469522;-0,2002305;-0,2367545;2,478829;-0,4804415;-0,5701357;2,463363;-0,4861178;-0,6088687;2,35289;0,3234018;0,1429602;2,431486;0,2129427;-0,3898795;2,401953;0,2067332;-0,8031125;2,509564;0,2295779;-0,8970937;2,485678; 
0,5051126;0,8761008;2,600032;0,2931501;0,2388305;2,467613;0,3272743;0,2925291;2,534063;0,5044986;0,6888906;2,55955;0,3104719;0,5845962;2,53304;0,1041253;0,5009404;2,678757;-0,03742433;0,3023795;2,666554;-0,07936901;0,2332062;2,643517;0,6484094;0,5273668;2,498303;0,9054502;0,5851973;2,41878;0,8827485;0,9138752;2,385332;0,8515903;0,9881837;2,409466;0,2002239;0,1955185;2,467779;-0,2010313;-0,2366585;2,479985;-0,481093;-0,5703861;2,463513;-0,4856692;-0,6091411;2,353023;0,3250985;0,1417709;2,431035;0,2134003;-0,387153;2,399184;0,2061247;-0,7999462;2,50847;0,2295317;-0,8970508;2,485593; 
0,5085902;0,8497212;2,597555;0,2933408;0,2375067;2,467123;0,327176;0,2897491;2,533083;0,4737963;0,6179951;2,541403;0,3110412;0,5839025;2,532258;0,105249;0,5019543;2,677026;-0,03679138;0,3037769;2,665538;-0,07918473;0,2348536;2,642651;0,6479241;0,5230974;2,497673;0,9084004;0,5793107;2,422879;0,9500941;0,8729756;2,361551;0,9059837;0,9400347;2,386626;0,2003642;0,1941682;2,467141;-0,2014895;-0,2364777;2,480535;-0,4714915;-0,5388678;2,470627;-0,4758192;-0,5776732;2,360134;0,3249084;0,1411118;2,431199;0,2135052;-0,3889712;2,398844;0,2079318;-0,8009335;2,510915;0,2299467;-0,8960596;2,484977; 
0,5130025;0,8679526;2,596018;0,2938153;0,2351368;2,465609;0,3280051;0,2897789;2,532478;0,5084752;0,6806818;2,554095;0,3128302;0,581935;2,530316;0,1051748;0,5023494;2,67415;-0,03587714;0,3035381;2,664829;-0,07862327;0,2347863;2,642139;0,6486086;0,5197877;2,497347;0,9148676;0,5762586;2,424481;0,9986594;0,7981138;2,352168;0,9688542;0,9076658;2,359186;0,2004577;0,1927948;2,466122;-0,2013983;-0,236375;2,480811;-0,4844969;-0,5677559;2,465648;-0,4883236;-0,6066123;2,355177;0,3248979;0,1386405;2,430177;0,2141382;-0,3921241;2,399228;0,2079304;-0,8038535;2,512316;0,2305119;-0,8967253;2,484322; 
0,1237225;0,9229835;2,611473;0,1604358;0,2366861;2,5247;0,1675819;0,3058719;2,594122;0,1654244;0,731121;2,625833;-0,03339238;0,5751161;2,607667;-0,07080157;0,2980598;2,620875;-0,06107455;0,07699673;2,492013;-0,05083176;0,005772972;2,448521;0,340155;0,5777209;2,565966;0,4638056;0,3130798;2,537236;0,4534639;0,04749141;2,441309;0,4289221;-0,04174677;2,417033;0,07481275;0,1555941;2,517177;0,1551982;-0,4393595;2,496316;0,02744755;-0,824725;2,493825;0,1216747;-0,897496;2,430727;0,244392;0,1525663;2,493226;0,2497332;-0,4438999;2,494244;0,2207942;-0,8310207;2,528522;0,2291795;-0,9004226;2,457586; 
0,1259701;0,9233648;2,611681;0,1614599;0,2352848;2,524386;0,1687527;0,3049521;2,593842;0,1681278;0,73204;2,625428;-0,03163233;0,5751556;2,607892;-0,06965186;0,2987821;2,620642;-0,06090213;0,07697099;2,492028;-0,04977414;0,00554898;2,449039;0,3402272;0,5777563;2,566001;0,4639333;0,312526;2,53649;0,4541669;0,04747396;2,440593;0,429556;-0,04149223;2,416045;0,07642743;0,1517321;2,516832;0,1526326;-0,4377167;2,495408;0,1606358;-0,8333653;2,503772;0,1257609;-0,9005358;2,428078;0,2446657;0,1526778;2,493184;0,2480146;-0,4427292;2,493358;0,2225557;-0,8328229;2,530149;0,2289892;-0,9000004;2,456946; 
0,1327015;0,9229676;2,613444;0,1652524;0,2334107;2,524295;0,1734429;0,3033688;2,593717;0,1777845;0,7328513;2,625216;-0,0243686;0,5751362;2,60765;-0,06727514;0,2984744;2,618396;-0,06061884;0,07719035;2,492152;-0,0490463;0,005234844;2,449512;0,3469375;0,5763203;2,564767;0,4668512;0,3108049;2,535247;0,4568249;0,04749408;2,437849;0,4308645;-0,04314176;2,412746;0,07943223;0,1490885;2,51678;0,1530948;-0,4375526;2,494883;0,1606041;-0,8333141;2,503603;0,1256373;-0,9003904;2,428126;0,2476788;0,1522919;2,493297;0,2568162;-0,4373517;2,488614;0,2326417;-0,8345399;2,533154;0,2303123;-0,8994499;2,457733; 
0,1386393;0,9211159;2,614655;0,1696942;0,2312128;2,523865;0,1793486;0,3014131;2,593029;0,190559;0,7318285;2,62265;-0,01112246;0,5782907;2,607928;-0,06216132;0,2997309;2,616028;-0,06030914;0,07726117;2,491838;-0,04905839;0,005111517;2,450019;0,3515405;0,5753243;2,56367;0,4876124;0,2975576;2,528485;0,4633195;0,04887033;2,432902;0,4354922;-0,04370596;2,407654;0,08336079;0,1471085;2,51718;0,1425077;-0,4340428;2,490645;0,1594091;-0,832274;2,502954;0,1254664;-0,9003492;2,428145;0,250123;0,151764;2,49297;0,262006;-0,4342783;2,483645;0,2324452;-0,8346411;2,532969;0,2338985;-0,8998213;2,457798; 
0,1501984;0,9224671;2,619241;0,177308;0,2296619;2,524405;0,1888452;0,3006909;2,593292;0,2083757;0,7349762;2,620868;0,0006468105;0,5806487;2,607576;-0,05921604;0,3012224;2,613335;-0,06032092;0,07522912;2,489455;-0,04924212;0,002622269;2,448781;0,3649495;0,5761601;2,561615;0,5194256;0,3192401;2,524829;0,4827915;0,05873877;2,412878;0,4463738;-0,03347947;2,39238;0,08901861;0,1460464;2,518303;0,1283754;-0,4289908;2,484045;0,1520377;-0,832062;2,500335;0,119693;-0,8987867;2,424462;0,2568013;0,150586;2,493736;0,2653441;-0,4327396;2,47927;0,2402273;-0,8335894;2,535333;0,2391926;-0,8987534;2,460182; 
0,1619376;0,9180515;2,620866;0,1824175;0,228125;2,525169;0,1946287;0,2997332;2,593311;0,2175689;0,7318911;2,61483;0,01437686;0,5803226;2,605214;-0,05486706;0,3013757;2,607379;-0,06271371;0,0725842;2,487211;-0,05241415;-0,002436582;2,447518;0,3809696;0,5717382;2,558239;0,5513605;0,3289524;2,519781;0,5021684;0,08093118;2,374199;0,4603131;-0,001481898;2,348016;0,09286775;0,1456596;2,519881;0,1049416;-0,4258564;2,475313;0,1266401;-0,8239909;2,497188;0,1092509;-0,8956163;2,421936;0,2623665;0,1474785;2,495368;0,2708255;-0,426533;2,471464;0,2478409;-0,827327;2,540137;0,2573022;-0,8976809;2,469956; 
0,1830718;0,9096919;2,621448;0,1854262;0,2269988;2,526599;0,1981982;0,2991685;2,594176;0,2308273;0,7292323;2,608761;0,0288912;0,5767646;2,598813;-0,05282662;0,3002896;2,60029;-0,06636543;0,06827473;2,484173;-0,05544008;-0,007159217;2,44624;0,3939418;0,5693609;2,556392;0,5884829;0,368501;2,520155;0,5028253;0,1060927;2,323779;0,4597125;0,0347465;2,314655;0,09532202;0,1454942;2,523113;0,08229963;-0,4158641;2,466405;0,1025115;-0,8140329;2,502251;0,0631351;-0,885161;2,415036;0,2644727;0,1451209;2,496844;0,2738253;-0,4176731;2,465364;0,2518872;-0,8211757;2,542662;0,2637264;-0,8971523;2,472046; 
0,204208;0,9102157;2,62268;0,1892239;0,2270858;2,528684;0,2012664;0,2998262;2,595649;0,2462709;0,7258639;2,602739;0,04614475;0,5710863;2,5902;-0,05122943;0,3062904;2,594871;-0,07164342;0,06312951;2,482109;-0,06001867;-0,01157204;2,445825;0,4338311;0,5653707;2,561972;0,6186616;0,4002679;2,518362;0,5262455;0,1839713;2,271433;0,4705563;0,1221436;2,261039;0,09684157;0,1458304;2,525957;0,06063649;-0,4303512;2,469862;0,04354301;-0,818054;2,487752;-0,01628074;-0,8816552;2,385391;0,2678208;0,1425737;2,499569;0,2738746;-0,4122751;2,461116;0,2549115;-0,8158149;2,54245;0,2631781;-0,8966383;2,47189; 
0,218898;0,9079511;2,618478;0,1954668;0,2287684;2,532077;0,2078542;0,3018743;2,597772;0,2598938;0,7240999;2,598163;0,05728871;0,5689689;2,5843;-0,05010088;0,314081;2,584741;-0,07839727;0,0558923;2,479244;-0,06586516;-0,01907799;2,443828;0,4473128;0,565086;2,564195;0,6528097;0,4339603;2,530968;0,5474288;0,2798942;2,243469;0,49174;0,218067;2,233075;0,09919922;0,1465593;2,529584;0,03949922;-0,4207018;2,475414;-0,01519082;-0,8230996;2,474967;-0,1081775;-0,8771305;2,394034;0,2735904;0,1416464;2,504051;0,2731033;-0,4084362;2,456723;0,2562355;-0,8137865;2,542108;0,2682986;-0,8967805;2,470515; 
0,2479738;0,9017533;2,613272;0,2016056;0,2260617;2,534606;0,213912;0,2994474;2,599413;0,2757814;0,7183064;2,594365;0,07686735;0,5659922;2,572513;-0,04830623;0,3211065;2,573401;-0,08657122;0,05642593;2,479953;-0,09933251;-0,02303999;2,456427;0,4557979;0,5633733;2,566638;0,6701395;0,4478838;2,545462;0,5900956;0,400631;2,213609;0,5344098;0,3388069;2,203215;0,1024832;0,1454521;2,531307;-0,004942385;-0,425254;2,496639;-0,1179461;-0,8467568;2,442977;-0,2254424;-0,898027;2,388696;0,2792024;0,1374623;2,510182;0,2706177;-0,3995772;2,443216;0,2565812;-0,8129528;2,541292;0,2695395;-0,8962594;2,471418; 
0,2608269;0,8926241;2,609522;0,2092702;0,2214971;2,537516;0,2213736;0,29535;2,600748;0,2894016;0,7077354;2,586822;0,09297656;0,5624399;2,564829;-0,04681273;0,3226343;2,561469;-0,09983225;0,06074012;2,483322;-0,1036646;-0,01986323;2,460543;0,475475;0,5546445;2,567327;0,7036249;0,4712631;2,518352;0,649209;0,5290114;2,182887;0,5935257;0,4671902;2,172494;0,1080117;0,1433052;2,533834;-0,02768188;-0,4153213;2,50958;-0,1866731;-0,8211047;2,443929;-0,2866709;-0,8975083;2,396283;0,2863123;0,1298711;2,517492;0,2637996;-0,3929852;2,423095;0,2570355;-0,8055117;2,537243;0,2703486;-0,8954038;2,472787; 
0,2811331;0,873598;2,601586;0,2217496;0,2083932;2,540686;0,2339967;0,2825868;2,601615;0,3083802;0,6894798;2,579438;0,1115042;0,5446889;2,552913;-0,04701458;0,3070742;2,546264;-0,1150118;0,07230766;2,48518;-0,1166055;-0,01274664;2,467754;0,4915064;0,5438123;2,565579;0,774107;0,4917228;2,481556;0,7559384;0,6168215;2,253816;0,7006832;0,6662685;2,194012;0,1185943;0,13119;2,537965;-0,06567053;-0,4350653;2,52971;-0,2383851;-0,8349773;2,459645;-0,305328;-0,8910072;2,412048;0,2964039;0,1169104;2,523129;0,2602465;-0,3937483;2,410511;0,2566427;-0,8031597;2,533847;0,2714879;-0,8952591;2,473601; 
0,2932053;0,8571971;2,599227;0,2311593;0,1979944;2,543558;0,2428471;0,2724153;2,60167;0,3195866;0,6709767;2,572955;0,1247908;0,5263553;2,542846;-0,04414345;0,2974392;2,541375;-0,1233582;0,06904291;2,488466;-0,1373979;-0,01202522;2,472457;0,5126604;0,5261132;2,562244;0,7786572;0,506205;2,481648;0,8025013;0,6716797;2,288904;0,7577839;0,7421939;2,227143;0,1262487;0,1215672;2,542435;-0,08918137;-0,410007;2,532335;-0,2861125;-0,7998619;2,47464;-0,2796975;-0,8436366;2,366381;0,3070832;0,1023189;2,527989;0,2568257;-0,4022545;2,392992;0,2548349;-0,8077008;2,527081;0,2720637;-0,8959061;2,472392; 
0,3040161;0,8439569;2,595916;0,2479533;0,1766626;2,546066;0,2591752;0,252041;2,60018;0,3325014;0,6498344;2,566014;0,1382029;0,5023696;2,534237;-0,04061745;0,2816362;2,535912;-0,1314073;0,05795516;2,487834;-0,1447131;-0,01288523;2,474563;0,5162942;0,5097044;2,554521;0,7842308;0,5119977;2,485488;0,8903564;0,6787143;2,327523;0,7872967;0,7879093;2,25294;0,1424996;0,1053068;2,545956;-0,0940115;-0,3586771;2,526231;-0,2942722;-0,7480831;2,494147;-0,2876609;-0,7927035;2,386288;0,3223615;0,08168454;2,533103;0,2525424;-0,4153535;2,378554;0,2518426;-0,818862;2,518054;0,2742135;-0,9025603;2,469378; 
0,3175789;0,8178546;2,58677;0,2509874;0,1700275;2,546513;0,2629155;0,2449091;2,597333;0,340388;0,6323395;2,559535;0,1440309;0,4893967;2,530148;-0,03997161;0,2517524;2,531097;-0,1443723;0,03377731;2,485238;-0,1555775;-0,01665799;2,478341;0,526933;0,4916578;2,55075;0,7876863;0,5184672;2,483203;0,8943781;0,6831524;2,323321;0,7993802;0,8038283;2,261751;0,1456383;0,09953479;2,546932;-0,09627634;-0,3614518;2,525514;-0,3254031;-0,7346379;2,508006;-0,3187036;-0,7799045;2,400398;0,325008;0,07136437;2,534907;0,2512079;-0,4226075;2,372329;0,2505313;-0,8261122;2,512412;0,2769697;-0,9101265;2,466349; 
0,3211016;0,8120847;2,583677;0,2566342;0,163718;2,547749;0,2685517;0,2392622;2,59471;0,3457684;0,6266466;2,555484;0,1464425;0,4822273;2,527895;-0,03921726;0,2508242;2,53081;-0,1453881;0,03344119;2,487019;-0,1587633;-0,01758284;2,477344;0,5325465;0,4883115;2,550312;0,7884398;0,516429;2,481282;0,8929627;0,6818264;2,320651;0,7808576;0,8055277;2,269069;0,1500122;0,09080477;2,549655;-0,1003142;-0,3654066;2,524084;-0,3289163;-0,7390823;2,50892;-0,3218347;-0,7849203;2,401551;0,3322046;0,06416127;2,537261;0,2510326;-0,4269471;2,369652;0,2487399;-0,8311977;2,508517;0,2794268;-0,9146777;2,464101; 
0,3303146;0,8113603;2,579;0,2598638;0,1622333;2,548965;0,2716686;0,2382268;2,592474;0,3485282;0,6254101;2,553651;0,1469036;0,4810065;2,527461;-0,03898638;0,2505383;2,530615;-0,1433869;0,0322604;2,487285;-0,1588407;-0,01754787;2,4774;0,5368035;0,4867656;2,551096;0,7862539;0,5007417;2,471472;0,7955793;0,6873778;2,292467;0,747448;0,7648237;2,259284;0,1520578;0,08935309;2,550256;-0,1001737;-0,3655897;2,523371;-0,3214459;-0,7437676;2,511311;-0,3140989;-0,7899503;2,40407;0,336609;0,06140856;2,540925;0,2535681;-0,4278309;2,368927;0,248547;-0,8322831;2,507824;0,2806886;-0,9157746;2,464404; 
0,3355992;0,8147804;2,576456;0,2658898;0,1669009;2,550375;0,2768866;0,242768;2,590724;0,3504885;0,6287357;2,553366;0,1477531;0,48356;2,528008;-0,03435349;0,2611318;2,533257;-0,135154;0,04164235;2,486797;-0,1456411;-0,006176217;2,470291;0,5416586;0,4915294;2,553558;0,7783676;0,4622852;2,473969;0,7624527;0,6246459;2,257262;0,704157;0,7007724;2,215003;0,156653;0,09166566;2,550324;-0,09538672;-0,3962287;2,525074;-0,2901995;-0,7893083;2,502933;-0,3816481;-0,8742685;2,452788;0,3441582;0,06745476;2,544427;0,2581163;-0,4224591;2,376615;0,2501443;-0,8283648;2,512529;0,2787056;-0,9114575;2,465991; 
0,337635;0,8360849;2,570473;0,2691974;0,1797189;2,552414;0,2811093;0,2569284;2,590578;0,3554947;0,6515805;2,556435;0,1493667;0,506731;2,533609;-0,02563807;0,2894644;2,542431;-0,1145281;0,06679308;2,484815;-0,1345657;0,002565571;2,465257;0,5469195;0,5084264;2,55606;0,7790216;0,4480132;2,483903;0,7202451;0,5340499;2,213126;0,6499754;0,584294;2,155182;0,1593072;0,1005115;2,550551;-0,07661292;-0,4039382;2,525216;-0,2426352;-0,8103114;2,491829;-0,318135;-0,8915483;2,430227;0,3471401;0,08215553;2,547846;0,2644071;-0,4124379;2,394365;0,2527681;-0,8234926;2,51747;0,2768055;-0,9058405;2,46725; 
0,3270595;0,8680582;2,571906;0,2710068;0,1973365;2,552729;0,2836333;0,2753954;2,590228;0,3501394;0,6793071;2,562767;0,1430312;0,5489383;2,548619;-0,01718972;0,3134323;2,554584;-0,09103085;0,0885364;2,482752;-0,07213069;-0,01449864;2,446476;0,5397077;0,5308946;2,555024;0,7642789;0,4432335;2,491609;0,7361895;0,3951763;2,239197;0,607952;0,429441;2,12428;0,1632311;0,117153;2,550135;-0,04735308;-0,4536462;2,527555;-0,1880707;-0,8437257;2,478077;-0,223303;-0,9063834;2,409489;0,3494368;0,1037061;2,546665;0,274246;-0,3979658;2,416577;0,2586749;-0,8138363;2,526197;0,2740636;-0,8966195;2,473455; 
0,3211986;0,8899743;2,569551;0,2704219;0,2229123;2,550409;0,2832409;0,3002951;2,588958;0,3435895;0,7052063;2,569344;0,1372858;0,5697045;2,557432;-0,005660178;0,340346;2,576051;-0,07067046;0,08161169;2,472243;-0,06702134;-0,01288209;2,442802;0,5344525;0,5588334;2,551006;0,7397323;0,4340779;2,48249;0,5909863;0,2985368;2,20661;0,5553211;0,2884633;2,131446;0,1650908;0,1402675;2,548193;8,954731E-05;-0,4407899;2,525183;-0,08692662;-0,8286381;2,482934;-0,1167349;-0,8990085;2,405788;0,3486019;0,1279424;2,540406;0,286366;-0,3883628;2,440229;0,2639114;-0,8097289;2,531713;0,2760699;-0,8964539;2,472104; 
0,3125685;0,9280162;2,562296;0,2684446;0,2342668;2,548424;0,2824831;0,3134123;2,587955;0,3396611;0,734665;2,574471;0,1305846;0,5982307;2,568403;0,0009623792;0,3455634;2,582671;-0,0526448;0,07701404;2,461927;-0,04373266;-0,006907808;2,433327;0,5203971;0,5758654;2,545473;0,6956226;0,4169517;2,458642;0,5616586;0,2031351;2,231982;0,5235326;0,1286757;2,227006;0,1657755;0,1544972;2,546173;0,05359033;-0,4482472;2,525277;0,003744023;-0,815913;2,500166;-0,01354802;-0,8996079;2,420126;0,3444616;0,1432652;2,535915;0,2953388;-0,3879122;2,454038;0,2741008;-0,8110226;2,538396;0,2781185;-0,8957176;2,473375;