;0,4457108;0,7392362;2,697351;0,3884353;0,1312053;2,717091;0,4083629;0,1947462;2,765798;0,4473502;0,5519215;2,749852;0,2736188;0,4381639;2,785081;0,1866869;0,1787241;2,842087;0,1545319;0,4013517;2,775756;0,1599591;0,485585;2,756111;0,6226983;0,4211982;2,707736;0,8332366;0,4218341;2,649777;0,8234639;0,6683993;2,616175;0,7997832;0,7690597;2,605729;0,2944992;0,06645179;2,726393;-0,05455592;-0,1725468;2,623116;-0,09632985;-0,5746458;2,609707;-0,1652592;-0,6176313;2,599372;0,4598424;0,03801172;2,69083;0,3913786;-0,46094;2,665022;0,3678745;-0,8398902;2,682695;0,3552129;-0,9060908;2,614825; 
0,446142;0,7408735;2,697543;0,3884594;0,1311716;2,717164;0,4083974;0,1946783;2,765888;0,4475064;0,5520862;2,750413;0,2737235;0,4381952;2,785204;0,186672;0,1787253;2,84217;0,1545169;0,4013529;2,775843;0,1599425;0,4855614;2,756204;0,6227183;0,4211882;2,707729;0,8332285;0,4219004;2,649786;0,8233455;0,6685372;2,616477;0,7997782;0,7695529;2,606503;0,294566;0,06648551;2,726479;-0,0544233;-0,172462;2,623174;-0,09635544;-0,5745468;2,609609;-0,1645854;-0,618582;2,599271;0,459842;0,03794635;2,690817;0,3909368;-0,463005;2,665797;0,3679474;-0,840222;2,6826;0,3552226;-0,90641;2,614562; 
0,4465081;0,7378716;2,699677;0,3884956;0,1310906;2,717208;0,4084472;0,1945746;2,765899;0,4475218;0,5517994;2,750446;0,2735869;0,4381559;2,785468;0,1866769;0,1787078;2,842358;0,1545218;0,4013354;2,776038;0,1599458;0,4855186;2,756405;0,6226709;0,4211279;2,707721;0,8331582;0,4218805;2,649829;0,8233503;0,6688577;2,616692;0,8003242;0,7701938;2,607306;0,2946208;0,06641977;2,726603;-0,05436561;-0,1723194;2,623087;-0,09556276;-0,57448;2,609406;-0,1997778;-0,6075559;2,591186;0,4598993;0,03776942;2,69078;0,3909429;-0,4637021;2,665829;0,3680219;-0,8401119;2,682652;0,3550951;-0,9065829;2,614342; 
0,4464051;0,736882;2,700258;0,3896253;0,1310828;2,717681;0,4094658;0,1945247;2,766358;0,4477626;0,5515894;2,751029;0,2737736;0,4382762;2,786442;0,1872234;0,1788604;2,842578;0,1550683;0,401488;2,776263;0,1604907;0,4856469;2,756636;0,6225369;0,4212111;2,707746;0,8329656;0,4218929;2,649658;0,823478;0,6687953;2,616437;0,8002994;0,7700997;2,607106;0,2962122;0,06609592;2,727214;-0,05342579;-0,171007;2,622175;-0,09436276;-0,5735828;2,60897;-0,1653512;-0,6186467;2,591864;0,4613193;0,03824977;2,691013;0,3913191;-0,4639206;2,666177;0,3675202;-0,8410373;2,683037;0,3550877;-0,9070586;2,614658; 
0,4470652;0,7400741;2,701573;0,3897393;0,1311949;2,718203;0,4096368;0,1946578;2,766912;0,4478373;0,5519031;2,75169;0,2741433;0,4384518;2,787181;0,1872945;0,1789613;2,842709;0,1551394;0,4015889;2,776399;0,1605604;0,4857257;2,756777;0,6227634;0,4213623;2,707965;0,8331934;0,4209097;2,650128;0,8238418;0,6675662;2,616271;0,8003494;0,7700792;2,606544;0,2964516;0,06628367;2,727968;-0,05288562;-0,170587;2,621519;-0,09431499;-0,5735797;2,608768;-0,1693615;-0,6174086;2,59071;0,4613439;0,03825883;2,691217;0,3912066;-0,4637204;2,667012;0,3672318;-0,8414321;2,683439;0,3552384;-0,9074782;2,614348; 
0,4474244;0,7409953;2,701674;0,3898434;0,1311687;2,718532;0,4097791;0,194671;2,767244;0,4479795;0,5521338;2,75204;0,2744374;0,4387436;2,78762;0,1878712;0,1793252;2,843301;0,1557161;0,4019528;2,776995;0,1611357;0,4860675;2,757378;0,6229379;0,421322;2,70808;0,8333298;0,4211341;2,650217;0,8237265;0,6681828;2,616328;0,8009626;0,7710789;2,607189;0,2966143;0,06631402;2,728426;-0,05252638;-0,1702716;2,620886;-0,09483991;-0,5731266;2,608067;-0,198668;-0,6061886;2,587917;0,461388;0,03816065;2,691388;0,3916356;-0,4618051;2,668083;0,3672622;-0,8412392;2,683632;0,3497407;-0,9047285;2,634944; 
0,4477943;0,7419941;2,702577;0,3903057;0,1309283;2,718999;0,4100704;0,1946031;2,767703;0,4481496;0,5527191;2,752526;0,2745757;0,438566;2,787785;0,1879693;0,1794697;2,84332;0,1558142;0,4020973;2,777018;0,1612324;0,4861902;2,757406;0,6232828;0,42215;2,709004;0,8335162;0,421;2,650306;0,8237368;0,6681731;2,61637;0,8010773;0,7710342;2,607092;0,2972297;0,06618713;2,728795;-0,05206883;-0,1695405;2,620021;-0,09433208;-0,5723487;2,60692;-0,1797508;-0,6159517;2,587007;0,4619014;0,03776673;2,691993;0,3920372;-0,4622672;2,66876;0,3675317;-0,8419091;2,683275;0,3523426;-0,9053359;2,629409; 
0,4483006;0,7433162;2,704067;0,3904448;0,1307084;2,71967;0,4103384;0,1943914;2,768489;0,4485004;0,5530863;2,753731;0,2750672;0,4388418;2,788615;0,1880454;0,1793925;2,843478;0,1558903;0,4020201;2,777182;0,1613071;0,4860918;2,757574;0,6232508;0,4221061;2,709147;0,8334681;0,421285;2,650556;0,8237422;0,6681822;2,616431;0,8010117;0,7710835;2,607167;0,2975329;0,06620543;2,729608;-0,05156493;-0,1691387;2,619498;-0,09365684;-0,5726219;2,606857;-0,1758466;-0,6172555;2,587291;0,4618866;0,03753152;2,692369;0,3920094;-0,4637327;2,669408;0,367431;-0,8420471;2,68315;0,3525707;-0,9068825;2,621882; 
0,4488057;0,7411296;2,705583;0,3911656;0,1298477;2,719905;0,410916;0,1937114;2,768849;0,4486029;0,5529381;2,754164;0,2753192;0,4387552;2,788577;0,188297;0,1793825;2,843635;0,1561419;0,4020101;2,777342;0,1615574;0,4860603;2,75774;0,6231595;0,4222008;2,70923;0,8333459;0,4216257;2,650644;0,8237626;0,6681643;2,616468;0,8009722;0,7711507;2,607232;0,2986418;0,06571249;2,729912;-0,05105653;-0,1683911;2,619266;-0,09324243;-0,5727348;2,606153;-0,1741628;-0,6178391;2,587561;0,4625196;0,03652094;2,69235;0,3920668;-0,4637802;2,669431;0,3678829;-0,8424035;2,683034;0,3528613;-0,9073915;2,621131; 
0,4494292;0,7429002;2,705803;0,3913758;0,1305106;2,720493;0,4109816;0,1943489;2,769707;0,4485924;0,5538688;2,755453;0,275504;0,4387784;2,78861;0,188529;0,1793307;2,843655;0,1563739;0,4019583;2,777367;0,161788;0,4859869;2,75777;0,6241053;0,4237658;2,710494;0,8340649;0,4217401;2,650672;0,8238;0,6680941;2,616648;0,8008467;0,7706509;2,606733;0,2987837;0,06591414;2,73014;-0,050598;-0,1684082;2,61921;-0,09308316;-0,571788;2,604663;-0,1726755;-0,6176654;2,587013;0,4628062;0,03764093;2,693057;0,3919993;-0,4640276;2,669571;0,3674966;-0,8427704;2,682956;0,3523843;-0,9077376;2,61848; 
0,4494998;0,7436925;2,705963;0,3915204;0,1310466;2,721108;0,4110964;0,1947183;2,770634;0,4478331;0,5541642;2,757084;0,2753807;0,4388315;2,78955;0,1881636;0,1788883;2,844318;0,1560086;0,4015159;2,778034;0,1614214;0,4855258;2,758441;0,6242488;0,4241292;2,711139;0,8342301;0,4224458;2,651689;0,8238599;0,6679013;2,617019;0,7998731;0,7714172;2,607965;0,2989187;0,06601616;2,730655;-0,05014706;-0,1683349;2,618996;-0,08943887;-0,5698545;2,602669;-0,194755;-0,5966359;2,580972;0,4631076;0,03832555;2,69336;0,3924958;-0,4621804;2,669925;0,3668539;-0,8419121;2,682684;0,3450798;-0,906217;2,636867; 
0,4485143;0,7409723;2,709044;0,3915249;0,1310472;2,721295;0,4112168;0,1946206;2,771065;0,4475273;0,5539302;2,757572;0,2749327;0,4386722;2,790877;0,1882634;0,1786967;2,84454;0,1561083;0,4013243;2,77826;0,16152;0,4853169;2,758672;0,6230547;0,4247352;2,711916;0,8330071;0,4233358;2,652484;0,8236169;0,6675404;2,617639;0,7995355;0,7718875;2,609528;0,2990534;0,06589974;2,731035;-0,04981557;-0,1683643;2,618821;-0,09268914;-0,5697571;2,601043;-0,1690311;-0,60806;2,584364;0,4630964;0,03842888;2,693398;0,3923858;-0,4611658;2,669941;0,366707;-0,8411863;2,682826;0,3454075;-0,9058293;2,637332; 
0,4489326;0,7421131;2,710387;0,3918295;0,1311761;2,721745;0,4116118;0,1947081;2,771818;0,4474818;0,5544374;2,758538;0,2749065;0,438489;2,792068;0,1883358;0,1788367;2,84464;0,1561808;0,4014643;2,778364;0,1615914;0,4854392;2,75878;0,6225138;0,4249135;2,712599;0,8323461;0,424068;2,652605;0,823342;0,6678685;2,61844;0,7992446;0,7719179;2,610611;0,2994791;0,06583137;2,731366;-0,0495199;-0,1678622;2,618559;-0,09229724;-0,5691504;2,60043;-0,1648846;-0,6088756;2,58322;0,4635431;0,03910799;2,69399;0,392324;-0,4609937;2,670041;0,366581;-0,840773;2,68325;0,3459601;-0,905771;2,638026; 
0,4491763;0,744374;2,711267;0,3918203;0,1313573;2,722205;0,411665;0,1948147;2,772606;0,4471068;0,5546345;2,759415;0,2746089;0,4390073;2,792759;0,1884476;0,1782927;2,845006;0,1562926;0,4009202;2,778734;0,1617021;0,4848797;2,759154;0,6219715;0,4249513;2,712808;0,8317752;0,4248623;2,652847;0,8231782;0,6677772;2,619234;0,8009014;0,7739643;2,615243;0,299555;0,06587207;2,731949;-0,04913008;-0,167832;2,618384;-0,09218396;-0,568771;2,599869;-0,163084;-0,6103212;2,582726;0,4635479;0,03942227;2,694202;0,3921682;-0,460567;2,670486;0,3667909;-0,8392619;2,683575;0,3487383;-0,9043972;2,637524; 
0,447762;0,7414111;2,714633;0,3917818;0,1311105;2,722402;0,4117209;0,1944641;2,773181;0,4468979;0,5546352;2,760375;0,2744205;0,4391684;2,793272;0,1885333;0,1783499;2,844982;0,1563782;0,4009774;2,778714;0,1617871;0,4849256;2,759137;0,6205783;0,4251739;2,713188;0,8302639;0,425161;2,652699;0,8226674;0,6680314;2,620341;0,7989954;0,7761155;2,6191;0,2996519;0,06557825;2,732274;-0,04904616;-0,1677224;2,618104;-0,09290472;-0,5673033;2,598826;-0,1628976;-0,6112782;2,582186;0,4635102;0,03939041;2,694171;0,3920771;-0,4608014;2,670621;0,3671787;-0,839989;2,683394;0,353104;-0,9051106;2,627388; 
0,4478372;0,7433994;2,715502;0,3915818;0,1317142;2,723068;0,4117022;0,1949979;2,774098;0,4466204;0,5550339;2,760936;0,2737463;0,4390174;2,795117;0,1885025;0,1785315;2,845248;0,1563475;0,4011591;2,778984;0,1617557;0,4850983;2,759409;0,6202132;0,4255766;2,713915;0,829872;0,4243614;2,653529;0,8222892;0,6682649;2,621365;0,7984474;0,777626;2,621324;0,2995137;0,06599312;2,732774;-0,04879329;-0,1675561;2,618105;-0,09220556;-0,5669478;2,598494;-0,1625752;-0,6117731;2,58192;0,4632854;0,0401385;2,694815;0,3921027;-0,4606548;2,670719;0,3670576;-0,8400266;2,683352;0,3526983;-0,9051569;2,626164; 
0,4476945;0,7437195;2,715805;0,3913633;0,1319222;2,723536;0,4116403;0,1950943;2,774891;0,4466056;0,5551814;2,761878;0,2732368;0,439334;2,796175;0,1882779;0,1790677;2,845391;0,1561228;0,4016953;2,779131;0,1615306;0,4856266;2,759558;0,6198229;0,4256227;2,714275;0,8294497;0,424477;2,653949;0,8218203;0,6682253;2,622116;0,7978496;0,7782792;2,622283;0,2992834;0,06609027;2,733185;-0,04872221;-0,1675728;2,618064;-0,09374862;-0,567819;2,59782;-0,1634428;-0,6126415;2,581678;0,4630187;0,04046214;2,695121;0,3919135;-0,4606803;2,670918;0,3673813;-0,8398;2,684051;0,3529896;-0,9049508;2,627391; 
0,4458126;0,7407049;2,718131;0,3906211;0,1321433;2,724171;0,4109173;0,195225;2,775739;0,4455661;0,5549211;2,76228;0,2723581;0,4389485;2,796491;0,1883927;0,1791213;2,845433;0,1562377;0,4017489;2,779178;0,1616449;0,4856716;2,759607;0,6190817;0,425625;2,714556;0,8283162;0,4391493;2,654747;0,8214898;0,6680338;2,622374;0,7968519;0,7774946;2,621974;0,2985057;0,06619395;2,733697;-0,0490132;-0,1678806;2,618153;-0,09397432;-0,5669359;2,597625;-0,1638555;-0,6133009;2,581566;0,4623819;0,04082347;2,695847;0,3919712;-0,4608232;2,671268;0,3675439;-0,8397059;2,683565;0,3537878;-0,9061399;2,622364; 
0,4454936;0,7413389;2,718545;0,3906607;0,1325228;2,724824;0,4109993;0,1954711;2,776629;0,4453694;0,5548667;2,763147;0,2721248;0,4391405;2,79694;0,1882867;0,1795214;2,845619;0,1561316;0,402149;2,779368;0,1615383;0,4860629;2,759799;0,6188703;0,4257762;2,714713;0,8279321;0,4394534;2,654103;0,8207319;0,6683173;2,622655;0,7959983;0,7774877;2,621775;0,2986235;0,06642414;2,734224;-0,04869434;-0,1676535;2,618293;-0,09371316;-0,5655649;2,597654;-0,1621319;-0,6132046;2,581449;0,4623814;0,04133533;2,696404;0,3918644;-0,4608534;2,671407;0,3669987;-0,84105;2,68407;0,3536173;-0,9070566;2,621045; 
0,4438383;0,7391564;2,720372;0,3895721;0,132729;2,725778;0,4098299;0,1954062;2,77794;0,4437342;0,554198;2,765275;0,2718758;0,4393251;2,797201;0,187238;0,1788036;2,846317;0,1550829;0,4014312;2,78007;0,160489;0,4853368;2,760503;0,6182404;0,4255707;2,715216;0,8273976;0,4347337;2,653897;0,8204978;0,6681562;2,622746;0,7956301;0,7775948;2,621503;0,2975276;0,06649695;2,735087;-0,04918024;-0,1679578;2,618257;-0,09364597;-0,5655452;2,597526;-0,1946384;-0,6056362;2,577263;0,461423;0,04177722;2,697052;0,3921411;-0,4599921;2,671831;0,3671977;-0,8410955;2,684114;0,354121;-0,9070044;2,620858; 
0,4430762;0,7390481;2,721227;0,3895598;0,1322758;2,72606;0,4097994;0,1949943;2,778394;0,4430656;0,5540478;2,765688;0,2716143;0,4394631;2,797706;0,1874386;0,1793712;2,846134;0,1552835;0,4019988;2,779893;0,1606891;0,4858959;2,760327;0,617268;0,4252922;2,715572;0,8253191;0,4449286;2,652142;0,820366;0,668091;2,622845;0,7949943;0,7770935;2,620873;0,2977249;0,06625216;2,735401;-0,04894939;-0,1680074;2,618294;-0,09367446;-0,5655982;2,597471;-0,1660086;-0,6165805;2,583018;0,4614138;0,04128437;2,697224;0,3919392;-0,4605037;2,67193;0,366886;-0,8408778;2,684436;0,3541824;-0,9072443;2,620462; 
0,4427728;0,7399549;2,721531;0,3880627;0,1333442;2,727335;0,4086298;0,1959285;2,779537;0,4425386;0,5542604;2,765712;0,2708045;0,4403978;2,799353;0,1867708;0,1792607;2,846896;0,1546157;0,4018884;2,780658;0,1600206;0,4857764;2,761094;0,6173971;0,4252938;2,716125;0,8257716;0,4404786;2,652615;0,8200868;0,6681393;2,622991;0,7942409;0,7768264;2,62042;0,2956761;0,06717812;2,737168;-0,04964361;-0,1685183;2,619087;-0,09328572;-0,5653683;2,597351;-0,1633451;-0,6162521;2,583272;0,4600939;0,0419717;2,69836;0,3919324;-0,4620866;2,672786;0,3665061;-0,8429493;2,684842;0,3543828;-0,9076723;2,620038; 
0,4425266;0,7423373;2,721188;0,3871223;0,1337301;2,728477;0,4077183;0,196329;2,780843;0,4416217;0,5547091;2,766704;0,2704119;0,4410999;2,799892;0,1857855;0,1805617;2,84793;0,1536304;0,4031893;2,781696;0,159035;0,4870707;2,762134;0,6172274;0,4253029;2,716291;0,8259829;0,4357974;2,653558;0,8197502;0,6668726;2,62303;0,7938222;0,7769494;2,62031;0,2949347;0,06742316;2,738171;-0,04991823;-0,1685533;2,619506;-0,09370603;-0,5655719;2,597371;-0,1627622;-0,6172859;2,583411;0,4589515;0,04245254;2,699572;0,3913737;-0,4616237;2,673558;0,366935;-0,8429072;2,68463;0,3548584;-0,9071121;2,618942; 
0,4408405;0,7403132;2,722372;0,3866616;0,133627;2,729015;0,4071447;0,1961861;2,781555;0,4407622;0,5544289;2,76731;0,2701682;0,4412263;2,800218;0,1858654;0,1804422;2,84806;0,1537103;0,4030698;2,78183;0,1591144;0,4869446;2,762269;0,6149807;0,4268872;2,717816;0,8236009;0,4345309;2,653773;0,8197132;0,6667265;2,623097;0,7936293;0,7766737;2,620127;0,2947727;0,06746215;2,738552;-0,05015963;-0,1687219;2,620894;-0,09372945;-0,5655637;2,597368;-0,1627669;-0,6172951;2,583395;0,4582674;0,04257399;2,700263;0,391134;-0,4623841;2,673404;0,3670549;-0,8422623;2,684803;0,3548217;-0,9070999;2,618887; 
0,4399775;0,7393436;2,723648;0,3866464;0,1335632;2,729252;0,407177;0,1960106;2,781964;0,4403906;0,5541682;2,768159;0,2696777;0,4414476;2,800788;0,1852305;0,1804911;2,848527;0,1530755;0,4031187;2,782302;0,1584791;0,4869863;2,762743;0,6148401;0,4265553;2,717704;0,8234813;0,4324843;2,653672;0,8193191;0,666904;2,623108;0,7934105;0,7766151;2,620021;0,294809;0,06750573;2,738727;-0,05027756;-0,1688734;2,622315;-0,09462017;-0,5662158;2,597685;-0,1973855;-0,6036091;2,581573;0,4582593;0,04234273;2,700439;0,3904248;-0,4602433;2,67342;0,3667918;-0,8423609;2,684943;0,3545552;-0,9068102;2,618827; 
0,4383196;0,7391539;2,724103;0,3843512;0,1344212;2,731111;0,4050953;0,1967163;2,783657;0,438446;0,5538478;2,768822;0,268455;0,4415626;2,802179;0,1846655;0,1807892;2,849565;0,1525104;0,4034168;2,783344;0,1579136;0,4872774;2,763787;0,6141408;0,4264571;2,717987;0,8227202;0,432218;2,653777;0,8190824;0,6669937;2,623215;0,7931399;0,7767924;2,620037;0,2924553;0,0682395;2,741244;-0,05094683;-0,1697875;2,623305;-0,09454033;-0,5664441;2,597891;-0,1705725;-0,6220473;2,588986;0,4558995;0,04320002;2,701974;0,390015;-0,4599969;2,673605;0,3669564;-0,841789;2,684686;0,3544302;-0,9066306;2,617923; 
0,4373074;0,73904;2,724864;0,38443;0,1342717;2,731244;0,4052537;0,1965885;2,783803;0,438285;0,5537805;2,768904;0,2675371;0,4421486;2,803535;0,1846498;0,180766;2,849823;0,1524948;0,4033935;2,783606;0,1578975;0,4872474;2,76405;0,6136543;0,4264022;2,718278;0,821385;0,4442912;2,653335;0,8189921;0,6668698;2,623283;0,793108;0,7766622;2,619932;0,2926281;0,06814069;2,741343;-0,05103332;-0,1701467;2,625123;-0,09459405;-0,5667791;2,598353;-0,1705283;-0,6220858;2,588902;0,4560076;0,04293923;2,702183;0,3880452;-0,46294;2,674361;0,3653202;-0,8440785;2,684675;0,3544564;-0,907753;2,614184; 
0,4373943;0,7414336;2,724388;0,3832067;0,1344864;2,732693;0,4042115;0,1967925;2,785109;0,4376741;0,5536519;2,769601;0,2672186;0,4423964;2,804364;0,1842997;0,181255;2,849921;0,1521447;0,4038826;2,783708;0,1575471;0,487732;2,764153;0,6132975;0,4263541;2,718404;0,8209895;0,44424;2,653407;0,8176899;0,6659497;2,62398;0,7911565;0,7771102;2,619904;0,2914858;0,06863295;2,742696;-0,05132896;-0,1706288;2,62618;-0,09531786;-0,5676585;2,598662;-0,1973293;-0,605781;2,579306;0,4544329;0,04308451;2,703983;0,3880538;-0,4627612;2,674333;0,3649544;-0,8446229;2,684764;0,3544393;-0,907804;2,614112; 
0,4353953;0,739895;2,724792;0,3820447;0,1342888;2,733539;0,403054;0,1965358;2,786036;0,4365393;0,5533489;2,770789;0,2670267;0,4422282;2,804506;0,1843565;0,1810853;2,84981;0,1522014;0,4037129;2,783601;0,1576036;0,487559;2,764047;0,6117503;0,4269933;2,718839;0,8193271;0,445973;2,653885;0,817519;0,6659039;2,624281;0,791143;0,7776122;2,621296;0,2905984;0,06840499;2,743422;-0,05195317;-0,1711153;2,626882;-0,09578555;-0,5676553;2,598862;-0,1638999;-0,6263434;2,590006;0,4530361;0,04341512;2,704803;0,3877094;-0,4637704;2,674325;0,3647854;-0,8448021;2,684839;0,3543225;-0,9078208;2,613619; 
0,4349414;0,7397533;2,724669;0,3815241;0,1344886;2,73411;0,402599;0,1967035;2,786542;0,4358932;0,5532434;2,771128;0,2655677;0,4418717;2,805954;0,1843608;0,1810275;2,849983;0,1522058;0,4036551;2,783778;0,1576079;0,4875;2,764225;0,6108583;0,4271634;2,719557;0,8183436;0,446619;2,6545;0,8170715;0,6656212;2,624791;0,7902124;0,7787478;2,622015;0,289743;0,0684364;2,744636;-0,05197895;-0,1720528;2,627837;-0,09574457;-0,5680123;2,599424;-0,1987229;-0,6046106;2,58221;0,452795;0,04353784;2,704957;0,387035;-0,4612801;2,673884;0,3655265;-0,8436146;2,685082;0,3545268;-0,9065723;2,615993; 
0,433275;0,7387203;2,724403;0,3791984;0,1335579;2,735305;0,4009462;0,1959873;2,78749;0,4354829;0,5531281;2,771658;0,2641814;0,441938;2,807928;0,1844592;0,1814515;2,8506;0,1523042;0,4040791;2,784398;0,1577063;0,487924;2,764844;0,6086545;0,4260894;2,719583;0,8159298;0,4476488;2,654664;0,8166651;0,6653761;2,625466;0,7900578;0,7791539;2,622814;0,2877852;0,06800858;2,746032;-0,05297056;-0,1732096;2,628112;-0,09461801;-0,5710787;2,600015;-0,1978724;-0,6062999;2,581253;0,4491313;0,04212505;2,706031;0,3870816;-0,4636477;2,673962;0,3649396;-0,8442573;2,685496;0,3547814;-0,9063948;2,615469; 
0,430896;0,7375278;2,724505;0,3791037;0,1336389;2,735547;0,4007516;0,1959857;2,787815;0,4344148;0,5529358;2,772636;0,2636902;0,4417635;2,808184;0,183971;0,180173;2,850606;0,1518159;0,4028006;2,784409;0,1572181;0,4866452;2,764855;0,6075329;0,4266986;2,72004;0,8147625;0,4486295;2,655217;0,8154378;0,66609;2,626706;0,7893005;0,7797955;2,623414;0,2877761;0,06797184;2,746279;-0,05281526;-0,1734863;2,628638;-0,09316152;-0,5761473;2,60057;-0,1697493;-0,6327364;2,587259;0,4491265;0,04240207;2,706177;0,3870703;-0,4636402;2,673883;0,3648523;-0,8443165;2,685475;0,3547652;-0,90641;2,615409; 
0,4282021;0,743982;2,724783;0,3786228;0,1346948;2,736197;0,4000884;0,1968626;2,788416;0,4340672;0,5530491;2,772915;0,2628584;0,4420967;2,809339;0,1839;0,1801733;2,850684;0,151745;0,4028009;2,78449;0,1571475;0,4866523;2,764935;0,6065325;0,4316171;2,723201;0,8132753;0,4544972;2,656427;0,8143896;0,6656634;2,627814;0,7847874;0,7829016;2,624707;0,2873313;0,06874231;2,747091;-0,05213979;-0,1740758;2,629184;-0,09315607;-0,5762447;2,600893;-0,1424396;-0,6457659;2,589236;0,4487227;0,04351597;2,706534;0,3870045;-0,463561;2,673858;0,3652112;-0,8438466;2,685246;0,3547748;-0,9059822;2,614977; 
0,4276878;0,7437132;2,724757;0,3764081;0,1355906;2,737245;0,398086;0,1975034;2,789353;0,4326729;0,5527351;2,773704;0,2615603;0,4426207;2,810724;0,183911;0,1806009;2,850865;0,1517559;0,4032285;2,784674;0,157159;0,4870871;2,765117;0,6065222;0,431417;2,723324;0,8128123;0,4590225;2,657324;0,8134291;0,6701468;2,628362;0,7834759;0,7839887;2,623015;0,2852731;0,06915528;2,748073;-0,05173475;-0,1767748;2,629937;-0,09196351;-0,5825607;2,601275;-0,186104;-0,6384231;2,584758;0,4461161;0,04434785;2,707458;0,3868341;-0,4635279;2,673977;0,3668478;-0,8419547;2,684633;0,3543469;-0,9052321;2,61162; 
0,4253111;0,7392442;2,725523;0,3764131;0,1356013;2,737226;0,3981348;0,1975306;2,789281;0,4317104;0,5527478;2,773807;0,2597706;0,4419588;2,811805;0,1838134;0,1785442;2,851264;0,1516584;0,4011718;2,785077;0,1570625;0,4850475;2,765516;0,6062633;0,4316322;2,723535;0,8124156;0,4614897;2,658598;0,8124869;0,6725161;2,628538;0,7770708;0,7884021;2,621538;0,285353;0,069048;2,748127;-0,04940024;-0,180388;2,631421;-0,09196637;-0,582689;2,601358;-0,1886735;-0,6341858;2,585258;0,446216;0,04437372;2,707309;0,3866014;-0,4635201;2,673835;0,3671038;-0,8416483;2,684175;0,3545144;-0,905107;2,611351; 
0,4242295;0,7402803;2,725177;0,3761181;0,135969;2,737604;0,3977397;0,1978902;2,78959;0,4306119;0,5527545;2,774035;0,2590894;0,442228;2,812279;0,1835934;0,1783631;2,851428;0,1514384;0,4009907;2,785244;0,1568437;0,4848852;2,765678;0,605792;0,4312288;2,723549;0,8117374;0,4627784;2,658963;0,8115752;0,6737968;2,629021;0,7755511;0,7899291;2,622495;0,2850912;0,06921452;2,748491;-0,04839629;-0,1820327;2,632365;-0,07811937;-0,5870012;2,599794;-0,1756656;-0,6376339;2,585879;0,4461245;0,04482009;2,707695;0,3864534;-0,4634047;2,673661;0,3658188;-0,8413665;2,683689;0,3544308;-0,9050528;2,610831; 
0,4235514;0,7397355;2,725919;0,375694;0,1361399;2,737601;0,3971269;0,1981371;2,789434;0,4288217;0,5522978;2,773359;0,258512;0,4423745;2,8126;0,1832027;0,1779024;2,851666;0,1510476;0,40053;2,785486;0,1564545;0,4844478;2,765915;0,60482;0,4302695;2,723643;0,8102782;0,4650507;2,659337;0,8100313;0,6760269;2,629039;0,7721223;0,7927228;2,623383;0,2847001;0,06922802;2,748725;-0,04773116;-0,1832974;2,632604;-0,07611474;-0,5849188;2,599709;-0,1757644;-0,6314408;2,585943;0,4458795;0,04501299;2,707566;0,3861737;-0,4635505;2,673444;0,3653779;-0,8427858;2,683885;0,3545491;-0,9052514;2,610881; 
0,4224865;0,7390834;2,726295;0,3752027;0,1359379;2,737871;0,3964462;0,197899;2,789743;0,4274681;0,5522075;2,774187;0,2577358;0,4422142;2,812788;0,1826967;0,1774482;2,85221;0,1505417;0,4000758;2,786033;0,1559501;0,4840177;2,766456;0,6038395;0,4303934;2,72391;0,8084093;0,4705991;2,660267;0,8083931;0,681551;2,62982;0,7710465;0,7943235;2,623651;0,2842855;0,06879231;2,749238;-0,04716754;-0,1847356;2,632767;-0,09183837;-0,6046218;2,59859;-0,1799142;-0,6438848;2,585641;0,4455749;0,04495103;2,707567;0,3855982;-0,4660409;2,673012;0,3650306;-0,8430374;2,68366;0,3533861;-0,9069579;2,609802; 
0,4214496;0,7384554;2,726343;0,3751292;0,1366116;2,738159;0,3962276;0,1984766;2,789888;0,4267555;0,5523124;2,774144;0,2569291;0,4425424;2,813653;0,1824888;0,1773865;2,852499;0,1503338;0,4000141;2,786326;0,1557441;0,4839857;2,766742;0,6033946;0,4313986;2,724856;0,8078846;0,4722461;2,661557;0,8083329;0,6830959;2,629995;0,766508;0,7964109;2,62272;0,2842339;0,06901458;2,74967;-0,04398692;-0,1886827;2,633395;-0,08975779;-0,6085823;2,599246;-0,1737173;-0,6479174;2,583505;0,4457997;0,04591192;2,707688;0,3857208;-0,4649398;2,672659;0,3654627;-0,8412845;2,683235;0,3521034;-0,905771;2,610601; 
0,4210806;0,7381884;2,726122;0,3750395;0,136915;2,738317;0,3960007;0,1988764;2,789888;0,4255528;0,552623;2,773776;0,25637;0,4427527;2,814207;0,1824204;0,1777455;2,852367;0,1502654;0,400373;2,786198;0,1556781;0,4843814;2,766606;0,6029169;0,4321267;2,725435;0,8073099;0,4738607;2,662682;0,8059894;0,6846807;2,630944;0,7580576;0,8010679;2,62486;0,2841933;0,06900146;2,750152;-0,04317185;-0,1896033;2,633667;-0,08158474;-0,5958949;2,599174;-0,1737464;-0,6493411;2,582969;0,4459149;0,04649825;2,707722;0,3853696;-0,4606691;2,671692;0,3652386;-0,8411709;2,683181;0,3544661;-0,9045832;2,616301; 
0,4200419;0,7373337;2,724727;0,3750242;0,1371106;2,738426;0,395715;0,1991173;2,789843;0,4247442;0,5524902;2,773442;0,2555754;0,4427763;2,814646;0,1823159;0,1776356;2,852596;0,150161;0,4002632;2,78643;0,155568;0,4841854;2,766859;0,6023859;0,434705;2,727419;0,8066773;0,4767625;2,664535;0,7753353;0,7453739;2,63672;0,7476649;0,825967;2,62278;0,2842853;0,06898887;2,750237;-0,04158166;-0,1913623;2,633748;-0,08008379;-0,6028131;2,598876;-0,1701473;-0,6523819;2,58237;0,4459531;0,04688442;2,707989;0,3852744;-0,4619129;2,671362;0,3653207;-0,8418664;2,682236;0,3537429;-0,9050686;2,613528; 
0,4186127;0,7377352;2,724082;0,3742053;0,1378255;2,739043;0,3946702;0,1999153;2,79011;0,4231976;0,5527331;2,773129;0,2548726;0,4428762;2,815332;0,1824104;0,1776853;2,852908;0,1502554;0,4003129;2,786745;0,1556576;0,484159;2,767191;0,6018481;0,4356012;2,72833;0,8059052;0,4788549;2,665607;0,7754006;0,7454101;2,637086;0,7438558;0,8253655;2,629753;0,283797;0,06931854;2,750843;-0,03864313;-0,196862;2,633402;-0,07877342;-0,6150581;2,598328;-0,182213;-0,6491475;2,577389;0,4451436;0,04778147;2,708847;0,3850102;-0,4621941;2,671118;0,3659196;-0,8421804;2,682541;0,3538389;-0,9052243;2,613095