;0,2982976;0,720425;2,261851;0,2977605;0,1244181;2,219044;0,3137338;0,1824624;2,27545;0,3336426;0,5293452;2,275604;0,156055;0,4114159;2,312682;0,115119;0,1777825;2,36975;0,1731321;0,370225;2,251169;0,2220948;0,411171;2,250756;0,5161411;0,4477672;2,249783;0,6935989;0,5562501;2,198067;0,5359197;0,6919274;2,208277;0,4625791;0,7278411;2,236362;0,2129478;0,05156237;2,229043;-0,1090108;-0,2049433;2,140156;0,1353547;-0,4748577;2,187922;0,1217496;-0,5049676;2,108003;0,3656423;0,03141196;2,181757;0,3004895;-0,483633;2,228775;0,2998317;-0,7965498;2,222538;0,3050994;-0,8534352;2,176281; 
0,2955647;0,7199233;2,259536;0,2957203;0,1242384;2,218116;0,3120947;0,182234;2,274404;0,3325261;0,5291696;2,274571;0,15361;0,4105843;2,312961;0,1148654;0,1763416;2,369498;0,1728786;0,3687841;2,250919;0,2218391;0,4097284;2,250506;0,5144324;0,4483686;2,247665;0,6929904;0,5547672;2,195318;0,4779994;0,6931415;2,23698;0,404662;0,7290537;2,265064;0,2109988;0,05124836;2,228655;-0,1095015;-0,2072742;2,141907;-0,01974231;-0,4737666;2,149675;0,07804967;-0,4708372;2,167516;0,3634462;0,03075554;2,179724;0,2991261;-0,483805;2,227777;0,2989466;-0,797357;2,221854;0,3040313;-0,8536456;2,174855; 
0,2933053;0,7193407;2,257067;0,2949791;0,1234722;2,217682;0,3113227;0,1816157;2,273853;0,3307123;0,5287318;2,273293;0,1523039;0,4093825;2,312495;0,1148838;0,1761589;2,369327;0,172897;0,3686014;2,25075;0,2218555;0,4095439;2,250337;0,5130742;0,4479081;2,246131;0,6917781;0,5538573;2,193423;0,457487;0,6962979;2,250205;0,3841527;0,7322086;2,278288;0,2104738;0,05027293;2,228789;-0,1099693;-0,2079776;2,142287;-0,01912402;-0,4739707;2,149863;0,07865671;-0,4705116;2,167653;0,3629149;0,0297771;2,178565;0,2974291;-0,4815927;2,22621;0,2975225;-0,7979357;2,221344;0,3039379;-0,8540161;2,174263; 
0,2921774;0,7187719;2,25561;0,29312;0,1232043;2,217657;0,3096292;0,1813578;2,273691;0,3294843;0,5282943;2,272641;0,1512114;0,4085894;2,312212;0,11489;0,1760616;2,36934;0,1729032;0,368504;2,250766;0,2218596;0,4094448;2,250353;0,5123404;0,4483032;2,245116;0,6913527;0,5536381;2,192516;0,4579006;0,6962682;2,251344;0,3845694;0,7321774;2,279426;0,20887;0,05024097;2,228764;-0,1106266;-0,2088006;2,14246;-0,01851095;-0,4742245;2,149842;0,07924035;-0,4701255;2,167631;0,3610424;0,02918991;2,178691;0,297359;-0,4804149;2,225119;0,2982314;-0,7981972;2,219899;0,30403;-0,8548226;2,173399; 
0,2918097;0,7185224;2,255022;0,2922566;0,1230169;2,217372;0,3089519;0,1812432;2,273322;0,3291065;0,5283323;2,27199;0,1504909;0,4081101;2,312011;0,1146211;0,1758656;2,369132;0,1726342;0,368308;2,25056;0,2215886;0,4092471;2,250148;0,5116896;0,4483549;2,244135;0,6907698;0,5535462;2,191929;0,4572492;0,6968249;2,248923;0,383921;0,7327327;2,277004;0,2079312;0,05019297;2,228558;-0,1109043;-0,2093416;2,142551;-0,017767;-0,4742666;2,149793;0,07998541;-0,4701953;2,167554;0,3602603;0,02884437;2,178448;0,2965398;-0,4829982;2,224938;0,2979774;-0,798716;2,219524;0,3038986;-0,855286;2,172979; 
0,2908709;0,7180825;2,253276;0,2914875;0,1230193;2,216787;0,3083559;0,1811747;2,27267;0,328597;0,5279011;2,271197;0,1496245;0,407986;2,312018;0,1144852;0,1752306;2,369424;0,1724983;0,367673;2,250855;0,2214509;0,4086105;2,250443;0,5108768;0,4484692;2,243016;0,6902244;0,5531584;2,191124;0,4577886;0,697109;2,249981;0,3844633;0,7330153;2,27806;0,2071259;0,05011633;2,228287;-0,1114785;-0,2094429;2,142742;-0,01816906;-0,4742224;2,149442;0,0795918;-0,4704866;2,167192;0,3594484;0,02870873;2,177324;0,2961837;-0,4830007;2,224653;0,2956644;-0,8007224;2,2195;0,3040057;-0,8561913;2,172017; 
0,2906724;0,7180426;2,252799;0,2908446;0,1230962;2,216322;0,3077682;0,1811858;2,272176;0,3276546;0,5276329;2,270794;0,1479385;0,4078938;2,312444;0,1140602;0,1751431;2,369219;0,1720733;0,3675856;2,250652;0,2210241;0,4085216;2,25024;0,5104665;0,448562;2,242257;0,689881;0,552896;2,189865;0,536016;0,6929617;2,196228;0,4626933;0,7288668;2,224307;0,2064637;0,04998903;2,227996;-0,1117865;-0,2097079;2,142825;0,07239144;-0,540443;2,171563;0,1674335;-0,5627143;2,190433;0,3589489;0,02858682;2,176418;0,2961915;-0,4830453;2,224416;0,2960726;-0,799876;2,218822;0,3037866;-0,8560963;2,17213; 
0,2898997;0,718107;2,25175;0,2904564;0,1230073;2,216035;0,3073025;0,1810776;2,271866;0,3264515;0,5273094;2,270518;0,1477313;0,4075734;2,31198;0,1138118;0,1749593;2,369054;0,1718249;0,3674018;2,25049;0,220774;0,4083365;2,250078;0,5100017;0,4488277;2,241598;0,6895828;0,5527609;2,189229;0,5359765;0,6929418;2,196148;0,4626563;0,7288455;2,224226;0,206323;0,04994053;2,227902;-0,1119652;-0,2093602;2,142857;0,07403553;-0,5392712;2,170942;0,1696593;-0,5589758;2,189694;0,3585927;0,02844056;2,17583;0,296211;-0,4833481;2,224229;0,2959544;-0,8001885;2,218591;0,3036075;-0,8563879;2,171871; 
0,2901163;0,7182235;2,251082;0,2894103;0,1228673;2,216019;0,3064705;0,1809069;2,271774;0,3259533;0,5270587;2,270313;0,1474526;0,407593;2,311974;0,1134799;0,1745036;2,368905;0,171493;0,3669461;2,250344;0,2204404;0,4078792;2,249932;0,5093265;0,4486529;2,240577;0,6894208;0,5520763;2,188251;0,5363892;0,6926706;2,196038;0,4630716;0,7285731;2,224115;0,2052265;0,05009099;2,22788;-0,1125641;-0,2094259;2,142814;0,07271639;-0,5398923;2,170516;0,1683675;-0,5594118;2,189289;0,3575555;0,02812109;2,17593;0,2961138;-0,4835051;2,224013;0,2958971;-0,8002201;2,218588;0,3035456;-0,8563588;2,171802; 
0,2895988;0,71898;2,250334;0,2890421;0,1229368;2,215921;0,3061788;0,1809825;2,271627;0,3257171;0,5270854;2,270038;0,1471368;0,4072071;2,311443;0,1132729;0,1739074;2,368911;0,171286;0,3663498;2,250352;0,2202316;0,4072816;2,249941;0,5087963;0,4488649;2,23969;0,6892105;0,5520306;2,186939;0,5352443;0,6915733;2,194391;0,4619293;0,7274745;2,222466;0,2047184;0,05013158;2,227864;-0,1128363;-0,2092957;2,14272;0,07269184;-0,5396491;2,170735;0,1684092;-0,5588084;2,189515;0,3573397;0,02822711;2,175843;0,296185;-0,4847107;2,223939;0,2967835;-0,7987;2,217973;0,3032294;-0,8559399;2,172361; 
0,2895398;0,7188902;2,250038;0,2886341;0,1231973;2,21564;0,3059523;0,1812001;2,27133;0,3257938;0,5272752;2,26975;0,146894;0,4072795;2,311341;0,1131152;0,1731215;2,368761;0,1711283;0,365564;2,250206;0,2200722;0,4064943;2,249794;0,5085776;0,4485424;2,238888;0,6894702;0,5521234;2,185935;0,5355903;0,6915911;2,19398;0,4622778;0,7274911;2,222054;0,2040091;0,05014801;2,227816;-0,1136082;-0,2087774;2,142426;0,1372017;-0,470372;2,187116;0,1374715;-0,5696511;2,19367;0,3569208;0,02870272;2,175197;0,2966726;-0,4857633;2,224007;0,2968203;-0,798346;2,217803;0,3031047;-0,8558003;2,172332; 
0,2900224;0,7194066;2,248477;0,2880022;0,1233991;2,215123;0,3054438;0,1813536;2,270847;0,3254158;0,5274917;2,269617;0,1466762;0,4073058;2,311229;0,112896;0,1729773;2,368362;0,1709092;0,3654198;2,24981;0,2198514;0,4063486;2,249398;0,5082566;0,4478862;2,237941;0,6895132;0,5523086;2,185163;0,5356249;0,6915669;2,193983;0,462315;0,7274656;2,222057;0,2034221;0,04997573;2,227514;-0,1143371;-0,2083628;2,142043;0,1375735;-0,4693817;2,18775;0,1383;-0,5687513;2,19428;0,3561922;0,0293176;2,17408;0,2969594;-0,4850932;2,223789;0,2963037;-0,7987764;2,217747;0,3031157;-0,8560423;2,172006; 
0,2910048;0,7194329;2,248407;0,2873626;0,1233224;2,214846;0,3048605;0,181325;2,270505;0,3247796;0,5275301;2,269075;0,1464967;0,407405;2,31108;0,1125838;0,1728922;2,368206;0,1705969;0,3653347;2,249656;0,2195374;0,4062621;2,249244;0,5081987;0,4477934;2,237106;0,6912137;0,551725;2,18335;0,5369079;0,6903356;2,192859;0,4636005;0,7262331;2,220932;0,2027442;0,04994521;2,227327;-0,1145953;-0,2085285;2,141843;0,1379358;-0,4695662;2,18797;0,1385966;-0,569014;2,1948;0,3557123;0,02909674;2,173849;0,2974419;-0,4853827;2,223971;0,2962658;-0,799042;2,217681;0,3030513;-0,856092;2,171552; 
0,2908675;0,7194369;2,247574;0,2870582;0,1234554;2,214551;0,3046182;0,1813729;2,2702;0,3243715;0,5272001;2,268815;0,145923;0,4078419;2,311012;0,1120975;0,1725539;2,367811;0,1701106;0,3649963;2,249264;0,2190494;0,4059223;2,248852;0,5079125;0,4476991;2,236314;0,6904203;0,5524306;2,182447;0,5359226;0,6906219;2,19275;0,462618;0,726518;2,220822;0,2023347;0,04988154;2,227099;-0,1145042;-0,2088622;2,141715;0,1399298;-0,4696451;2,188606;0,1392337;-0,5691786;2,195726;0,3555458;0,02931437;2,173383;0,2992247;-0,48195;2,22301;0,2960102;-0,7989555;2,217652;0,3030336;-0,8561096;2,171561; 
0,2917074;0,7194045;2,247086;0,2861582;0,1232685;2,213969;0,303699;0,1812767;2,269586;0,3238216;0,5273326;2,267952;0,1461571;0,4078251;2,309453;0,1119252;0,1725432;2,367642;0,1699384;0,3649856;2,249098;0,2188755;0,4059102;2,248686;0,5072891;0,4471905;2,235346;0,690194;0,5521935;2,182161;0,5356098;0,6902266;2,192451;0,4623077;0,7261215;2,220522;0,2016273;0,0498701;2,227008;-0,1146972;-0,2090713;2,141402;0,1397981;-0,4691491;2,188627;0,1393109;-0,5687859;2,195801;0,3544512;0,0290472;2,172402;0,3005726;-0,4799876;2,222536;0,2965505;-0,7984449;2,217137;0,3029523;-0,8561533;2,171525; 
0,2914325;0,7193233;2,246673;0,285671;0,1233253;2,213572;0,3033977;0,1814365;2,269145;0,3241238;0,5278533;2,266991;0,1457708;0,4083078;2,309348;0,1109853;0,1724116;2,367723;0,1689985;0,3648541;2,249182;0,2179338;0,4057772;2,248769;0,5069547;0,4468096;2,234576;0,6898745;0,5517918;2,181242;0,5355123;0,6899153;2,192055;0,4622127;0,725809;2,220125;0,2006691;0,04976459;2,226781;-0,08200988;-0,2471604;2,149629;0,1397307;-0,4691634;2,188559;0,1393008;-0,5688949;2,195934;0,3540253;0,02916692;2,171986;0,3015158;-0,4784321;2,222024;0,2961308;-0,7987106;2,217347;0,3028498;-0,8561656;2,171332; 
0,291554;0,7189204;2,246189;0,2851257;0,1230675;2,213153;0,3028837;0,1812246;2,268672;0,3238112;0,5277056;2,266337;0,1456507;0,4083477;2,308659;0,1108425;0,1725206;2,36749;0,1688557;0,3649631;2,24895;0,2177891;0,4058846;2,248538;0,5066684;0,4466016;2,233815;0,6891176;0,5512143;2,180128;0,4641916;0,6945964;2,238233;0,3908949;0,7304887;2,266302;0,2001413;0,0495454;2,226172;-0,08232202;-0,2473859;2,149637;0,1386445;-0,4694362;2,188227;0,1383181;-0,5692659;2,195712;0,3535492;0,02907901;2,171925;0,3017734;-0,4779732;2,221894;0,2957613;-0,798811;2,217328;0,3028473;-0,8561951;2,171154; 
0,2917419;0,7190074;2,245758;0,2846279;0,1231701;2,212668;0,3024796;0,181337;2,268146;0,3238221;0,5277705;2,2656;0,1455001;0,4082738;2,308035;0,1104565;0,1723911;2,367428;0,1684696;0,3648336;2,248891;0,2174014;0,4057536;2,248479;0,5063668;0,4466631;2,233166;0,6885916;0,5505918;2,179264;0,5345819;0,6889086;2,190471;0,4612878;0,7247996;2,218538;0,1993687;0,04973123;2,225489;-0,08319591;-0,2469106;2,149441;0,138673;-0,4694511;2,188065;0,1358773;-0,5694132;2,194832;0,3531304;0,02926823;2,171724;0,3020346;-0,4774554;2,221652;0,2954556;-0,7988355;2,217538;0,3015577;-0,8569737;2,17203; 
0,2912948;0,7187442;2,245197;0,2838845;0,12324;2,212175;0,3017073;0,1813916;2,267617;0,323259;0,5276625;2,264968;0,1451742;0,4079687;2,306776;0,1098599;0,1729019;2,366907;0,1678731;0,3653443;2,248374;0,2168031;0,406263;2,247961;0,5059583;0,4469439;2,232334;0,687791;0,5503117;2,178769;0,534265;0,6891371;2,189768;0,4609735;0,7250269;2,217834;0,1984341;0,04982573;2,225099;-0,08342378;-0,2472583;2,149311;0,1379074;-0,4699491;2,187624;0,1351775;-0,5700076;2,19467;0,3525904;0,02934857;2,171285;0,3024264;-0,4765289;2,221308;0,2954297;-0,7987838;2,217429;0,3016594;-0,8567898;2,171634; 
0,2902077;0,7182713;2,243918;0,283302;0,1231105;2,211199;0,3009047;0,1813096;2,266651;0,3220937;0,5276594;2,263995;0,1447693;0,4076967;2,305202;0,1095696;0,1730741;2,366692;0,1675828;0,3655165;2,248161;0,216511;0,4064337;2,247749;0,5055473;0,4469104;2,231701;0,6869498;0,5498136;2,1781;0,5339435;0,6893019;2,1882;0,4606545;0,7251904;2,216265;0,1980479;0,04949054;2,224194;-0,1147171;-0,212579;2,140692;0,1379436;-0,4710984;2,187926;0,1340869;-0,5712694;2,194456;0,3520996;0,02949385;2,170331;0,3025658;-0,4759117;2,220891;0,2950332;-0,7984932;2,217336;0,3012918;-0,8568144;2,171809; 
0,289853;0,7182984;2,24344;0,2825898;0,1228287;2,210507;0,3002261;0,1811485;2,265965;0,3217517;0,5279582;2,263284;0,1443484;0,4076189;2,303855;0,1082304;0,1742678;2,366048;0,1662435;0,3667102;2,247519;0,2151702;0,407626;2,247107;0,5044522;0,4465481;2,230729;0,6858103;0,5498126;2,177249;0,5325222;0,6890262;2,186733;0,4592356;0,7249135;2,214798;0,197471;0,04932934;2,223248;-0,1105096;-0,2186228;2,142238;0,137319;-0,4717742;2,188064;0,1332462;-0,5720447;2,194599;0,3513021;0,02947779;2,170071;0,3031434;-0,4752009;2,220285;0,2946394;-0,7986715;2,217339;0,3008614;-0,8567396;2,171355; 
0,2881337;0,7178915;2,242202;0,2817024;0,1227707;2,210236;0,2995232;0,1810391;2,265643;0,3213899;0,5277279;2,262962;0,1438496;0,4076245;2,303319;0,10694;0,1744445;2,365813;0,1649532;0,366887;2,247286;0,2138782;0,4078014;2,246873;0,503151;0,4470312;2,229774;0,6849446;0,5493076;2,176589;0,5320168;0,6888619;2,185996;0,4587327;0,724748;2,21406;0,1969463;0,04931935;2,22297;-0,1087612;-0,2210526;2,142815;0,1152788;-0,4583179;2,180583;0,1214642;-0,5583171;2,19077;0,3496484;0,02965958;2,169972;0,3043184;-0,472585;2,218844;0,2940094;-0,7988502;2,217028;0,3005156;-0,8569968;2,171014; 
0,2876731;0,7174225;2,241552;0,2813932;0,1229579;2,209829;0,2991378;0,1813006;2,265195;0,3206216;0,5281295;2,262367;0,1429158;0,4073571;2,302889;0,1057767;0,1753148;2,365185;0,1637899;0,3677572;2,246661;0,2127132;0,4086702;2,246249;0,502455;0,4468657;2,229273;0,6844288;0,5489898;2,17598;0,531917;0,6889313;2,185373;0,4586354;0,7248163;2,213436;0,1965935;0,0492887;2,222726;-0,1051174;-0,2255591;2,143976;0,06296019;-0,564629;2,177161;0,0468672;-0,5953283;2,096739;0,3495595;0,02999992;2,169376;0,304972;-0,4700756;2,217622;0,2930835;-0,7991199;2,216827;0,2998499;-0,8574418;2,171069; 
0,2872144;0,7177149;2,241334;0,2810573;0,1229642;2,209549;0,2987264;0,1814122;2,264905;0,3196155;0,5288103;2,262102;0,1421458;0,407672;2,30238;0,1046738;0,1757492;2,364921;0,162687;0,3681916;2,246399;0,2116087;0,4091032;2,245987;0,5012046;0,4461404;2,228586;0,684055;0,5479559;2,174589;0,5328032;0,689056;2,184787;0,4595242;0,7249397;2,212849;0,1963239;0,04915357;2,222541;-0,1050528;-0,2257965;2,144053;0,1104388;-0,4608587;2,181456;0,1168817;-0,5610251;2,191155;0,349352;0,03018631;2,169021;0,3049181;-0,4701353;2,217527;0,2920545;-0,8000634;2,216491;0,2996591;-0,8579146;2,170114; 
0,2850409;0,7176977;2,24038;0,2811059;0,1229513;2,209309;0,2986871;0,1814009;2,264692;0,318346;0,5283194;2,261856;0,1408456;0,4071629;2,302042;0,1041407;0,1757278;2,364713;0,1621539;0,3681703;2,246194;0,2110739;0,4090805;2,245782;0,5003156;0,4459873;2,228113;0,6819373;0,548266;2,173474;0,5313455;0,6898523;2,184531;0,458069;0,7257348;2,212592;0,196468;0,04886594;2,221723;-0,1047028;-0,2262911;2,144457;0,06010741;-0,5674075;2,175866;0,04396025;-0,5981724;2,095353;0,3497892;0,03041946;2,168891;0,304859;-0,4699935;2,217354;0,2913275;-0,8002492;2,21646;0,299201;-0,8580732;2,170091; 
0,2848902;0,7175075;2,240284;0,2794833;0,1228471;2,209389;0,2971859;0,1812497;2,264726;0,317367;0,5280989;2,261903;0,1397113;0,4067225;2,302266;0,1028329;0,1783549;2,364013;0,1608461;0,3707973;2,245495;0,2097644;0,4117062;2,245083;0,4992588;0,4456621;2,227713;0,6790413;0,5482923;2,172707;0,5297483;0,6911435;2,183909;0,4564742;0,7270247;2,211969;0,1952933;0,0489355;2,221407;-0,1113485;-0,2194482;2,14299;0,05632861;-0,5592842;2,174649;0,04004862;-0,5900465;2,094156;0,3474126;0,03037855;2,169755;0,3048531;-0,4699393;2,217278;0,2898218;-0,8007499;2,216904;0,2977837;-0,8585552;2,17052; 
0,2846016;0,7174823;2,240289;0,2787387;0,1229032;2,209367;0,2964014;0,1812519;2,264684;0,316027;0,5278045;2,262012;0,1386728;0,4064319;2,30261;0,1017064;0,1772664;2,364643;0,1597196;0,3697088;2,246128;0,2086363;0,4106163;2,245715;0,4984726;0,4459959;2,227468;0,6774308;0,5486217;2,171625;0,5291122;0,692195;2,184023;0,4558406;0,728075;2,212082;0,1945648;0,04897619;2,221269;-0,1105041;-0,2210054;2,143453;0,0556611;-0,5617546;2,175085;0,03924533;-0,5925187;2,094612;0,3469506;0,03043531;2,169815;0,3045363;-0,4697137;2,217056;0,2894325;-0,8009298;2,21676;0,2971854;-0,8587737;2,170378; 
0,283765;0,7181962;2,240485;0,2779042;0,1230062;2,209238;0,295538;0,1812729;2,264582;0,3150369;0,5276493;2,262232;0,1380861;0,4062223;2,302666;0,1011095;0,1776616;2,364786;0,1591226;0,370104;2,246275;0,2080376;0,4110101;2,245862;0,4980507;0,4457808;2,227336;0,6768098;0,5481911;2,171222;0,5217456;0,6848156;2,181179;0,4484765;0,7206943;2,209237;0,1927271;0,04916451;2,220767;-0,110442;-0,222831;2,143594;0,054839;-0,5641177;2,175638;0,03838687;-0,5948632;2,09517;0,3468017;0,03050868;2,169799;0,3044782;-0,4696465;2,21699;0,289087;-0,8007195;2,216748;0,2970503;-0,8586616;2,170531; 
0,2830287;0,7182688;2,24037;0,2775539;0,1227866;2,209235;0,2951835;0,1810155;2,264611;0,3144825;0,5274993;2,262694;0,1374836;0,4067559;2,303017;0,09980096;0,178778;2,364848;0,1578141;0,3712204;2,246338;0,2067274;0,4121252;2,245926;0,4976873;0,4459093;2,227337;0,6762441;0,5484207;2,170738;0,5228696;0,6869441;2,180178;0,4496029;0,7228217;2,208236;0,192577;0,04896164;2,22068;-0,1090099;-0,2246278;2,144257;0,0526398;-0,5677491;2,1768;0,03613587;-0,5984746;2,096337;0,3464127;0,03035807;2,169812;0,3043213;-0,4697223;2,217012;0,2887076;-0,8002986;2,216975;0,2962595;-0,8585018;2,171021; 
0,2822243;0,7180163;2,240212;0,2768075;0,1227793;2,209365;0,2945479;0,1810153;2,26476;0,3142049;0,5277015;2,263039;0,1366798;0,4068608;2,303385;0,09938375;0,1777714;2,364884;0,1573969;0,3702139;2,246377;0,2063086;0,4111172;2,245964;0,4974422;0,4458719;2,227382;0,6756698;0,5487499;2,170468;0,5240636;0,6889968;2,180661;0,4507994;0,7248731;2,208717;0,1915189;0,0488027;2,220439;-0,1046152;-0,2307571;2,145667;0,04785472;-0,5783371;2,177704;0,03131498;-0,6090423;2,097263;0,3457466;0,03052369;2,170232;0,303833;-0,4695598;2,216754;0,2885901;-0,8003138;2,216959;0,2958168;-0,8588417;2,171394; 
0,2813772;0,7177408;2,240408;0,2753954;0,1222958;2,209931;0,2933477;0,1806674;2,265321;0,3137575;0,5279227;2,263676;0,1359726;0,4069401;2,303689;0,09888053;0,1784537;2,365293;0,1568936;0,3708962;2,246787;0,2058035;0,411798;2,246375;0,4972789;0,4457384;2,227405;0,6752684;0,5487654;2,169984;0,4455616;0,6873575;2,240497;0,3723001;0,7232326;2,268552;0,1898124;0,04800165;2,220792;-0,09950781;-0,2382572;2,145764;0,03998674;-0,5913284;2,178779;0,02342743;-0,6220134;2,098374;0,3443342;0,03018285;2,171021;0,3035542;-0,4693442;2,216554;0,2880196;-0,7997781;2,217003;0,2957807;-0,8584892;2,171813; 
0,281177;0,718777;2,240968;0,2682417;0,1240747;2,213336;0,2876795;0,1822851;2,268151;0,3129126;0,5284171;2,264413;0,1344377;0,4078354;2,304921;0,09829855;0,1786864;2,365803;0,1563117;0,3711289;2,247301;0,2052198;0,4120293;2,246889;0,4968483;0,4454238;2,227386;0,6750266;0,5477706;2,169182;0,4464797;0,687931;2,239997;0,3732208;0,7238048;2,268051;0,1766455;0,05147085;2,224784;-0,06674671;-0,27415;2,147253;0,06477965;-0,6297151;2,184587;0,04809252;-0,6604282;2,104288;0,3386728;0,03120091;2,175265;0,3027851;-0,467533;2,215666;0,2880134;-0,799791;2,21702;0,2957228;-0,8585787;2,17201; 
0,2805062;0,7188379;2,241199;0,2642618;0,1233881;2,214762;0,2845177;0,1817772;2,269451;0,3126286;0,528428;2,264958;0,1334041;0,4077809;2,305266;0,09651782;0,1791394;2,366576;0,1545309;0,3715818;2,248076;0,2034373;0,4124807;2,247664;0,4948002;0,4459806;2,227129;0,6757053;0,5422933;2,165941;0,4509003;0,6871708;2,238543;0,3776441;0,7230433;2,266596;0,1739943;0,05084856;2,225534;-0,06246398;-0,2795546;2,147493;0,05722915;-0,6400597;2,181884;0,04035294;-0,6707768;2,101644;0,332177;0,03095014;2,177885;0,3052759;-0,4578177;2,211731;0,2883064;-0,7987031;2,217188;0,2964363;-0,857428;2,172192; 
0,279838;0,7203607;2,241041;0,2604128;0,1243114;2,215955;0,2802011;0,1823949;2,270591;0,3072306;0,5268554;2,265532;0,1318027;0,407744;2,305894;0,09483215;0,1793754;2,366766;0,1528453;0,3718177;2,248268;0,20175;0,4127153;2,247856;0,4949084;0,4456259;2,227121;0,678501;0,5341676;2,160123;0,5322531;0,6814377;2,153658;0,4589995;0,7173089;2,18171;0,1685725;0,04957454;2,228718;-0,03150684;-0,3033434;2,147509;0,07181396;-0,6687642;2,184047;0,05186088;-0,7674074;2,183341;0,3304405;0,03138426;2,177644;0,3061199;-0,4558192;2,210835;0,2893948;-0,7943638;2,217634;0,2965329;-0,8561144;2,173231; 
0,2792222;0,7201121;2,241386;0,2558641;0,121816;2,21656;0,2757587;0,1801875;2,27121;0,3043574;0,5262175;2,26616;0,1307146;0,408051;2,306009;0,09259219;0,1809431;2,365948;0,1506053;0,3733855;2,247451;0,1994948;0,4142703;2,247039;0,4900324;0,4396655;2,226998;0,6777814;0,5163367;2,155365;0,5372165;0,6798582;2,151856;0,4834096;0,7230515;2,187422;0,1658002;0,04692296;2,229318;-0,01145807;-0,3198726;2,146802;0,06337827;-0,6936173;2,17625;0,03332515;-0,7892334;2,16722;0,3249633;0,0301729;2,178022;0,3057772;-0,4553642;2,210386;0,2862177;-0,7927057;2,219582;0,2960286;-0,8558232;2,17452; 
0,2740592;0,7152743;2,240585;0,2524759;0,1172941;2,216486;0,2730084;0,176691;2,271209;0,30424;0,5259786;2,266212;0,1298843;0,4084304;2,305754;0,08794423;0,1781204;2,365986;0,1459574;0,3705629;2,247489;0,1948532;0,411453;2,247078;0,4853581;0,4339391;2,227507;0,6835545;0,5063124;2,147403;0,590659;0,6865224;2,089034;0,5401574;0,7490181;2,120354;0,1628442;0,04251432;2,228013;0,01826181;-0,3877313;2,149557;0,06970804;-0,7658693;2,177455;0,02103713;-0,8372577;2,157854;0,3212097;0,02781158;2,179338;0,3049762;-0,4500132;2,207286;0,2855794;-0,7925715;2,220054;0,2949189;-0,8563545;2,176108; 
0,2723171;0,7130452;2,239297;0,2473856;0,1121773;2,216994;0,2682856;0,1722547;2,271661;0,3028861;0,5249887;2,266327;0,1270619;0,409009;2,305929;0,07885146;0,1719016;2,366814;0,1368646;0,364344;2,248317;0,1857453;0,4052215;2,247905;0,4804873;0,4315526;2,228589;0,6770624;0,4656824;2,144318;0,6345102;0,6700115;2,031494;0,6102129;0,7440839;2,023364;0,1579337;0,03641695;2,228309;0,03591244;-0,416811;2,153908;0,06648198;-0,7984277;2,173956;0,01766899;-0,8464262;2,145102;0,3153704;0,0245655;2,180506;0,3039535;-0,4499041;2,206491;0,2845042;-0,7939399;2,221958;0,2941838;-0,8563477;2,176745; 
0,2706053;0,7118615;2,238215;0,2448701;0,1091772;2,216878;0,2654987;0,1695354;2,271778;0,3011762;0,5242289;2,267051;0,1246956;0,4084853;2,304562;0,07183261;0,1619747;2,366903;0,1298457;0,3544171;2,248407;0,1786987;0,3952714;2,247996;0,4762804;0,4294267;2,229564;0,6755235;0,450652;2,142388;0,6972152;0,6205559;1,970595;0,6986552;0,6811626;1,939685;0,1553095;0,03288005;2,227607;0,05552441;-0,4381444;2,156634;0,06011951;-0,8029603;2,163434;0,01441909;-0,8554901;2,137443;0,3134115;0,02327069;2,180749;0,3033382;-0,450694;2,205978;0,2840133;-0,7951823;2,222883;0,2941449;-0,8563694;2,176751; 
0,2685082;0,7102916;2,237243;0,2422521;0,1064814;2,216223;0,2625516;0,1670348;2,271414;0,2995395;0,5233732;2,267502;0,1212554;0,4076484;2,302272;0,06415693;0,1627479;2,364547;0,1221701;0,3551903;2,246052;0,1709951;0,3960212;2,24564;0,4717331;0,4274108;2,230482;0,6710765;0,4101337;2,148482;0,7390503;0,5392612;1,941283;0,7419541;0,5872173;1,886511;0,1527201;0,03003612;2,226122;0,08068755;-0,4663315;2,162712;0,06661032;-0,805768;2,161106;0,02813879;-0,8636627;2,134732;0,3108283;0,02178473;2,180725;0,3014902;-0,4589283;2,204978;0,2841766;-0,7952635;2,222786;0,2957353;-0,8573971;2,179064; 
0,266049;0,7078533;2,235096;0,2388046;0,1037204;2,215033;0,2582347;0,1640031;2,270411;0,2933214;0,5198834;2,267512;0,1135878;0,407383;2,301342;0,05681486;0,1637761;2,357594;0,1148279;0,3562185;2,239099;0,1636618;0,3970567;2,238687;0,4673717;0,4232475;2,231008;0,665774;0,3975204;2,146603;0,7652063;0,4410813;1,941978;0,7940227;0,4541679;1,845229;0,1484177;0,02636151;2,223503;0,09657249;-0,4757402;2,172442;0,08391477;-0,804529;2,162774;0,03596058;-0,855407;2,137625;0,3082003;0,01951943;2,18028;0,3007077;-0,4650155;2,203979;0,2839271;-0,7960538;2,222523;0,2956314;-0,8570675;2,178997; 
0,2635832;0,7068292;2,232352;0,2349898;0,1017333;2,212936;0,2537143;0,1618162;2,268774;0,287958;0,5180743;2,26794;0,1073173;0,4067021;2,298592;0,05035599;0,1646478;2,350861;0,108369;0,3570902;2,232366;0,1572309;0,3979518;2,231954;0,4618817;0,4199159;2,231171;0,6543454;0,3710974;2,144117;0,7751337;0,3438589;1,952543;0,8198064;0,3114825;1,849346;0,1439842;0,02428826;2,219392;0,1059633;-0,480478;2,183555;0,08875574;-0,8016071;2,163818;0,0409539;-0,8529685;2,139495;0,3054568;0,01817787;2,179196;0,2982858;-0,4751661;2,203176;0,284076;-0,797974;2,221374;0,2960795;-0,8573478;2,178417; 
0,2594704;0,7052724;2,230297;0,2320134;0,09956299;2,210912;0,2500337;0,1597072;2,267137;0,2837782;0,5170035;2,267711;0,1026088;0,4049634;2,294275;0,04216351;0,1591335;2,341781;0,1001766;0,3515759;2,223287;0,1490709;0,3924647;2,222874;0,4568205;0,418548;2,230729;0,6448063;0,3213103;2,130512;0,7825421;0,2497692;1,979112;0,8225738;0,2000914;1,921093;0,1416628;0,02216763;2,216128;0,1094798;-0,4885317;2,194304;0,08952551;-0,8030618;2,165862;0,04133698;-0,8531246;2,139778;0,3027869;0,01695389;2,178185;0,2951928;-0,4797695;2,202889;0,2836781;-0,7987638;2,221097;0,2965917;-0,8570874;2,177047; 
0,2530344;0,7055069;2,227352;0,2283935;0,09872305;2,209164;0,2461171;0,1589638;2,265347;0,2793309;0,5165905;2,265674;0,09355274;0,4034581;2,291192;0,03386993;0,1536511;2,335189;0,09188299;0,3460934;2,216697;0,1407783;0,3869831;2,216285;0,4502854;0,4174653;2,227924;0,6139773;0,2952746;2,145003;0,7731407;0,1339018;2,021403;0,811906;0,06225198;1,99311;0,1375216;0,0209114;2,213729;0,109351;-0,4879711;2,195181;0,08917187;-0,8028437;2,166852;0,04158065;-0,8528602;2,139726;0,2997841;0,01627148;2,177161;0,2945757;-0,4793058;2,202113;0,2836021;-0,7990893;2,221306;0,2961344;-0,8572821;2,177046; 
0,244425;0,7080557;2,223534;0,2252279;0,09750515;2,20629;0,2432961;0,1583678;2,262151;0,2731384;0,5181513;2,260961;0,08868323;0,4035141;2,288315;0,02264944;0,1425013;2,327851;0,08066255;0,3349437;2,209359;0,1295376;0,3758164;2,208947;0,43922;0,4127477;2,219824;0,611047;0,2337578;2,150099;0,73066;0,05959614;2,079609;0,772372;-0,003995415;2,066046;0,1356307;0,01990701;2,211884;0,1047976;-0,4812783;2,193225;0,08766863;-0,8021523;2,16816;0,04128893;-0,8525346;2,13957;0,2965256;0,01544023;2,174331;0,2946631;-0,4755679;2,20029;0,2836215;-0,7990294;2,221294;0,2959325;-0,8572042;2,177024; 
0,2355655;0,7070321;2,218253;0,22254;0,09557496;2,202877;0,2412468;0,1574808;2,258001;0,2682019;0,5194808;2,252457;0,08478826;0,4041457;2,286538;0,01564141;0,1386119;2,319563;0,07357473;0,3307479;2,201141;0,1224161;0,3715924;2,200729;0,4291134;0,4071202;2,211229;0,5963727;0,1816261;2,174607;0,683087;-0,02133615;2,130127;0,6920506;-0,08585675;2,140092;0,1340237;0,0184378;2,210114;0,09574908;-0,4752083;2,185109;0,085579;-0,8051749;2,168039;0,03932288;-0,8548141;2,138295;0,2938929;0,01417476;2,171281;0,2944435;-0,4755717;2,20022;0,2833085;-0,7989016;2,221289;0,2956371;-0,8570656;2,177093; 
0,225441;0,7068012;2,212025;0,2176721;0,09061515;2,1984;0,2368174;0,1534945;2,252977;0,2639543;0,5178058;2,245325;0,08239831;0,4048747;2,282126;0,01068919;0,1384372;2,30928;0,06836661;0,3296322;2,191043;0,1171691;0,3704442;2,190631;0,4216936;0,4014764;2,204143;0,5552909;0,1558767;2,207216;0,6085662;-0,07259447;2,189187;0,6127468;-0,1379921;2,194672;0,1308126;0,01466133;2,208114;0,085568;-0,4691699;2,173793;0,08510037;-0,8057894;2,167235;0,03858287;-0,8550904;2,137464;0,2880642;0,01013653;2,166242;0,2942286;-0,4740607;2,199584;0,2832502;-0,7988512;2,221295;0,2952039;-0,8570493;2,177126; 
0,2160922;0,7063665;2,204005;0,2159767;0,08790158;2,195416;0,2350748;0,1514505;2,249504;0,2614495;0,516638;2,238895;0,07899553;0,4041286;2,278979;0,005697547;0,1404927;2,295972;0,06371069;0,332935;2,17748;0,1124789;0,3737184;2,177069;0,4167156;0,3983405;2,200305;0,5144376;0,1437682;2,24291;0,5293056;-0,09252584;2,244929;0,5313641;-0,158318;2,25246;0,1295629;0,01212676;2,206149;0,07772489;-0,4654934;2,164882;0,08294888;-0,8050672;2,161251;0,03668319;-0,8558337;2,133775;0,2862471;0,007941321;2,163586;0,2937804;-0,4736758;2,199085;0,2829286;-0,7995699;2,222168;0,2939767;-0,8575016;2,177509; 
0,2067694;0,6997139;2,195406;0,2138024;0,08613427;2,193017;0,2322804;0,1503466;2,246605;0,2581496;0,5155487;2,231972;0,0742978;0,4039625;2,273152;0,002219295;0,1409682;2,282996;-0,0617823;-0,07182141;2,200621;-0,07659269;-0,133341;2,185757;0,4120006;0,3970197;2,197394;0,4934578;0,1428192;2,255834;0,4865381;-0,06156361;2,280948;0,4891353;-0,1472054;2,288909;0,1276304;0,01017668;2,203999;0,06622971;-0,4589225;2,153284;0,08047514;-0,802876;2,15221;0,03594189;-0,8576136;2,129918;0,2842999;0,006970646;2,162287;0,2923445;-0,4727077;2,197683;0,2824973;-0,8003219;2,222704;0,293695;-0,8577287;2,177367; 
0,2006632;0,6993325;2,188795;0,2107439;0,08414428;2,189673;0,2280025;0,1490069;2,242382;0,2532489;0,5133057;2,223816;0,06976946;0,4027545;2,263816;-0,0003977069;0,1438698;2,272198;-0,06245701;-0,06291303;2,187765;-0,07933341;-0,1306407;2,165893;0,4057863;0,3967563;2,19443;0,4661903;0,1864329;2,255269;0,4644602;-0,01432051;2,296615;0,467059;-0,1000121;2,30458;0,1250629;0,008909405;2,200253;0,05981329;-0,4536465;2,143331;0,07895467;-0,8017859;2,137571;0,02885417;-0,8490966;2,110506;0,2816927;0,005878993;2,161022;0,2888587;-0,4682488;2,193377;0,2822756;-0,8004968;2,222451;0,2933968;-0,8579885;2,177153; 
0,1946993;0,6969569;2,181246;0,203825;0,08369368;2,182469;0,2203718;0,1487926;2,234594;0,2486126;0,5127677;2,215524;0,06453545;0,4045969;2,254044;-0,004338933;0,1459319;2,256509;-0,06420131;-0,05850979;2,164422;-0,08093722;-0,1230708;2,131973;0,4003119;0,3976787;2,191261;0,46073;0,187993;2,253811;0,4048036;-0,0681141;2,136758;0,3425749;-0,09972556;2,086194;0,1173462;0,009511219;2,190998;0,05208299;-0,4484641;2,130592;0,06518892;-0,7926989;2,114676;0,02279805;-0,8494649;2,093082;0,2746932;0,005741457;2,156471;0,2840901;-0,4642182;2,18827;0,2820412;-0,8006794;2,222071;0,2930586;-0,8585604;2,177193; 
0,1898772;0,6967632;2,172181;0,198343;0,08496547;2,176537;0,2135847;0,1502186;2,228292;0,2422331;0,5134308;2,209019;0,05716149;0,4060591;2,244517;-0,009894709;0,1475543;2,244377;-0,06455909;-0,05427352;2,147167;-0,07666899;-0,1215485;2,110981;0,396202;0,3985751;2,188714;0,4519557;0,1931713;2,251511;0,3737742;-0,05187665;2,122679;0,311481;-0,08352083;2,072062;0,1115694;0,01060519;2,184124;0,04726207;-0,4448891;2,122095;0,05506697;-0,7845963;2,100959;0,0157279;-0,8431766;2,078344;0,2697217;0,006751076;2,15193;0,2807389;-0,4629422;2,185325;0,2801288;-0,8007439;2,221589;0,2928451;-0,8586513;2,17714; 
0,1823313;0,6958216;2,162303;0,1922095;0,0877405;2,169243;0,206363;0,1525996;2,220827;0,2360683;0,5133514;2,20182;0,04718744;0,4081806;2,235573;-0,01716808;0,1476779;2,23189;-0,06439009;-0,04742199;2,127102;-0,07528122;-0,1178313;2,092746;0,3920783;0,3998482;2,186395;0,4463044;0,1919553;2,249711;0,372173;-0,05461161;2,12137;0,3098112;-0,08629063;2,070698;0,1038325;0,01319387;2,174067;0,04249487;-0,442195;2,113926;0,03941123;-0,7722681;2,086654;0,007894337;-0,8357738;2,064985;0,2648333;0,008447828;2,147039;0,2770122;-0,4627497;2,183109;0,2796481;-0,8010285;2,220606;0,2924519;-0,8593662;2,17669; 
0,1777411;0,6965101;2,154739;0,1869808;0,0889609;2,161912;0,1993805;0,1538644;2,213248;0,2257057;0,5133327;2,19425;0,03604063;0,4071156;2,224891;-0,02438605;0,1445366;2,219799;-0,06268716;-0,04570945;2,112583;-0,071326;-0,1160977;2,076704;0,3839585;0,4021369;2,182822;0,4407513;0,1898495;2,247354;0,3802691;-0,06396115;2,126976;0,3178401;-0,09567435;2,076248;0,09893266;0,01370388;2,164515;0,03890792;-0,4401051;2,106215;0,02353365;-0,7640417;2,070185;0,01541537;-0,7959383;1,989373;0,2606461;0,009597002;2,141752;0,2737074;-0,4639714;2,18068;0,2785275;-0,8007043;2,219926;0,2921621;-0,859387;2,176666; 
0,1724133;0,6957107;2,147432;0,1824695;0,09006001;2,155191;0,1929832;0,1546673;2,206399;0,2134945;0,5113204;2,187737;0,02438391;0,4083473;2,215599;-0,03326607;0,1490992;2,208432;-0,06147784;-0,04563628;2,088798;-0,06351083;-0,1108462;2,06046;0,3756639;0,4017046;2,179002;0,4336263;0,1826762;2,243334;0,4192957;-0,02292843;2,260035;0,3568096;-0,05467059;2,209261;0,09443194;0,01414596;2,154454;0,03786171;-0,4388406;2,099825;0,01965984;-0,7622664;2,066286;0,01286266;-0,7941974;1,985328;0,2579828;0,01038088;2,137568;0,2713023;-0,4622936;2,176544;0,2779903;-0,8007195;2,219213;0,2919053;-0,8595309;2,176166; 
0,1667454;0,6925378;2,140157;0,1764441;0,08962087;2,146134;0,1843667;0,1536345;2,198459;0,2024924;0,510119;2,183429;0,01226048;0,4057159;2,203499;-0,04834755;0,1491182;2,185139;-0,05740162;-0,05106483;2,070914;-0,05939635;-0,1110971;2,041519;0,3709387;0,4004528;2,178907;0,4246195;0,1532934;2,235799;0,4232472;-0,05497624;2,230086;0,4265923;-0,1409773;2,239752;0,08800779;0,01198815;2,138843;0,03565805;-0,438463;2,090744;0,01857583;-0,761296;2,06334;0,01451305;-0,7929446;1,982054;0,254134;0,009795698;2,131907;0,2682972;-0,4624473;2,173147;0,2776813;-0,800835;2,218773;0,2916583;-0,8598737;2,176011; 
0,1579618;0,6892382;2,133335;0,1674193;0,08771808;2,133822;0,1725821;0,1508432;2,187625;0,1861231;0,5074756;2,178546;-0,0007024026;0,4024087;2,190962;-0,05875352;0,146987;2,165598;-0,05618472;-0,05265775;2,054226;-0,05765185;-0,1110076;2,025814;0,3583384;0,4005283;2,178512;0,4201648;0,137294;2,220804;0,438616;-0,1009121;2,193411;0,4407058;-0,1870835;2,201944;0,08064568;0,00985866;2,121442;0,0318657;-0,4374701;2,082329;0,0182796;-0,759563;2,060198;0,01679216;-0,7907559;1,978616;0,2465525;0,007942998;2,122437;0,2644948;-0,4646009;2,169322;0,2762945;-0,8011702;2,217875;0,2916675;-0,8601212;2,175428; 
0,1484204;0,6895955;2,128163;0,1558469;0,08720289;2,122309;0,1596529;0,1497205;2,177754;0,1766119;0,5087099;2,175697;-0,01344068;0,4018049;2,180111;-0,06814984;0,1508426;2,149462;-0,06182093;-0,04714852;2,039329;-0,05983481;-0,1089177;2,007486;0,3438137;0,4003021;2,178504;0,4169787;0,1336931;2,204691;0,4567432;-0,1049376;2,145541;0,4746928;-0,173481;2,14155;0,06928211;0,009745046;2,105984;0,02804218;-0,4364977;2,071547;0,01770256;-0,7585985;2,058493;0,01860218;-0,7892869;1,976678;0,2347465;0,007318736;2,112126;0,2571627;-0,4671993;2,161458;0,2736357;-0,8019363;2,216249;0,291775;-0,8606855;2,174574; 
0,1346473;0,6942825;2,122589;0,14521;0,08878188;2,113313;0,1463647;0,1510818;2,169234;0,1590925;0,5117694;2,170629;-0,02584157;0,4044455;2,168159;-0,07883871;0,1519047;2,127867;-0,0724429;-0,03969942;2,02264;-0,06423105;-0,1084577;1,989145;0,3291816;0,4007374;2,1773;0,4083056;0,1421601;2,181779;0,4879163;-0,0766812;2,094375;0,5069277;-0,1415836;2,077632;0,06045566;0,01143032;2,094981;0,02166672;-0,4340861;2,060058;0,01782547;-0,7575129;2,056518;0,0211969;-0,7879875;1,974653;0,2243433;0,009438569;2,104591;0,2495786;-0,4682576;2,153944;0,2718538;-0,8028333;2,214751;0,2922879;-0,8609442;2,173195; 
0,1227523;0,6952647;2,118242;0,1364457;0,08965285;2,106292;0,134833;0,1518518;2,162496;0,143898;0,5135493;2,165752;-0,04191377;0,4030829;2,154399;-0,08922246;0,149291;2,108976;-0,0824811;-0,04159835;1,998267;-0,07452921;-0,1057867;1,97325;0,317026;0,4029108;2,17688;0,4037954;0,1520022;2,160723;0,5048247;-0,05113379;2,042872;0,535165;-0,1096188;2,022887;0,05267179;0,01140068;2,085318;0,0148824;-0,4351471;2,052559;0,01725161;-0,7569945;2,055073;0,02339005;-0,7873358;1,973286;0,2167038;0,01040608;2,099443;0,2440078;-0,4723479;2,148727;0,2702096;-0,8039332;2,212779;0,292687;-0,8620285;2,17222; 
0,1097237;0,6991448;2,115075;0,1266619;0,09108439;2,099476;0,1229635;0,153407;2,156079;0,1274129;0,5179501;2,161685;-0,05628556;0,4036536;2,144618;-0,1032537;0,1519795;2,091563;-0,09326395;-0,03998956;1,984145;-0,08885361;-0,09878907;1,958108;0,3000852;0,4068536;2,174886;0,3986253;0,1633532;2,14357;0,5121579;-0,01289349;2,003326;0,5491729;-0,05896269;1,976597;0,04440815;0,01202656;2,076631;0,009923641;-0,4357826;2,049036;0,01669919;-0,7564059;2,05391;0,02445864;-0,7865989;1,972172;0,2077453;0,01223039;2,093941;0,2371488;-0,4696673;2,137868;0,2695616;-0,8040354;2,210595;0,2927026;-0,8625079;2,170913; 
0,09434706;0,707829;2,111418;0,1154994;0,09641062;2,091968;0,1095133;0,1583083;2,148755;0,1098647;0,5217555;2,155537;-0,07157042;0,4072771;2,135037;-0,1155402;0,1523607;2,078876;-0,1056211;-0,04345793;1,962222;-0,09992281;-0,1035086;1,941339;0,2894145;0,409922;2,174091;0,3926488;0,1765765;2,129794;0,510343;0,02419144;1,961634;0,5453276;-0,01335045;1,932631;0,03525253;0,01616073;2,068413;0,004300836;-0,4354479;2,046207;0,01577785;-0,7557117;2,053087;0,02537381;-0,7857794;1,971463;0,1975417;0,01724955;2,086884;0,232146;-0,4682782;2,128075;0,2691815;-0,8058441;2,206049;0,296515;-0,8598871;2,162857; 
0,08804253;0,7070479;2,109406;0,1052426;0,09805799;2,08573;0,09788326;0,159708;2,142803;0,09567861;0,5235294;2,151119;-0,08345088;0,4075852;2,126964;-0,1309097;0,1527696;2,062857;-0,1169076;-0,04150559;1,948382;-0,1139161;-0,1028616;1,923808;0,2757041;0,4099498;2,170546;0,3738842;0,1924913;2,112886;0,4910207;0,06984134;1,944696;0,5346574;0,03379891;1,893732;0,02585262;0,01796986;2,060517;-0,00115529;-0,4349697;2,043927;0,01485892;-0,7547818;2,053001;0,02549196;-0,7847338;1,97143;0,1877449;0,01869138;2,081364;0,2280819;-0,463791;2,113998;0,2698963;-0,8019806;2,194151;0,2974783;-0,8616949;2,159356; 
0,07260492;0,7095386;2,104726;0,09660175;0,0983686;2,080285;0,08752298;0,1601108;2,137402;0,08238698;0,5252788;2,146192;-0,09705922;0,4076769;2,116675;-0,1417113;0,1546788;2,054868;-0,13352;-0,03471446;1,932325;-0,1244358;-0,1057016;1,908493;0,2631866;0,4113434;2,16774;0,3648511;0,2029241;2,106842;0,4675925;0,1135037;1,93464;0,50675;0,07842249;1,867479;0,01759257;0,01801972;2,052917;-0,00546366;-0,4345799;2,042438;0,01372575;-0,7539786;2,05276;0,0258785;-0,7838781;1,97135;0,1803433;0,01883483;2,077613;0,2259112;-0,4632816;2,101534;0,268599;-0,8021798;2,187393;0,2996199;-0,8587961;2,150335; 
0,06407809;0,7076813;2,101327;0,08872847;0,09844434;2,074573;0,07795472;0,1600308;2,131666;0,06897826;0,5251911;2,140715;-0,1059671;0,4070803;2,107589;-0,1556355;0,1564704;2,045621;-0,1419248;-0,03442755;1,920888;-0,1353274;-0,1089227;1,893415;0,2466993;0,4150058;2,16434;0,3550283;0,2109373;2,101983;0,4544215;0,1310541;1,922704;0,4887073;0,1045275;1,848837;0,01166355;0,0182064;2,045575;-0,008058542;-0,4348824;2,041348;0,0129125;-0,7535858;2,052673;0,02635109;-0,7834234;1,97141;0,1722967;0,01974566;2,073593;0,2212011;-0,4557072;2,077751;0,2656936;-0,8028451;2,178637;0,2981009;-0,8614181;2,146021; 
0,05201077;0,7065594;2,095252;0,08092212;0,09876974;2,06925;0,06884702;0,1598712;2,126709;0,05720413;0,5250873;2,138254;-0,1205155;0,4055977;2,099521;-0,1758124;0,1635853;2,036138;-0,1536626;-0,0350979;1,909099;-0,1470602;-0,1114817;1,880066;0,2380273;0,4154279;2,162616;0,344463;0,2221678;2,093629;0,4261841;0,1624097;1,897119;0,4608754;0,1293551;1,828418;0,004443225;0,01763026;2,038615;-0,009910765;-0,4353496;2,040482;0,01230686;-0,7529695;2,052604;0,02681645;-0,7826312;1,971428;0,1655292;0,02030993;2,068774;0,2173623;-0,4488462;2,059403;0,2607338;-0,8022807;2,172273;0,2947964;-0,8602759;2,140256; 
0,04177848;0,7055167;2,090749;0,07299816;0,09894679;2,064066;0,05961787;0,1593475;2,121625;0,04640285;0,5225952;2,134389;-0,129376;0,4033519;2,092936;-0,1840515;0,1665688;2,032274;-0,1659589;-0,03768471;1,896126;-0,1586121;-0,1127469;1,866649;0,2261109;0,4151272;2,161844;0,3339324;0,2277805;2,088229;0,4193195;0,1650895;1,893929;0,4416246;0,1426762;1,81624;-0,002132484;0,0175301;2,032384;-0,01301212;-0,4343072;2,038922;0,01147885;-0,7520959;2,052732;0,02724459;-0,7816389;1,971716;0,157497;0,02108411;2,064097;0,2131991;-0,4430624;2,041798;0,2535297;-0,7969427;2,163331;0,2902001;-0,8561615;2,136858; 
0,03146273;0,7038757;2,084368;0,06322815;0,0964241;2,056573;0,04920459;0,1563899;2,114645;0,03382909;0,5201065;2,130122;-0,1378548;0,4007195;2,087499;-0,1912833;0,1635848;2,02594;-0,1786038;-0,03636747;1,89125;-0,177333;-0,114469;1,853728;0,2106391;0,4140917;2,156659;0,323118;0,2303966;2,079958;0,3980044;0,1650356;1,867184;0,4187393;0,1469382;1,812098;-0,009226097;0,01561707;2,026435;-0,01628993;-0,4359301;2,037367;0,01072152;-0,7514369;2,052545;0,02674654;-0,7808231;1,971493;0,1462857;0,02044776;2,054441;0,2057102;-0,4347608;2,022206;0,2335939;-0,7929442;2,136322;0,2756267;-0,8476554;2,108113; 
0,02131302;0,7068253;2,077096;0,05639134;0,09504442;2,051151;0,04164128;0,1549907;2,109431;0,02382386;0,5200127;2,12611;-0,1442076;0,3999684;2,082147;-0,2008571;0,1621114;2,019886;-0,1910119;-0,0382283;1,888856;-0,1897334;-0,1152105;1,849048;0,201289;0,4148793;2,152634;0,3151062;0,2298197;2,072188;0,3815702;0,1430153;1,880539;0,4040908;0,1403481;1,81041;-0,01502305;0,01469154;2,021229;-0,01967072;-0,436767;2,034915;0,009931614;-0,7509288;2,052145;0,02629289;-0,7802466;1,971106;0,139596;0,02018346;2,048906;0,1999163;-0,4326108;2,01056;0,2176934;-0,7919743;2,11472;0,2539618;-0,8527562;2,091279; 
0,01259044;0,7046884;2,072836;0,04942902;0,09418586;2,045155;0,03427764;0,1540193;2,103645;0,01412066;0,519577;2,121244;-0,1535378;0,3976694;2,076569;-0,2082504;0,1621305;2,014076;-0,2054116;-0,03996876;1,885659;-0,1997354;-0,1184283;1,84895;0,1903522;0,4165231;2,147064;0,3091588;0,2298406;2,068586;0,3623733;0,1388959;1,874602;0,3774636;0,1079032;1,812759;-0,02142779;0,01375689;2,01535;-0,02254413;-0,4385226;2,032616;0,009075521;-0,7512154;2,051986;0,02531194;-0,7804817;1,970875;0,132921;0,0203607;2,042526;0,1911771;-0,4287451;1,99622;0,2002654;-0,7750756;2,072875;0,2165018;-0,8043419;1,991764