;0,1689075;0,7066702;2,529287;0,155153;0,0888868;2,493605;0,1650487;0,1511669;2,552654;0,1944582;0,5183645;2,553699;0,01721115;0,3924595;2,5563;-0,09083812;0,1702699;2,58763;-0,2086145;-0,06353177;2,579358;-0,2176653;-0,1334722;2,581687;0,3840603;0,4255992;2,538609;0,6454396;0,4086721;2,552823;0,8790702;0,3994364;2,571568;0,9569471;0,3963579;2,582573;0,06526151;0,006677145;2,490669;-0,08987194;-0,4457996;2,483958;-0,2331243;-0,7958394;2,413097;-0,2924446;-0,8209742;2,342238;0,2300523;0,007281292;2,468176;0,2322599;-0,4910544;2,504574;0,2402934;-0,8298004;2,510916;0,2810761;-0,9011801;2,443606; 
0,1642905;0,7099158;2,527754;0,1532203;0,08953821;2,493252;0,1629611;0,1517962;2,552317;0,1913722;0,5189323;2,553513;0,01395567;0,3931413;2,556153;-0,09276152;0,1701745;2,588089;-0,2109976;-0,06144738;2,578833;-0,2198718;-0,1347126;2,581845;0,3815444;0,4255351;2,538191;0,6552927;0,4048132;2,552796;0,8888714;0,3975073;2,571948;0,966731;0,395072;2,583088;0,06285708;0,007344862;2,490438;-0,09730078;-0,4962786;2,486854;-0,2061023;-0,8147585;2,425334;-0,2821309;-0,8312153;2,338853;0,2288429;0,007718071;2,467675;0,2332042;-0,478003;2,500303;0,2402028;-0,8300222;2,510776;0,2811506;-0,9013193;2,442928; 
0,1575443;0,7114618;2,526242;0,1477802;0,08970541;2,492909;0,1564011;0,1519329;2,552105;0,1819246;0,5191026;2,553999;-0,0001337864;0,3916683;2,55133;-0,1003372;0,1675841;2,587847;-0,2173926;-0,06008577;2,577506;-0,2277832;-0,1350285;2,580338;0,3727317;0,4251276;2,536965;0,6188148;0,3898246;2,547611;0,8526087;0,3905075;2,565095;0,8638388;0,30978;2,537202;0,05722937;0,007089175;2,489104;-0,0953338;-0,4989376;2,486305;-0,1917902;-0,8223215;2,426517;-0,2560023;-0,8560026;2,333221;0,2247002;0,007671005;2,467847;0,2323424;-0,478521;2,499781;0,2398357;-0,8307449;2,510414;0,2810562;-0,9017081;2,442504; 
0,1426378;0,7098072;2,526789;0,1395272;0,08861466;2,492225;0,1476189;0,1510371;2,551384;0,1729123;0,5186392;2,552814;-0,01189822;0,3917519;2,548263;-0,1095207;0,1652084;2,586996;-0,2282749;-0,05782489;2,575972;-0,2426298;-0,13636;2,57542;0,3579546;0,4232474;2,53606;0,6153707;0,3843068;2,54627;0,849104;0,3683953;2,559213;0,8610811;0,2879726;2,531503;0,05022803;0,005931181;2,48722;-0,08711438;-0,5106695;2,48538;-0,163492;-0,832773;2,430431;-0,2062602;-0,8826056;2,339227;0,2156607;0,006771391;2,468747;0,230874;-0,4794451;2,499628;0,239469;-0,8310633;2,509899;0,2810312;-0,9016963;2,441992; 
0,1331184;0,7076607;2,524841;0,1296656;0,08685346;2,490435;0,1356302;0,1496886;2,549526;0,1543361;0,5183504;2,55002;-0,02668107;0,3895967;2,543721;-0,1264584;0,1644879;2,586301;-0,2383654;-0,0584174;2,573339;-0,2496967;-0,1384218;2,573598;0,342436;0,4230593;2,537915;0,5919415;0,3603114;2,541976;0,822764;0,31852;2,55114;0,8997049;0,3045896;2,558949;0,04181352;0,004136031;2,483486;-0,08195731;-0,5146718;2,48545;-0,1497266;-0,8347129;2,434812;-0,1744267;-0,8881516;2,361429;0,2070892;0,005435433;2,469189;0,2285198;-0,4808052;2,499315;0,2390237;-0,8314314;2,509599;0,2806934;-0,9016452;2,441977; 
0,1169116;0,7092257;2,522853;0,1190778;0,0863585;2,489202;0,1234903;0,1490479;2,548202;0,1379694;0,5160155;2,548116;-0,0473862;0,3916008;2,542201;-0,1391647;0,1600771;2,584829;-0,2481167;-0,06502154;2,568144;-0,2563603;-0,1400251;2,569443;0,325386;0,4194742;2,538692;0,572139;0,3400888;2,539804;0,7988338;0,277179;2,539042;0,8874103;0,2671686;2,54547;0,03095279;0,003623604;2,478854;-0,07800055;-0,5154793;2,485154;-0,1250845;-0,8412299;2,44206;-0,1463526;-0,9004166;2,379335;0,1984744;0,004472191;2,470929;0,2230514;-0,4832269;2,497516;0,2382283;-0,832656;2,50853;0,2800214;-0,9020434;2,4422; 
0,1009419;0,7020139;2,521609;0,1031732;0,08207131;2,486348;0,1067279;0,1444746;2,545262;0,1211131;0,5097206;2,544702;-0,06653568;0,3876943;2,538662;-0,1548849;0,1563241;2,582454;-0,2586705;-0,07238089;2,562;-0,2641392;-0,1449791;2,562121;0,3040479;0,4112633;2,538656;0,5373762;0,2988334;2,539329;0,7643848;0,235959;2,525602;0,8536826;0,2311672;2,531506;0,01546929;-0,0003025637;2,47439;-0,07342476;-0,5135645;2,484294;-0,1099527;-0,8442111;2,450014;-0,1368378;-0,9031545;2,386081;0,1836459;-0,0002076824;2,470078;0,2164629;-0,4888572;2,496351;0,23802;-0,8344917;2,507779;0,2790485;-0,9017501;2,441809; 
0,08115671;0,6956277;2,516483;0,09038594;0,07781191;2,484051;0,09144451;0,1399203;2,543442;0,09837387;0,5065496;2,546566;-0,08017012;0,384245;2,53458;-0,1698212;0,1498205;2,58096;-0,2669102;-0,07693698;2,553718;-0,2732912;-0,1520009;2,547983;0,2848043;0,4061273;2,542564;0,5028344;0,2628378;2,533406;0,7205073;0,1732242;2,513097;0,8065748;0,1486783;2,519501;0,005349887;-0,003796777;2,469931;-0,06760918;-0,5099502;2,483134;-0,107042;-0,8433995;2,451148;-0,1346731;-0,9036149;2,389469;0,1716917;-0,003431339;2,469438;0,2108469;-0,4933488;2,495906;0,2376515;-0,8356186;2,506844;0,2789425;-0,9019215;2,441211; 
0,06838657;0,6941976;2,514591;0,07656476;0,07542346;2,481973;0,076042;0,1370011;2,542158;0,08197212;0,5046519;2,55003;-0,1014908;0,3826674;2,531124;-0,1902072;0,1400886;2,57335;-0,2734154;-0,08433558;2,539848;-0,2774623;-0,1602552;2,540221;0,2683961;0,3990847;2,545418;0,4673896;0,2308759;2,533287;0,6718978;0,1174268;2,492134;0,7247669;0,1013313;2,487109;-0,008803575;-0,006435453;2,463547;-0,06719564;-0,5075489;2,482409;-0,102818;-0,8421201;2,451436;-0,1324861;-0,9030343;2,391732;0,1587964;-0,006054698;2,469089;0,2033896;-0,4992467;2,494415;0,2374875;-0,8374466;2,506166;0,2786183;-0,9019333;2,440969; 
0,04528735;0,6904697;2,508611;0,06194358;0,07356367;2,478482;0,05834105;0,1353506;2,53836;0,05323197;0,502714;2,543985;-0,1182669;0,38147;2,529566;-0,2002843;0,1377355;2,570214;-0,2771944;-0,08896881;2,524309;-0,2795679;-0,1675465;2,521742;0,2437788;0,3967648;2,549754;0,442844;0,2032149;2,531829;0,6192152;0,05416128;2,471946;0,6625357;0,02786857;2,464441;-0,01967945;-0,007926127;2,458554;-0,06770781;-0,5055679;2,482106;-0,09974045;-0,8408959;2,453749;-0,1308774;-0,9019067;2,392752;0,1454283;-0,007174625;2,468263;0,1953688;-0,5052155;2,493211;0,2377771;-0,8391021;2,505112;0,278838;-0,9022569;2,440623; 
0,02655824;0,6868345;2,504073;0,04622281;0,07288039;2,47522;0,04245827;0,1346205;2,535113;0,03797701;0,5018234;2,540973;-0,1433608;0,382847;2,530773;-0,2214152;0,1284598;2,560904;-0,2814375;-0,1063816;2,50076;-0,2812155;-0,1714244;2,513764;0,2263629;0,3938785;2,549634;0,3972417;0,1642954;2,534009;0,5553721;-0,002487898;2,468861;0,6126831;-0,02007621;2,454566;-0,03511367;-0,009200945;2,453402;-0,07366189;-0,50165;2,482295;-0,09898586;-0,8406162;2,455167;-0,130296;-0,9019464;2,394663;0,1305934;-0,008031212;2,466669;0,1904605;-0,5065108;2,489985;0,2351469;-0,8397174;2,503396;0,2784558;-0,9021463;2,439864; 
0,008442232;0,6894318;2,498588;0,02759087;0,0712999;2,470498;0,02435949;0,1330097;2,530649;0,01947986;0,5008045;2,537653;-0,1550038;0,3819312;2,528229;-0,2340549;0,125144;2,556068;-0,2859398;-0,1063562;2,492884;-0,2880723;-0,175446;2,493001;0,1922297;0,4000492;2,544402;0,3446335;0,1368936;2,533492;0,4726236;-0,05453816;2,470085;0,522787;-0,09285609;2,450027;-0,05087867;-0,009451466;2,448601;-0,08040649;-0,4995458;2,482955;-0,09863242;-0,8393082;2,456135;-0,1301945;-0,9018419;2,394833;0,1090178;-0,00709037;2,462364;0,1771236;-0,5028207;2,482026;0,2314792;-0,8382417;2,500905;0,2775565;-0,9024101;2,438759; 
-0,007844705;0,6909949;2,495705;0,01392641;0,07077898;2,467057;0,009728522;0,1328751;2,52711;-0,002323817;0,5023084;2,533462;-0,1739816;0,3827546;2,528906;-0,2477943;0,1228945;2,547621;-0,2881992;-0,1048855;2,477231;-0,2881902;-0,1721882;2,463364;0,1783793;0,4002117;2,543305;0,2910108;0,1196991;2,533159;0,3889295;-0,08937439;2,472293;0,4132846;-0,1502792;2,463666;-0,06285571;-0,009569243;2,445351;-0,08571358;-0,4980394;2,481968;-0,09873102;-0,8390827;2,456359;-0,1302108;-0,9018682;2,394911;0,09622572;-0,006525465;2,459347;0,170475;-0,5070474;2,478304;0,2283675;-0,8385917;2,495041;0,2768682;-0,9026624;2,434192; 
-0,01922876;0,6879073;2,492856;0,005266175;0,07071768;2,465028;0,001739148;0,1327069;2,525447;-0,006511186;0,502581;2,533423;-0,1836559;0,383619;2,527695;-0,2542604;0,1246205;2,542743;-0,292496;-0,1043183;2,463614;-0,2910672;-0,1705036;2,454781;0,1687378;0,3972749;2,54208;0,2502707;0,11049;2,53407;0,3109724;-0,1159108;2,471536;0,3406801;-0,1911174;2,459548;-0,07197563;-0,009136271;2,442332;-0,09434316;-0,4943159;2,480209;-0,09891508;-0,8388948;2,458168;-0,130462;-0,9019457;2,395115;0,08627677;-0,006650275;2,457446;0,1633818;-0,5081264;2,473981;0,2172801;-0,8381461;2,490185;0,2750092;-0,9025099;2,431385; 
-0,03592459;0,686902;2,488407;-0,005338599;0,06858835;2,46139;-0,009610854;0,1308969;2,521588;-0,02232661;0,5016753;2,528552;-0,1955836;0,3834248;2,525548;-0,2656975;0,1263828;2,533131;-0,2956479;-0,1031201;2,449377;-0,2926084;-0,1678962;2,43618;0,1471621;0,3925711;2,537395;0,2173523;0,1186457;2,531567;0,2519696;-0,1103669;2,474364;0,2716595;-0,1949462;2,452574;-0,0796961;-0,01038562;2,440381;-0,09880619;-0,4934618;2,479511;-0,0993115;-0,8375153;2,458653;-0,1311211;-0,902233;2,39552;0,07497893;-0,007248606;2,453107;0,1564112;-0,5060939;2,468474;0,2083553;-0,8374032;2,487335;0,2733359;-0,9027451;2,430741; 
-0,04641222;0,6875467;2,485764;-0,01382281;0,06948739;2,457666;-0,01920692;0,1318211;2,517689;-0,03807859;0,501948;2,523915;-0,2076542;0,3833828;2,522292;-0,2723901;0,1269854;2,526408;-0,3012839;-0,0968552;2,43868;-0,3032413;-0,1652599;2,417952;0,1352689;0,3937552;2,534291;0,1907718;0,1322501;2,529267;0,2293958;-0,09577478;2,470513;0,2254772;-0,1571019;2,446061;-0,0877864;-0,009595104;2,435114;-0,1035566;-0,4920716;2,477526;-0,09972501;-0,83735;2,458437;-0,1315767;-0,9024295;2,395805;0,06796753;-0,005499266;2,451173;0,1484318;-0,5032104;2,463811;0,2056224;-0,8374659;2,484503;0,2693319;-0,9020953;2,43274; 
-0,05459611;0,6883892;2,48289;-0,02199644;0,0711313;2,45347;-0,02785868;0,1328975;2,513721;-0,04588226;0,5018253;2,521472;-0,2191161;0,3839056;2,518571;-0,280879;0,1317749;2,513707;-0,3085014;-0,09175437;2,415318;-0,3081565;-0,1654992;2,393673;0,128179;0,3949839;2,533829;0,1878119;0,129786;2,528567;0,2255752;-0,09702435;2,463574;0,2247477;-0,1595327;2,44208;-0,09600053;-0,00840007;2,429691;-0,1078465;-0,4907624;2,475011;-0,09969526;-0,8372611;2,458355;-0,1322053;-0,9025649;2,39583;0,06037048;-0,003644857;2,447625;0,1418752;-0,5047648;2,461022;0,1961468;-0,8412991;2,479037;0,2656951;-0,9029406;2,428712; 
-0,06262947;0,6891322;2,480909;-0,0299635;0,07297836;2,450511;-0,03659083;0,1343535;2,51076;-0,0531771;0,5020465;2,518895;-0,2281232;0,3822913;2,515561;-0,2914778;0,1297775;2,501988;-0,3108054;-0,0914215;2,406566;-0,3094136;-0,1660424;2,385554;0,1217295;0,4010675;2,53813;0,187116;0,1287717;2,527376;0,2141963;-0,09978709;2,438999;0,2233569;-0,163576;2,424676;-0,1046887;-0,00755536;2,426208;-0,1114725;-0,4925049;2,472858;-0,1011091;-0,8365082;2,457404;-0,1321789;-0,9025964;2,395936;0,05333817;-0,002195953;2,444842;0,1297496;-0,5093994;2,457677;0,183822;-0,8406389;2,469666;0,2559016;-0,9005914;2,422088; 
-0,0719474;0,6896688;2,476645;-0,03634883;0,07354055;2,447782;-0,04389342;0,1347235;2,508191;-0,06349552;0,5027968;2,517795;-0,2339639;0,3812745;2,512769;-0,2985627;0,1257504;2,490614;-0,3168543;-0,09147501;2,38748;-0,3137836;-0,1653167;2,367018;0,1169002;0,4016337;2,538172;0,1883481;0,1271139;2,523391;0,216805;-0,09999368;2,432648;0,2239871;-0,1614572;2,409815;-0,1111592;-0,007506601;2,422441;-0,1141434;-0,4931971;2,470802;-0,1016125;-0,8361331;2,457046;-0,1322979;-0,9026983;2,395976;0,04796299;-0,001322754;2,442525;0,1211324;-0,5124997;2,455286;0,1744501;-0,8441364;2,463954;0,2457606;-0,903061;2,40672; 
-0,07775726;0,6905794;2,474424;-0,03985472;0,07401972;2,445764;-0,04844869;0,1351285;2,506058;-0,07029966;0,502724;2,515325;-0,2416644;0,3790987;2,508432;-0,3032451;0,1292084;2,4823;-0,320836;-0,08735572;2,377518;-0,3167973;-0,1602059;2,346026;0,111979;0,4024662;2,538253;0,1900894;0,1313774;2,513971;0,2247801;-0,09460932;2,41919;0,2297216;-0,1562703;2,396406;-0,1141206;-0,00759049;2,420228;-0,1165433;-0,4950329;2,469855;-0,1022437;-0,8356409;2,456756;-0,1325957;-0,9030285;2,396039;0,04504643;-0,0007731171;2,440775;0,1123876;-0,5098338;2,452037;0,1642619;-0,8411916;2,457388;0,2272561;-0,9007599;2,400375; 
-0,084252;0,6893398;2,472375;-0,04474926;0,07469864;2,442482;-0,05366456;0,1353475;2,502859;-0,07585456;0,5014402;2,512683;-0,2481951;0,3768157;2,506282;-0,3118815;0,1271313;2,470497;-0,3230398;-0,09073998;2,368004;-0,3167738;-0,159671;2,336625;0,1081549;0,4031939;2,538203;0,1934608;0,1441038;2,502821;0,2431296;-0,06816271;2,399941;0,2466631;-0,1391519;2,378541;-0,1189707;-0,007892625;2,416865;-0,1185113;-0,4969615;2,468406;-0,1024047;-0,8355714;2,456476;-0,1328597;-0,9033286;2,395884;0,04059497;3,180862E-05;2,437;0,1049854;-0,5184835;2,450189;0,1613148;-0,8433847;2,453794;0,2262715;-0,9010444;2,399508; 
-0,09095585;0,6880133;2,470586;-0,04986448;0,07431321;2,43967;-0,05876642;0,1349359;2,500108;-0,08080278;0,5011998;2,51032;-0,2545466;0,3748886;2,504387;-0,3146061;0,1264977;2,465919;-0,3284175;-0,08609872;2,351876;-0,3178267;-0,1606886;2,327178;0,1042576;0,4036456;2,536652;0,1972893;0,1520164;2,494772;0,2501236;-0,05971339;2,392194;0,2574191;-0,1336841;2,352133;-0,1247051;-0,009421918;2,415277;-0,1210769;-0,4964727;2,466801;-0,1027216;-0,8356416;2,455838;-0,1335566;-0,9040072;2,397086;0,03582374;-4,098222E-05;2,432338;0,1022607;-0,520101;2,448981;0,1582645;-0,8459271;2,452714;0,2254819;-0,900984;2,398684; 
-0,09544694;0,6879129;2,469632;-0,0531851;0,07198551;2,437252;-0,06162653;0,1328903;2,497889;-0,08287302;0,5005506;2,508898;-0,2580935;0,3738978;2,50247;-0,3198306;0,1278922;2,456169;-0,329614;-0,08511324;2,342711;-0,3203214;-0,1613335;2,318083;0,09759742;0,4024021;2,532819;0,1963645;0,1577763;2,488482;0,2575824;-0,05102276;2,377398;0,2617875;-0,1299106;2,341613;-0,1276952;-0,01157259;2,413449;-0,1227771;-0,4972633;2,465311;-0,1031897;-0,8358397;2,454616;-0,1336271;-0,9040708;2,397206;0,0321648;-0,002181089;2,429408;0,1002678;-0,5214415;2,447729;0,1583082;-0,8461317;2,452544;0,2252299;-0,9013684;2,398041; 
-0,09913822;0,6868252;2,468687;-0,0546485;0,07165152;2,435641;-0,06293191;0,1325722;2,496311;-0,08463003;0,5004249;2,507458;-0,2610207;0,3727019;2,500662;-0,3188698;0,1280335;2,450133;-0,3307451;-0,08431126;2,335705;-0,323049;-0,1612461;2,309183;0,09351289;0,4019425;2,529545;0,1946011;0,1622924;2,482539;0,2583463;-0,0412789;2,366538;0,2660318;-0,1214631;2,328865;-0,1289178;-0,01194163;2,412521;-0,1231686;-0,4980523;2,464879;-0,1038175;-0,8361065;2,453488;-0,133631;-0,9041032;2,397158;0,03056094;-0,002202746;2,426946;0,09876393;-0,5239946;2,447175;0,1584065;-0,8462489;2,452317;0,2250037;-0,9014779;2,397656; 
-0,1010094;0,6872122;2,469144;-0,05636581;0,07158339;2,433905;-0,06479926;0,132484;2,494603;-0,08618484;0,5005238;2,506035;-0,2620195;0,3732725;2,498388;-0,317895;0,129579;2,446591;-0,3323026;-0,08249535;2,332155;-0,326931;-0,1588645;2,303333;0,09141435;0,4018297;2,528217;0,1929835;0,1656466;2,477308;0,2570019;-0,03948344;2,353695;0,2621008;-0,1175807;2,310097;-0,1302581;-0,01157499;2,410579;-0,1241605;-0,4979699;2,463373;-0,103771;-0,8363541;2,453408;-0,1336432;-0,9040401;2,397294;0,02834688;-0,002198218;2,425465;0,09881216;-0,5239507;2,447048;0,1589674;-0,8465213;2,451209;0,2246098;-0,9016176;2,397695; 
-0,1019148;0,6883788;2,470905;-0,05687473;0,07455149;2,432106;-0,06598139;0,1347782;2,493072;-0,08850795;0,5019296;2,505708;-0,263299;0,3753143;2,495612;-0,3138092;0,1314454;2,438893;-0,3319551;-0,08331895;2,33128;-0,3263163;-0,1538478;2,303335;0,0913806;0,4020313;2,527887;0,1901696;0,1700529;2,474808;0,2513428;-0,02776967;2,349682;0,259495;-0,09774856;2,304875;-0,1303221;-0,008124286;2,40579;-0,1250093;-0,4977651;2,461942;-0,1034448;-0,8376321;2,452018;-0,1339803;-0,9040622;2,3968;0,02829265;-0,0001150285;2,424976;0,1005016;-0,5197798;2,445468;0,1604979;-0,8444635;2,448481;0,2237385;-0,9011267;2,397584; 
-0,1007527;0,7007904;2,475134;-0,05553392;0,08130565;2,430168;-0,06533563;0,1411925;2,491188;-0,08911493;0,5073644;2,504662;-0,2635739;0,3797292;2,49254;-0,3094997;0,1338367;2,433936;-0,3286873;-0,08203726;2,3294;-0,3237748;-0,1435079;2,302737;0,09276075;0,4055173;2,527135;0,185107;0,1710579;2,471909;0,2429577;-0,02476147;2,341777;0,2597842;-0,09941577;2,294652;-0,1286846;-0,002670399;2,402795;-0,1250784;-0,4968948;2,460101;-0,1042227;-0,8382259;2,448366;-0,1347876;-0,9041204;2,394708;0,03001244;0,006140905;2,424133;0,1016973;-0,5117069;2,444446;0,1617058;-0,841782;2,44696;0,2235024;-0,9004297;2,397085; 
-0,09629866;0,7096506;2,480692;-0,05242972;0,08818885;2,429297;-0,06297255;0,1483238;2,490442;-0,08770978;0,5168173;2,505328;-0,2594272;0,3990101;2,490186;-0,2999368;0,1441705;2,432949;-0,3258705;-0,07046787;2,327352;-0,3184062;-0,1302932;2,30582;0,09339054;0,4141053;2,525609;0,1823658;0,171628;2,470609;0,2404333;-0,02597965;2,343819;0,2533125;-0,09866828;2,292357;-0,1240688;0,005228512;2,401321;-0,125237;-0,491554;2,45507;-0,1052275;-0,8398507;2,443403;-0,1354525;-0,9056441;2,393209;0,03287764;0,01482087;2,423644;0,1035932;-0,5104606;2,444576;0,1619192;-0,8401247;2,445004;0,22245;-0,9000568;2,394383; 
-0,09175725;0,7146956;2,482661;-0,04886393;0,09446439;2,429533;-0,05914494;0,1547739;2,490963;-0,08288544;0,5251403;2,507835;-0,2567102;0,4045418;2,48996;-0,2965791;0,1487061;2,433639;-0,3228445;-0,06418934;2,324279;-0,3108036;-0,1098769;2,311366;0,09548107;0,418559;2,524695;0,1801918;0,1679693;2,467694;0,2266362;-0,04077962;2,356868;0,2356775;-0,07525869;2,310213;-0,1198693;0,01213846;2,401858;-0,1250366;-0,4885581;2,449847;-0,1053698;-0,8401374;2,442388;-0,1360105;-0,9054275;2,391889;0,03537327;0,02091033;2,423342;0,1049785;-0,5099813;2,445352;0,1596062;-0,8421371;2,443711;0,208938;-0,9004002;2,388337; 
-0,08626493;0,7184688;2,483682;-0,0461787;0,09605774;2,429576;-0,05615155;0,1565834;2,491141;-0,08000088;0,5283104;2,50866;-0,2536386;0,4066222;2,49064;-0,2939445;0,1569434;2,437576;-0,3179746;-0,05659726;2,329229;-0,3071324;-0,1041262;2,311504;0,0996466;0,4194261;2,523259;0,1800845;0,1644709;2,465598;0,2243785;-0,0471516;2,360323;0,2335389;-0,08206622;2,322123;-0,1176919;0,01349958;2,401621;-0,1232714;-0,4860815;2,442003;-0,1043325;-0,8401362;2,441974;-0,1359424;-0,905241;2,391941;0,03822284;0,02227977;2,42356;0,1061359;-0,5090396;2,445942;0,1546302;-0,8440024;2,444622;0,2030471;-0,9012207;2,390848; 
-0,07929586;0,7178155;2,486512;-0,04291813;0,09600785;2,429596;-0,05244545;0,1564782;2,491252;-0,07549904;0,5279539;2,509162;-0,2482312;0,4055007;2,492519;-0,2888394;0,1561782;2,440676;-0,3086947;-0,05798325;2,332896;-0,3022467;-0,1050232;2,312744;0,1034442;0,4193838;2,523525;0,1829741;0,1586534;2,465821;0,2226704;-0,05493453;2,363187;0,2357588;-0,1006334;2,316755;-0,1148269;0,01365261;2,401319;-0,1213731;-0,4852261;2,431981;-0,1040259;-0,839537;2,441549;-0,135691;-0,9049782;2,392097;0,04119847;0,02212416;2,423822;0,1078745;-0,5061531;2,445727;0,1507056;-0,845479;2,447375;0,2002771;-0,9013247;2,392009; 
-0,07112265;0,7145345;2,492056;-0,03661053;0,08910857;2,429783;-0,04478721;0,1494091;2,491862;-0,06546342;0,5210506;2,5121;-0,2397269;0,3936877;2,497767;-0,2802636;0,1456083;2,448226;-0,3061835;-0,06497999;2,334155;-0,297348;-0,1112014;2,313993;0,1139172;0,4109741;2,524048;0,1900535;0,1475176;2,468086;0,22477;-0,06432588;2,359492;0,2345244;-0,1001006;2,321928;-0,1105621;0,006850318;2,402349;-0,119106;-0,4904786;2,425312;-0,1034037;-0,840322;2,441321;-0,135495;-0,905607;2,392042;0,04863178;0,01481888;2,422183;0,108297;-0,5056716;2,445095;0,1467601;-0,8467838;2,450823;0,1976845;-0,902204;2,393896; 
-0,06288078;0,704451;2,493909;-0,03158318;0,08297679;2,430598;-0,03938488;0,1424521;2,493074;-0,0590053;0,5122347;2,516089;-0,2320431;0,3830928;2,50249;-0,2738454;0,1334861;2,451721;-0,3035946;-0,07801843;2,340872;-0,2974274;-0,1217131;2,314644;0,127362;0,3950053;2,527369;0,1941614;0,1415497;2,470806;0,2273454;-0,07013479;2,361482;0,2365004;-0,1055585;2,323906;-0,1061915;0,0009369748;2,402276;-0,1166011;-0,4936117;2,421455;-0,1020634;-0,8411704;2,441748;-0,1349742;-0,9067902;2,393568;0,05419607;0,007323842;2,422752;0,1089915;-0,507638;2,444753;0,1448409;-0,8471199;2,453297;0,1959606;-0,9026594;2,394515; 
-0,05784766;0,6985988;2,495634;-0,02820184;0,07741366;2,432317;-0,03484676;0,1360778;2,495477;-0,05146811;0,5055993;2,523832;-0,2258519;0,378817;2,507899;-0,2671263;0,1215094;2,455489;-0,3000963;-0,09154421;2,349331;-0,2956688;-0,1399008;2,329402;0,129911;0,391748;2,528891;0,19893;0,1391183;2,474334;0,2307038;-0,07298405;2,365591;0,2402617;-0,1108141;2,326275;-0,1031728;-0,003464526;2,4039;-0,1155379;-0,4949096;2,419816;-0,1012138;-0,8413686;2,441855;-0,1348586;-0,9067078;2,3939;0,05606615;0,002858962;2,423069;0,1093537;-0,5086635;2,445026;0,1440853;-0,847123;2,454407;0,1950247;-0,9025503;2,394814; 
-0,05472482;0,6981913;2,497249;-0,02588178;0,07553954;2,433965;-0,03157446;0,1340511;2,497499;-0,04583741;0,5045176;2,527618;-0,2166486;0,3800032;2,512326;-0,2619162;0,123141;2,45857;-0,2956321;-0,09291834;2,360157;-0,2910091;-0,1449929;2,342746;0,1317801;0,3918517;2,529936;0,2017822;0,1385306;2,477489;0,2356981;-0,0753347;2,373723;0,2424427;-0,1121806;2,328614;-0,1004276;-0,004271728;2,405757;-0,1142056;-0,4949841;2,420105;-0,1007484;-0,8411528;2,441722;-0,1347324;-0,9063943;2,393969;0,05679726;0,001541764;2,423979;0,110748;-0,5082417;2,446372;0,1428027;-0,8473063;2,455081;0,1940725;-0,902081;2,39575; 
-0,04915351;0,700227;2,502938;-0,02205073;0,07538985;2,437234;-0,02697839;0,133738;2,50117;-0,03819627;0,504514;2,5328;-0,2126758;0,3817397;2,515615;-0,2572582;0,1259421;2,463649;-0,2867211;-0,09289886;2,371188;-0,284521;-0,1449441;2,35702;0,1360293;0,392999;2,532749;0,2057164;0,1392344;2,481204;0,2383595;-0,07563622;2,379539;0,2477699;-0,1125118;2,335421;-0,0970915;-0,004018792;2,408758;-0,1101204;-0,4950089;2,426048;-0,1002388;-0,8414285;2,442304;-0,1345467;-0,9061279;2,394143;0,05956987;0,001159249;2,426651;0,1132461;-0,5085734;2,449509;0,1420959;-0,8473276;2,455482;0,1936274;-0,9020195;2,395929; 
-0,04347144;0,7008542;2,508684;-0,01451414;0,07974567;2,444216;-0,01990723;0,1379483;2,507899;-0,03270506;0,5068618;2,537542;-0,2101395;0,3848309;2,519115;-0,2528714;0,1303953;2,472586;-0,2780215;-0,09190662;2,389047;-0,27719;-0,1386762;2,370569;0,1438412;0,3993861;2,538862;0,2127866;0,1424673;2,491761;0,2417905;-0,0723123;2,388744;0,256772;-0,110774;2,340411;-0,09092444;-0,0007001011;2,41397;-0,1046425;-0,496087;2,43702;-0,09968607;-0,8415252;2,443167;-0,1342921;-0,9056305;2,394515;0,06813251;0,004542734;2,43488;0,1158903;-0,5103296;2,455215;0,1418907;-0,8474433;2,456599;0,1932941;-0,9023331;2,396394; 
-0,03506567;0,7011189;2,515087;-0,01003089;0,07963973;2,448824;-0,01587749;0,1380919;2,512294;-0,02893751;0,5071754;2,540673;-0,2070011;0,3859349;2,521042;-0,251248;0,1298142;2,479625;-0,2712024;-0,0927068;2,395286;-0,2740218;-0,1371098;2,377631;0,1519273;0,3985471;2,542989;0,2194318;0,1428996;2,498681;0,2535429;-0,07136627;2,396383;0,2602801;-0,1133602;2,347938;-0,08698542;-0,001144795;2,41838;-0,09847993;-0,5026047;2,451874;-0,09920866;-0,8415746;2,444748;-0,13401;-0,9051049;2,394817;0,07381182;0,003341482;2,440262;0,1179451;-0,5122563;2,460957;0,1412081;-0,8500919;2,462268;0,1926242;-0,9025714;2,396971; 
-0,02761775;0,7000614;2,51931;-0,005218535;0,07761475;2,453976;-0,01150689;0,1365224;2,517232;-0,02334306;0,5067202;2,544553;-0,1990716;0,3884458;2,52358;-0,247244;0,131079;2,490767;-0,2692592;-0,08981656;2,402193;-0,2693673;-0,1406801;2,388046;0,1582675;0,3964171;2,5482;0,2281404;0,1402665;2,506329;0,2605301;-0,07135415;2,397366;0,2638943;-0,1160796;2,351884;-0,08251025;-0,002322353;2,422664;-0,09606239;-0,5021711;2,461983;-0,09858759;-0,8399311;2,450038;-0,1337582;-0,9050039;2,395126;0,07876321;7,982692E-05;2,447186;0,1193715;-0,5113847;2,466022;0,1404894;-0,8494787;2,462883;0,1911998;-0,9024734;2,397586; 
-0,01645716;0,6977888;2,525845;-0,0004545993;0,07595703;2,459362;-0,007259729;0,1349865;2,522544;-0,01617444;0,5056014;2,549703;-0,1893117;0,3876648;2,52644;-0,2450252;0,1298254;2,495136;-0,262669;-0,09296963;2,411356;-0,2672196;-0,1449743;2,39663;0,1686012;0,3937176;2,556931;0,2343601;0,1365782;2,510368;0,2698805;-0,07417382;2,400699;0,2733116;-0,120735;2,357612;-0,07789523;-0,00338575;2,427171;-0,09506485;-0,5054388;2,470019;-0,09820661;-0,8388961;2,451304;-0,1336314;-0,9049123;2,395098;0,08287492;-0,002385823;2,453529;0,1201864;-0,5130908;2,471054;0,1401276;-0,8484045;2,463865;0,1898778;-0,9025229;2,398184; 
0,2256415;0,6770779;2,595997;0,154891;0,06303208;2,52286;0,1299934;0,1254613;2,579199;0,1674214;0,4967456;2,612914;0,01154337;0,3937513;2,51743;-0,06472353;0,1689662;2,401272;-0,02841701;-0,04490842;2,299251;-0,01513227;-0,08607875;2,28629;0,3172696;0,3673643;2,698078;0,3382995;0,09268208;2,671106;0,3737482;-0,1216802;2,569928;0,3813798;-0,2034328;2,533287;0,0867203;-0,00368748;2,45999;0,01516887;-0,5046964;2,427726;0,05940499;-0,7706244;2,212071;0,1087029;-0,8061234;2,129017;0,2183718;-0,03257727;2,546696;0,1015439;-0,5062574;2,403871;0,1626306;-0,8522628;2,4531;0,1993227;-0,9057989;2,394468; 
0,2255506;0,6768509;2,596511;0,1540383;0,06301224;2,522404;0,1290233;0,1254185;2,578789;0,1655245;0,4973466;2,61298;0,01117541;0,3939375;2,51733;-0,06511451;0,1715248;2,401757;-0,02778082;-0,04197113;2,299366;-0,01558143;-0,08646947;2,284475;0,3170981;0,3673221;2,698115;0,3381928;0,09264959;2,671346;0,3716798;-0,1219673;2,57014;0,3787029;-0,2037621;2,533373;0,08595437;-0,00359013;2,459631;0,04820347;-0,4807878;2,368806;0,05106599;-0,7810826;2,242115;0,1051277;-0,8696758;2,221201;0,2176721;-0,03258961;2,546057;0,1487737;-0,5954289;2,478725;0,162564;-0,8827845;2,443865;0,212502;-0,9121723;2,378387; 
0,2202932;0,6810157;2,600244;0,1535602;0,06263544;2,522076;0,1281563;0,1250454;2,578346;0,1623227;0,4982389;2,612675;0,01018511;0,3942031;2,516739;-0,0654115;0,1721608;2,401405;-0,02755646;-0,04140796;2,299527;-0,01546168;-0,08640108;2,284187;0,3130913;0,3688521;2,69751;0,3366904;0,09238194;2,67158;0,3659433;-0,1227213;2,570162;0,3746824;-0,204114;2,5328;0,08592939;-0,003803015;2,459413;0,0241163;-0,4785741;2,362394;0,03779648;-0,8027622;2,288778;0,08848223;-0,8758122;2,239379;0,2171907;-0,03277954;2,545808;0,1728099;-0,5248375;2,494658;0,1594749;-0,8563257;2,448619;0,2014881;-0,9090571;2,393008; 
0,2142553;0,6819462;2,603435;0,1521522;0,06292263;2,521518;0,1262188;0,1252367;2,5778;0,1574737;0,4999351;2,61334;0,006169498;0,3943212;2,515382;-0,06588693;0,1699329;2,399069;-0,02654057;-0,04397352;2,298756;-0,01512603;-0,08688077;2,283459;0,3068149;0,371695;2,695832;0,3338667;0,08888152;2,672358;0,3604728;-0,1278842;2,574348;0,3699374;-0,2075714;2,533507;0,08526535;-0,003823391;2,458754;0,01466693;-0,4926011;2,36806;0,05122621;-0,8236285;2,350389;0,05207623;-0,8881921;2,278569;0,2157244;-0,03198381;2,545249;0,1728587;-0,5288545;2,499394;0,1576934;-0,8579435;2,452494;0,2004096;-0,9077889;2,394861; 
0,2010297;0,6836851;2,605469;0,1480757;0,06204394;2,5199;0,1211921;0,1240576;2,576378;0,1469182;0,5012715;2,614631;0,002201633;0,3935031;2,513582;-0,06708749;0,1695724;2,397781;-0,02569038;-0,04410827;2,297938;-0,01484433;-0,08715361;2,283308;0,3013735;0,3731986;2,694205;0,3314531;0,08849975;2,672624;0,3575974;-0,1280059;2,573868;0,3665529;-0,2077287;2,532855;0,08223855;-0,004980708;2,456791;0,005403321;-0,5040983;2,379516;-0,003945579;-0,8298872;2,353333;-0,006369293;-0,8949453;2,28871;0,2127337;-0,03170353;2,543787;0,1706131;-0,5329306;2,504256;0,1567464;-0,8554565;2,456875;0,1980281;-0,9060318;2,39677; 
0,1857209;0,686173;2,610842;0,1425959;0,06250663;2,51888;0,1148419;0,1245612;2,575714;0,1385276;0,504584;2,617512;-0,00380791;0,393179;2,512213;-0,06912354;0,1689731;2,397716;-0,02527241;-0,04420145;2,29789;-0,01560459;-0,08072862;2,284266;0,2946077;0,3763994;2,695598;0,3294088;0,08895174;2,674497;0,3539248;-0,1281847;2,576938;0,3631811;-0,2082265;2,536537;0,07737318;-0,005228736;2,455262;-0,007219325;-0,5181875;2,394758;-0,02895112;-0,8403972;2,389712;-0,03975873;-0,9029767;2,326249;0,2077791;-0,02975845;2,542358;0,1677564;-0,5349335;2,506971;0,1562435;-0,8534985;2,46;0,1936927;-0,9052637;2,398777; 
0,1709904;0,6855968;2,61183;0,1357005;0,06350026;2,517931;0,1075083;0,1252435;2,575142;0,1305482;0,5048286;2,618949;-0,01205705;0,3913051;2,510632;-0,07205195;0,1648184;2,396284;-0,02297713;-0,0492316;2,30168;-0,009409162;-0,1074164;2,272318;0,2897207;0,3788728;2,697972;0,3256404;0,08933453;2,676586;0,3458548;-0,1280255;2,5785;0,3580994;-0,1833373;2,546102;0,0707517;-0,005087576;2,455025;-0,01980847;-0,5166835;2,405328;-0,05678181;-0,8349342;2,443208;-0,07679207;-0,9009806;2,384385;0,2012666;-0,02658705;2,539733;0,16593;-0,5324171;2,509044;0,1558464;-0,8517773;2,46391;0,191348;-0,904323;2,40075; 
0,140028;0,7013743;2,615308;0,1229274;0,06271165;2,514729;0,09438073;0,1245381;2,572581;0,113974;0,5072345;2,618898;-0,02192539;0,3914409;2,511189;-0,0785507;0,1643047;2,394908;-0,02244833;-0,04856637;2,301829;-0,008305781;-0,1073684;2,274156;0,279753;0,3798433;2,696464;0,3217597;0,09136228;2,678715;0,3444625;-0,1255668;2,580191;0,3535593;-0,1785714;2,553806;0,05760198;-0,005929369;2,452874;-0,04491471;-0,5183756;2,423727;-0,0759405;-0,846233;2,468692;-0,1103319;-0,9115164;2,422319;0,1908663;-0,02522365;2,535382;0,1631631;-0,5290892;2,511009;0,1530552;-0,8498127;2,467322;0,1902936;-0,9038502;2,402473; 
0,1325042;0,6986256;2,615897;0,1135331;0,06277195;2,513823;0,0866948;0,1244865;2,57277;0,1103926;0,5068422;2,621276;-0,03524626;0,3862369;2,510474;-0,08535036;0,1621143;2,393938;-0,02102157;-0,04879323;2,301901;-0,00779154;-0,1078805;2,274549;0,2667573;0,3846299;2,694204;0,3191851;0,09118477;2,679909;0,3434778;-0,1262919;2,583289;0,3514237;-0,1776637;2,564491;0,04663386;-0,006247295;2,451694;-0,06164867;-0,5221165;2,442724;-0,09997229;-0,8499538;2,50866;-0,1318467;-0,9139566;2,458952;0,1802108;-0,02376922;2,532894;0,1603075;-0,5272886;2,511925;0,152913;-0,849353;2,467764;0,1901715;-0,9038298;2,402487; 
0,1125679;0,6963159;2,617978;0,09960409;0,06336418;2,512797;0,07223145;0,1243084;2,572366;0,09031267;0,5067354;2,623033;-0,04785068;0,3818985;2,511483;-0,0927291;0,1594631;2,395686;-0,0200761;-0,04849362;2,30306;-0,00758223;-0,1073543;2,275048;0,2604298;0,3887942;2,694368;0,3157651;0,09208492;2,681269;0,3425894;-0,1259333;2,58692;0,3499171;-0,1790946;2,567727;0,03278459;-0,007001587;2,452117;-0,07797823;-0,5197918;2,458942;-0,118824;-0,8574868;2,534154;-0,1594155;-0,9217015;2,491707;0,1689404;-0,02197137;2,529966;0,1576824;-0,5262522;2,512228;0,1517004;-0,8488306;2,468808;0,1899318;-0,9039172;2,402501; 
0,08228942;0,6945601;2,617281;0,0863827;0,05981056;2,510806;0,06231698;0,1211215;2,572024;0,08358969;0,5054853;2,623363;-0,06807732;0,3770611;2,515083;-0,1042761;0,1530724;2,39928;-0,02099676;-0,04985744;2,304127;-0,007173263;-0,1078921;2,275188;0,244559;0,3844678;2,68145;0,3109252;0,09389135;2,681972;0,3415203;-0,1251834;2,592017;0,3492905;-0,1790602;2,573358;0,01559843;-0,0117251;2,453855;-0,09259846;-0,5152493;2,473144;-0,1330931;-0,8506376;2,562134;-0,1718449;-0,9183958;2,523774;0,157007;-0,02249935;2,524503;0,1537554;-0,5225981;2,512371;0,151125;-0,8481206;2,469477;0,1887316;-0,9036387;2,402732; 
0,06956749;0,69583;2,618927;0,07291464;0,06095972;2,510584;0,0491872;0,1214799;2,572431;0,06293568;0,5053829;2,623361;-0,0860974;0,3792282;2,520829;-0,1172597;0,1382103;2,404007;-0,02103969;-0,05667964;2,303558;-0,003957886;-0,1133914;2,273849;0,2370845;0,3864915;2,678972;0,3076173;0,09586811;2,682902;0,3448681;-0,1250353;2,60169;0,349041;-0,1789909;2,577057;0,001314826;-0,01150456;2,4562;-0,1025246;-0,5166572;2,491534;-0,1474759;-0,8551444;2,578684;-0,175551;-0,9201882;2,528313;0,1467713;-0,02019895;2,521778;0,1506987;-0,5217239;2,512553;0,150122;-0,8472478;2,469867;0,188471;-0,9035347;2,402712; 
0,04618025;0,6960194;2,619669;0,06104979;0,05920078;2,511298;0,03976266;0,1200541;2,573929;0,05401377;0,5054039;2,623342;-0,1018688;0,3778883;2,529323;-0,1380349;0,148064;2,41654;-0,03634659;-0,04297876;2,313778;-0,01811163;-0,09886794;2,283296;0,2216955;0,3881411;2,671521;0,3034444;0,09845179;2,683899;0,3453045;-0,122942;2,60717;0,3484197;-0,1768813;2,582345;-0,01137936;-0,01383957;2,461078;-0,1149327;-0,5131503;2,504382;-0,1489272;-0,8563064;2,583755;-0,1790311;-0,9212031;2,534454;0,1347879;-0,01956071;2,519249;0,1470499;-0,5196631;2,51214;0,147975;-0,8466176;2,469889;0,1876967;-0,9035491;2,403247; 
0,02932233;0,6914547;2,620003;0,04898958;0,06039076;2,512617;0,02978066;0,1202185;2,576133;0,04206599;0,5029979;2,625742;-0,1186378;0,3771783;2,539726;-0,1696982;0,1595958;2,440368;-0,06122898;-0,04133837;2,324722;-0,02808344;-0,09088138;2,29591;0,2153214;0,3882073;2,670276;0,2971289;0,1033819;2,682204;0,3447782;-0,1176795;2,608642;0,3479567;-0,1769106;2,58438;-0,02413013;-0,01427129;2,463396;-0,1244746;-0,5150256;2,518842;-0,1540574;-0,8588356;2,59279;-0,1815905;-0,9213899;2,538888;0,1241651;-0,01761753;2,518411;0,1409885;-0,5144472;2,510698;0,1461383;-0,8447964;2,470894;0,186311;-0,9037334;2,404325; 
0,01051729;0,6875908;2,618629;0,0339232;0,06173614;2,51401;0,01641025;0,1210333;2,578209;0,02590651;0,5028566;2,627441;-0,1362171;0,3718;2,54822;-0,1932688;0,1543604;2,456218;-0,07341474;-0,04126557;2,329412;-0,04565836;-0,09817471;2,303164;0,2025366;0,3900828;2,667352;0,2899787;0,1074096;2,678902;0,3426147;-0,1134731;2,609231;0,3471984;-0,1765775;2,585491;-0,03951544;-0,01437001;2,466061;-0,1315858;-0,5142357;2,529349;-0,155182;-0,8592948;2,595131;-0,1850194;-0,9241428;2,545747;0,1101159;-0,01601268;2,517746;0,1348697;-0,5108081;2,509043;0,1447238;-0,8437328;2,470888;0,185778;-0,9038489;2,404358; 
-0,01785033;0,6858881;2,617432;0,01601318;0,06131808;2,515296;0,001874164;0,1205332;2,58018;0,01003956;0,5021312;2,627409;-0,1553937;0,3708032;2,560832;-0,200682;0,1522401;2,463632;-0,121098;-0,0337346;2,332368;-0,07564816;-0,1060039;2,304872;0,1824065;0,3855146;2,65559;0,2822687;0,1111057;2,672805;0,3403734;-0,1097383;2,608951;0,3466195;-0,1760867;2,586425;-0,058497;-0,01551558;2,469741;-0,1350816;-0,5139003;2,538462;-0,1564145;-0,8596628;2,597021;-0,1865849;-0,9256176;2,549412;0,09229827;-0,01553629;2,517064;0,130593;-0,5096711;2,507315;0,1439081;-0,8439938;2,4709;0,1853438;-0,9040357;2,404272; 
-0,0342417;0,6833366;2,616181;0,002242012;0,06448498;2,518225;-0,008955454;0,1228266;2,583362;-0,005388823;0,5003766;2,627586;-0,1833111;0,3708128;2,57816;-0,2207156;0,1465853;2,480965;-0,1647078;-0,04826982;2,350591;-0,1219648;-0,1174527;2,312695;0,1756951;0,3870373;2,655435;0,2668339;0,1171586;2,65805;0,3354032;-0,102704;2,6045;0,3455153;-0,1752114;2,58566;-0,07494907;-0,01467214;2,477953;-0,138473;-0,5151548;2,546248;-0,1556818;-0,8609174;2,599397;-0,1863954;-0,9251235;2,549861;0,08113912;-0,01211574;2,515634;0,1208179;-0,5082329;2,504439;0,1429477;-0,8443911;2,470866;0,1847225;-0,9043258;2,404341; 
-0,0547478;0,6819918;2,615983;-0,01725972;0,06649278;2,520081;-0,02431333;0,1240132;2,585568;-0,02015766;0,4981109;2,628181;-0,2058812;0,3681331;2,593307;-0,2411676;0,1417162;2,500226;-0,1762109;-0,05327727;2,374956;-0,1366757;-0,1087747;2,339079;0,1518703;0,3855773;2,645547;0,2571058;0,1234439;2,646802;0,3274387;-0,0960305;2,594507;0,3416306;-0,1715234;2,577076;-0,09692013;-0,01332649;2,484443;-0,1408279;-0,514318;2,551545;-0,1556303;-0,8601176;2,60174;-0,1868154;-0,9245333;2,552847;0,06257495;-0,009780582;2,512407;0,1122919;-0,5053704;2,502268;0,1425658;-0,8441088;2,470686;0,1835558;-0,903799;2,403931; 
-0,07932945;0,6835263;2,613873;-0,02963707;0,06569664;2,522409;-0,03508927;0,123397;2,587673;-0,03961302;0,4959477;2,626006;-0,2239733;0,3614584;2,603544;-0,2532129;0,1346838;2,519771;-0,195741;-0,1072723;2,385292;-0,1651555;-0,1216048;2,328172;0,1299301;0,3911313;2,639567;0,2475865;0,1217894;2,635672;0,310953;-0,09734865;2,571314;0,3309838;-0,1695861;2,555754;-0,1073797;-0,01562219;2,490445;-0,144404;-0,5127866;2,557886;-0,1569381;-0,8588439;2,604232;-0,18703;-0,924063;2,555793;0,05002024;-0,008619658;2,511997;0,1047227;-0,5057049;2,501524;0,1418104;-0,8442297;2,469165;0,1828548;-0,9039147;2,403856; 
-0,0965571;0,6773003;2,613885;-0,04157515;0,06423943;2,525019;-0,04633245;0,1215459;2,590213;-0,05317751;0,4920844;2,62796;-0,2332215;0,3574318;2,608998;-0,2728499;0,1166071;2,542798;-0,2501096;-0,08304283;2,409584;-0,2283145;-0,1241506;2,391132;0,1249204;0,3885458;2,637802;0,2310646;0,1346753;2,622459;0,2929222;-0,09028379;2,54151;0,3112187;-0,1631942;2,526274;-0,1200273;-0,01877517;2,495174;-0,1517782;-0,5142785;2,569621;-0,1589667;-0,8580444;2,607781;-0,1863599;-0,9231805;2,557733;0,04044735;-0,00914748;2,512467;0,09414854;-0,5105906;2,500027;0,1406254;-0,8448101;2,469057;0,179617;-0,9038181;2,405332; 
-0,1218752;0,6800201;2,61206;-0,06172238;0,06515821;2,531783;-0,06206478;0,1225348;2,596438;-0,07020203;0,4910621;2,630978;-0,2653973;0,354622;2,633876;-0,2933965;0,1063452;2,564605;-0,2745216;-0,09344692;2,431018;-0,2722563;-0,1441007;2,413346;0,10829;0,3871989;2,63516;0,2229169;0,1336379;2,614887;0,2856632;-0,08954061;2,531859;0,2999095;-0,160447;2,509078;-0,141396;-0,01984897;2,506944;-0,1574689;-0,5132872;2,576032;-0,1581789;-0,8574389;2,612698;-0,1864525;-0,9221811;2,562702;0,02085153;-0,008400345;2,515123;0,08349701;-0,5119552;2,497399;0,1403134;-0,8443916;2,467393;0,1781897;-0,9033676;2,405401; 
-0,1386812;0,6756554;2,609427;-0,07575494;0,0633872;2,535765;-0,07534105;0,121472;2,599827;-0,08805986;0,4899182;2,630324;-0,2744189;0,3520582;2,639348;-0,3189864;0,09353979;2,583894;-0,3159024;-0,1136602;2,462097;-0,3183491;-0,1616712;2,443983;0,09153159;0,3861823;2,631342;0,1990362;0,1293343;2,596474;0,2546112;-0,07933728;2,493488;0,2705985;-0,1478221;2,460795;-0,1539618;-0,02289749;2,514011;-0,1658555;-0,5111368;2,583044;-0,1593142;-0,8570202;2,61753;-0,1865831;-0,9220969;2,564485;0,00621284;-0,009684819;2,517214;0,07669176;-0,5107433;2,492657;0,1402708;-0,8438105;2,466877;0,1773189;-0,9031647;2,40558; 
-0,157292;0,6715344;2,609325;-0,09599511;0,05498588;2,540165;-0,09109034;0,1148245;2,603326;-0,1006404;0,4871152;2,630701;-0,2914258;0,3474756;2,649814;-0,3393708;0,08963285;2,609058;-0,3489926;-0,1244021;2,502116;-0,3471352;-0,189681;2,480348;0,06114161;0,3769424;2,618901;0,1904491;0,1363972;2,590336;0,2353544;-0,06934547;2,475342;0,2515133;-0,1436763;2,443204;-0,1764606;-0,03190985;2,526921;-0,1732532;-0,508455;2,587923;-0,1611081;-0,8557943;2,62157;-0,186738;-0,9219428;2,565253;-0,01472622;-0,01676737;2,516377;0,06934746;-0,5096865;2,486399;0,1383193;-0,8429223;2,466146;0,1750701;-0,9020926;2,405984; 
-0,1725649;0,669526;2,607134;-0,107762;0,05402628;2,543503;-0,1024262;0,1141729;2,606242;-0,1190654;0,4854731;2,630936;-0,3055638;0,347438;2,65986;-0,3557713;0,09248316;2,634008;-0,3855505;-0,1251493;2,540924;-0,3981371;-0,2011289;2,518052;0,05181644;0,3778798;2,617433;0,1643903;0,1514554;2,57825;0,2062179;-0,05394319;2,45034;0,2117167;-0,1278927;2,39959;-0,1860919;-0,03301309;2,533281;-0,1774012;-0,5072067;2,591466;-0,1613357;-0,8563443;2,623729;-0,1871733;-0,9220219;2,566265;-0,02647804;-0,01724976;2,51697;0,05878333;-0,5035021;2,475113;0,1300626;-0,8376965;2,462186;0,1732184;-0,9001176;2,40441; 
-0,1883781;0,6668438;2,604848;-0,1174474;0,05324103;2,5453;-0,1114622;0,1134715;2,607773;-0,1283521;0,4845281;2,631626;-0,311919;0,3479744;2,662462;-0,3714015;0,08567234;2,653924;-0,4213261;-0,131656;2,571;-0,4380944;-0,2071373;2,569041;0,0396782;0,3792555;2,616003;0,1538607;0,1576892;2,57315;0,1750055;-0,03708912;2,426092;0,1849987;-0,1119467;2,381701;-0,1946847;-0,03374553;2,537379;-0,1852487;-0,5081093;2,593791;-0,1622124;-0,8556816;2,624632;-0,1874131;-0,9219973;2,566518;-0,03695062;-0,01719992;2,51672;0,05233095;-0,5097438;2,466947;0,1226462;-0,8367543;2,457124;0,1668132;-0,8970686;2,404124; 
-0,2037554;0,6654086;2,601974;-0,1279672;0,05636843;2,546881;-0,1204948;0,1158481;2,608932;-0,1415376;0,4823701;2,632459;-0,3343175;0,3484306;2,676172;-0,3807853;0,0846158;2,663224;-0,456755;-0,1310823;2,602985;-0,4583558;-0,2058529;2,594081;0,0288662;0,3821183;2,615518;0,1329604;0,1559298;2,565057;0,1517073;-0,03001104;2,408279;0,1503681;-0,0987846;2,355283;-0,2050215;-0,03246732;2,540723;-0,1894024;-0,5056858;2,594153;-0,1623794;-0,8560539;2,625161;-0,1876582;-0,922071;2,566633;-0,045799;-0,01425767;2,515929;0,04250199;-0,5111548;2,455523;0,1167203;-0,8409973;2,445957;0,1651115;-0,8982801;2,395236; 
-0,2189138;0,665333;2,598251;-0,1365416;0,05902899;2,547938;-0,128729;0,1181107;2,609897;-0,1518506;0,4826314;2,633824;-0,34005;0,3503841;2,678326;-0,3972986;0,09009635;2,678206;-0,484524;-0,1332261;2,645285;-0,4966638;-0,206453;2,642012;0,01821459;0,3854921;2,613611;0,121745;0,156336;2,560408;0,1282182;-0,01582308;2,38895;0,1328633;-0,09038933;2,33869;-0,212551;-0,03062603;2,543404;-0,1927828;-0,5048312;2,592609;-0,1622358;-0,8561261;2,625524;-0,1880216;-0,9217869;2,567255;-0,05490422;-0,01134408;2,514641;0,03266649;-0,5111995;2,443955;0,1058765;-0,844519;2,437762;0,1593748;-0,8976828;2,389098; 
-0,2281276;0,6641399;2,596535;-0,1440901;0,06102282;2,548026;-0,136302;0,1197984;2,609767;-0,1617774;0,4818009;2,632703;-0,3449164;0,350657;2,679262;-0,4045947;0,09344643;2,685996;-0,4910692;-0,1307477;2,652397;-0,5037526;-0,203255;2,658787;0,01213365;0,3879629;2,612712;0,1055336;0,152205;2,560389;0,1201163;-0,01219986;2,381428;0,1058975;-0,07658647;2,320007;-0,2193528;-0,02972879;2,54486;-0,1951374;-0,5043905;2,591156;-0,1623163;-0,8567606;2,626028;-0,1878858;-0,9218809;2,567338;-0,06224932;-0,008937661;2,513291;0,02353271;-0,5089131;2,426625;0,09644375;-0,8495095;2,425986;0,1425077;-0,8990711;2,372422; 
-0,234883;0,6628008;2,594411;-0,1504469;0,06184563;2,547114;-0,1433728;0,12052;2,608915;-0,1736621;0,4817448;2,632625;-0,3542861;0,347631;2,677389;-0,4128199;0,09730519;2,696662;-0,4971875;-0,1297503;2,664962;-0,5059514;-0,2029375;2,671286;0,00527831;0,388468;2,60991;0,09970186;0,154814;2,558968;0,1004087;-0,001810178;2,372055;0,08925404;-0,06813469;2,311977;-0,2258627;-0,02992373;2,544391;-0,1981556;-0,5043528;2,589861;-0,162648;-0,8571349;2,626698;-0,1880211;-0,9218847;2,567492;-0,06677438;-0,00789222;2,51165;0,01542572;-0,503655;2,412166;0,08534723;-0,8478957;2,411701;0,117205;-0,8977301;2,34895; 
-0,2431614;0,6638613;2,589645;-0,156513;0,06276833;2,545665;-0,1484304;0,1215537;2,607219;-0,1780915;0,4828645;2,630698;-0,3604522;0,3500167;2,675795;-0,4235482;0,09934727;2,70831;-0,5047107;-0,1281457;2,684868;-0,5142933;-0,205209;2,696805;-0,009042346;0,3897966;2,603849;0,09137349;0,1623878;2,556918;0,09210155;0,005899295;2,369962;0,06602143;-0,05161749;2,305437;-0,2312576;-0,02894399;2,543768;-0,1990228;-0,5068747;2,590121;-0,16289;-0,8573209;2,62708;-0,1882267;-0,9221673;2,568958;-0,0741567;-0,005874487;2,509681;0,007262893;-0,4987115;2,395974;0,06098463;-0,8321611;2,379536;0,08364759;-0,8954009;2,318551; 
-0,2503669;0,6628426;2,581356;-0,1628606;0,06273222;2,544189;-0,1549774;0,1217572;2,605494;-0,1859847;0,4827672;2,627235;-0,3684355;0,3491768;2,674771;-0,4286369;0,09796551;2,714708;-0,5061086;-0,1252735;2,697153;-0,5146582;-0,2047136;2,703134;-0,01396066;0,3900048;2,60152;0,08404201;0,1700332;2,554004;0,07279625;0,01815818;2,363426;0,05122887;-0,04261575;2,300076;-0,2375157;-0,02936893;2,542392;-0,2010114;-0,5073352;2,589466;-0,1636871;-0,8577209;2,626945;-0,1880734;-0,9227964;2,567138;-0,07968303;-0,005750196;2,508713;0,0009709718;-0,4961116;2,381712;0,05114044;-0,8260254;2,354424;0,05263622;-0,8933437;2,294164; 
-0,2556199;0,6623188;2,571664;-0,1674099;0,06442778;2,542308;-0,15956;0,1232098;2,603472;-0,1904362;0,482667;2,624184;-0,3720669;0,3476677;2,671733;-0,4336072;0,09710284;2,718289;-0,5067897;-0,1255458;2,701268;-0,5155644;-0,2090112;2,724145;-0,01648792;0,3907497;2,599203;0,07788777;0,1728725;2,552104;0,06817831;0,02092966;2,361591;0,04391076;-0,03661104;2,296012;-0,2411213;-0,02882962;2,542256;-0,202484;-0,5073344;2,589322;-0,1638395;-0,85808;2,627388;-0,1881153;-0,9228337;2,567253;-0,08512224;-0,003874586;2,50455;-0,006675002;-0,48761;2,365449;0,04025545;-0,8119044;2,313712;0,03613175;-0,8849553;2,260551; 
-0,2595876;0,6599458;2,565442;-0,170579;0,06521712;2,540208;-0,1628917;0,1240392;2,601221;-0,1937653;0,4829453;2,620841;-0,3768735;0,3485992;2,66595;-0,4336171;0,09758759;2,718692;-0,5057586;-0,1268015;2,705047;-0,5154894;-0,2088326;2,724031;-0,02141389;0,3910766;2,594052;0,07465828;0,1745488;2,550321;0,06320961;0,02229479;2,360278;0,03970595;-0,03573585;2,294681;-0,2437404;-0,02847534;2,541028;-0,2031769;-0,5117525;2,589925;-0,1638823;-0,8586865;2,627056;-0,1890651;-0,9243578;2,564587;-0,08856994;-0,002956078;2,502063;-0,01024364;-0,4799556;2,353428;0,03240322;-0,8021422;2,286968;0,02719596;-0,8708148;2,224087; 
-0,2668302;0,6570429;2,536003;-0,1859383;0,06611208;2,526605;-0,1771556;0,1258238;2,585981;-0,2031934;0,4817771;2,595475;-0,3855005;0,3468483;2,642647;-0,4281801;0,09483503;2,695295;-0,4800081;-0,1431736;2,687916;-0,4843037;-0,2198617;2,705105;-0,03371881;0,3925322;2,570795;0,06670681;0,175653;2,534724;0,06126712;0,005440488;2,362036;0,04597056;-0,06596818;2,30764;-0,261893;-0,02777596;2,532427;-0,2056843;-0,5177077;2,590068;-0,1648149;-0,8619412;2,626291;-0,1900043;-0,9243971;2,564536;-0,1036386;-0,002341202;2,487067;-0,02783028;-0,464025;2,333255;-0,005985104;-0,7585791;2,190298;-0,006409875;-0,8214955;2,099574; 
-0,2673464;0,6558703;2,523491;-0,1877008;0,06619894;2,520253;-0,1788434;0,1266482;2,578717;-0,2055994;0,4818662;2,582919;-0,387432;0,3486553;2,633845;-0,4232586;0,09020999;2,679345;-0,4616008;-0,1521494;2,6