;-0,09998114;0,7078161;3,116924;-0,07340547;0,1093322;2,98425;-0,07916747;0,1654563;3,050778;-0,09741117;0,5368525;3,096463;-0,2610455;0,4375637;3,067927;-0,4213527;0,6732777;2,96886;-0,4510226;0,9076772;2,945501;-0,4614576;1,006057;2,960487;0,08537053;0,4436049;3,080247;0,2104826;0,6382491;3,054729;0,20528;0,9488418;3,026569;0,206326;1,022172;3,036125;-0,1441599;0,0325859;2,957242;-0,1716675;-0,5116113;2,929413;-0,1597035;-0,8904345;2,952973;-0,1685615;-0,9466317;2,908586;0,005889682;0,03752161;2,966815;0,04569115;-0,5062715;2,918983;0,03471722;-0,8889234;2,942416;0,06809726;-0,9437315;2,881619; 
-0,09876657;0,7082348;3,115586;-0,07304245;0,1094611;2,98577;-0,07883915;0,1653802;3,052195;-0,09697141;0,5356738;3,097406;-0,2609194;0,4375175;3,068144;-0,421405;0,6734324;2,969021;-0,4527824;0,9086363;2,945453;-0,4632952;1,007012;2,960796;0,08633356;0,4435174;3,080965;0,2104722;0,6381926;3,054765;0,2055424;0,9487095;3,025591;0,2069551;1,02203;3,035507;-0,1440403;0,03220445;2,959325;-0,1720371;-0,5119417;2,930819;-0,1597318;-0,8907509;2,953102;-0,1711204;-0,9476934;2,905475;0,006437202;0,03759313;2,967927;0,04614593;-0,5049568;2,919979;0,03484024;-0,887819;2,942371;0,04867397;-0,9489192;2,910155; 
-0,1015472;0,7078307;3,115901;-0,07336527;0,107118;2,987257;-0,07888652;0,1637436;3,053484;-0,09806499;0,5352852;3,097635;-0,2604213;0,4371545;3,068293;-0,4217219;0,673515;2,969078;-0,454459;0,908555;2,944967;-0,4644922;1,00695;2,960912;0,07708661;0,440816;3,077388;0,2105191;0,6383823;3,054343;0,20549;0,9488961;3,025435;0,2079182;1,076399;3,032195;-0,1434325;0,03106695;2,961208;-0,1717865;-0,513046;2,932563;-0,1601479;-0,890674;2,953187;-0,171144;-0,9481234;2,904967;0,005422851;0,03645593;2,96996;0,04636067;-0,5052898;2,92042;0,03491243;-0,8878454;2,942435;0,06282377;-0,9427456;2,885422; 
-0,09999378;0,7099346;3,115685;-0,07288879;0,110089;2,990124;-0,07857389;0,1662518;3,056234;-0,09789102;0,5360628;3,099396;-0,2603525;0,4385701;3,069977;-0,4212164;0,6612668;2,973126;-0,4551862;0,9084898;2,944624;-0,4647384;1,007008;2,96049;0,08361486;0,4426126;3,080378;0,2206382;0,7195794;3,046744;0,2037659;1,001845;3,021939;0,2052625;1,076515;3,028362;-0,1433734;0,03330381;2,962923;-0,1718957;-0,5122997;2,934334;-0,1602289;-0,8906054;2,953058;-0,1714855;-0,9488878;2,90184;0,006323087;0,03764753;2,972743;0,04655187;-0,5050898;2,921535;0,03494622;-0,8876886;2,9424;0,06007281;-0,9410264;2,890746; 
-0,09981199;0,7100796;3,115772;-0,07276223;0,1096179;2,990866;-0,07833528;0,1657886;3,057026;-0,09979978;0,5360065;3,100836;-0,2604589;0,4387493;3,070488;-0,4224407;0,6635432;2,972476;-0,4557806;0,9084238;2,944505;-0,4648369;1,007092;2,960149;0,08035579;0,4414147;3,078354;0,2203142;0,7192422;3,046767;0,2032899;1,001448;3,02102;0,205095;1,077921;3,027494;-0,1426266;0,03317481;2,964318;-0,1721158;-0,5142959;2,937069;-0,1602634;-0,8916391;2,953286;-0,171506;-0,9494777;2,901748;0,006398065;0,03752661;2,973504;0,04669369;-0,5050568;2,921966;0,03344826;-0,8875649;2,942711;0,06544062;-0,945659;2,87848; 
-0,09929403;0,7110669;3,114487;-0,07290436;0,1092238;2,991471;-0,07815011;0,1656732;3,057503;-0,1000073;0,5362659;3,100781;-0,2608263;0,4389146;3,070931;-0,4230642;0,6652014;2,972912;-0,4565614;0,9085283;2,944323;-0,4659821;1,007236;2,959927;0,07830266;0,4396931;3,076038;0,2191343;0,7172266;3,04672;0,2032391;1,001863;3,02087;0,2057417;1,07889;3,026829;-0,1426681;0,03269308;2,965537;-0,1721516;-0,5144521;2,937962;-0,1607203;-0,8913683;2,953312;-0,1712947;-0,9490975;2,90123;0,006156572;0,03740988;2,974349;0,04647531;-0,5052905;2,922317;0,03365054;-0,8875713;2,942791;0,06583357;-0,9455786;2,877789; 
-0,09779786;0,7110939;3,114443;-0,07264286;0,1113457;2,993093;-0,07770509;0,1673855;3,059012;-0,09996966;0,5364507;3,101352;-0,2598753;0,4399954;3,072998;-0,4227348;0,6606927;2,975712;-0,4574006;0,9083361;2,943898;-0,4668256;1,007242;2,958614;0,08375779;0,4441562;3,077558;0,2201468;0,7192026;3,046389;0,2018105;1,001931;3,019756;0,2036597;1,078337;3,020638;-0,1426405;0,03536714;2,96733;-0,1720963;-0,5100635;2,9388;-0,1597793;-0,8898063;2,954223;-0,1674462;-0,9467168;2,913223;0,006651623;0,03831192;2,975409;0,04651864;-0,504702;2,923829;0,03377698;-0,8878031;2,94355;0,05710362;-0,9407074;2,900262; 
-0,1082271;0,7060429;3,119328;-0,07261461;0,1105754;2,993789;-0,07746547;0,1669267;3,059572;-0,09995312;0,5364193;3,101332;-0,2598845;0,4399276;3,073409;-0,422581;0,6568356;2,977477;-0,4581272;0,9077812;2,94306;-0,4676155;1,006745;2,957755;0,08214102;0,4440929;3,076563;0,2200735;0,7190861;3,046544;0,2015486;1,001579;3,019292;0,2027982;1,078643;3,019609;-0,1425311;0,03481838;2,968608;-0,1722912;-0,5100403;2,939562;-0,1596127;-0,8897949;2,954364;-0,1690895;-0,9466389;2,913559;0,006591706;0,0377704;2,976214;0,04676744;-0,503843;2,925096;0,03407157;-0,8867144;2,943408;0,06379743;-0,939455;2,891659; 
-0,1079015;0,707472;3,117291;-0,07266935;0,1104839;2,994434;-0,07737675;0,1670119;3,060291;-0,09966882;0,5379434;3,102384;-0,260385;0,4401218;3,074124;-0,4244081;0,6636397;2,975653;-0,4582832;0,9076226;2,943037;-0,4676879;1,006644;2,957737;0,08056221;0,4436234;3,076366;0,2196667;0,7186098;3,046465;0,2004009;1,006627;3,01711;0,2016185;1,080922;3,018495;-0,1424749;0,03459719;2,969771;-0,1722654;-0,5089875;2,940541;-0,159674;-0,8890134;2,954473;-0,1687599;-0,9458703;2,913507;0,006321257;0,03809242;2,976943;0,047201;-0,5039651;2,926155;0,03453737;-0,8870998;2,943132;0,0654288;-0,9422171;2,886223; 
-0,1059303;0,7074366;3,116994;-0,07253176;0,1131411;2,996453;-0,07772742;0,1690695;3,06219;-0,09977736;0,5379781;3,103389;-0,2605207;0,4399799;3,074523;-0,4247665;0,666095;2,974787;-0,4585598;0,9077572;2,942835;-0,4675497;1,006893;2,957399;0,08862104;0,4467231;3,080663;0,219722;0,7185154;3,046447;0,19825;1,003743;3,015008;0,2012781;1,077994;3,017614;-0,1428352;0,03620292;2,970805;-0,1724499;-0,5078377;2,941704;-0,1604127;-0,8881436;2,954289;-0,166465;-0,9487721;2,918394;0,007141297;0,03900954;2,97831;0,04739916;-0,5058584;2,92759;0,03453876;-0,8873414;2,943036;0,06633354;-0,94364;2,880089; 
-0,1083007;0,7084582;3,116553;-0,07294323;0,1121029;2,9968;-0,07737066;0,16851;3,062512;-0,09978571;0,5379868;3,103401;-0,2605126;0,4399074;3,075112;-0,4244616;0,6673833;2,974786;-0,4586791;0,9076745;2,942758;-0,4674504;1,006784;2,957968;0,07868337;0,4436887;3,076021;0,219214;0,7179413;3,045847;0,1979072;1,006981;3,013689;0,2009351;1,081204;3,017758;-0,1428612;0,03570955;2,971648;-0,1727558;-0,5079575;2,942569;-0,1600699;-0,8881713;2,954534;-0,1734056;-0,9464856;2,916721;0,006245618;0,03884706;2,978725;0,04727297;-0,5057037;2,928122;0,03467175;-0,8875341;2,943187;0,06778163;-0,9425766;2,882628; 
-0,1073768;0,7086522;3,117433;-0,0728984;0,112286;2,997301;-0,07721419;0,1687282;3,062978;-0,09947293;0,5381019;3,103507;-0,2601662;0,4400399;3,075423;-0,4259549;0,6727607;2,974831;-0,4587373;0,9077537;2,942721;-0,4671964;1,007002;2,957541;0,07897978;0,4437897;3,075916;0,2191948;0,7174476;3,045836;0,197179;1,006291;3,013046;0,199931;1,080618;3,015926;-0,1428267;0,03632273;2,972811;-0,1726076;-0,5082197;2,943175;-0,1600803;-0,8881637;2,954562;-0,170723;-0,9442149;2,910921;0,006190676;0,03911307;2,979313;0,04685938;-0,5042351;2,92867;0,03513372;-0,8863369;2,943871;0,06807058;-0,9416296;2,88332; 
-0,104529;0,7074245;3,116691;-0,07264318;0,1129549;2,997857;-0,07715086;0,1691327;3,063334;-0,09907515;0,5375407;3,103185;-0,2600944;0,4400531;3,075434;-0,4230177;0,6629668;2,978182;-0,4588591;0,9078701;2,942634;-0,46718;1,007208;2,95726;0,08519673;0,4457836;3,077507;0,2193113;0,7172731;3,045837;0,197626;1,007439;3,011803;0,1999882;1,08184;3,013956;-0,1428409;0,03647424;2,973049;-0,1726608;-0,5063517;2,944264;-0,1598631;-0,8877947;2,95505;-0,1640634;-0,9485159;2,918864;0,006823351;0,03960946;2,980154;0,04691551;-0,5037805;2,929462;0,03351953;-0,8865196;2,943783;0,0638787;-0,939899;2,890208; 
-0,1045377;0,708102;3,116486;-0,07283469;0,112726;2,998227;-0,07710642;0,1691072;3,063581;-0,09872218;0,5376803;3,102938;-0,2614881;0,4418933;3,076383;-0,4224168;0,6591381;2,977193;-0,4590687;0,9081681;2,942554;-0,4671917;1,007585;2,957052;0,08276416;0,4454998;3,077074;0,2192613;0,717279;3,045783;0,1983916;1,00993;3,011986;0,2009792;1,084373;3,013422;-0,1432935;0,03597562;2,97404;-0,172627;-0,5069963;2,944779;-0,160076;-0,8882414;2,955398;-0,1650162;-0,945987;2,914624;0,006482587;0,03963961;2,980654;0,04693174;-0,5034905;2,929925;0,03346734;-0,8868729;2,944068;0,06308823;-0,9393235;2,892018; 
-0,09285468;0,7177463;3,116354;-0,07203738;0,1164957;2,999959;-0,07667208;0,1725892;3,065196;-0,09845497;0,5392571;3,103371;-0,261162;0,4422298;3,076738;-0,4248576;0,6679157;2,973654;-0,4589237;0,9086862;2,942429;-0,4660513;1,008528;2,954619;0,08983888;0,4494904;3,080274;0,2192193;0,7173058;3,045676;0,1992913;1,01079;3,010919;0,2013181;1,085264;3,012989;-0,1428715;0,03901055;2,974769;-0,1726913;-0,5068082;2,944993;-0,160405;-0,888303;2,955783;-0,1662584;-0,9452252;2,91401;0,007720707;0,04162008;2,982642;0,04675013;-0,5041164;2,930587;0,03348726;-0,8870022;2,944105;0,06504967;-0,9436879;2,882929; 
-0,09096281;0,7146053;3,113863;-0,07208461;0,115778;3,000041;-0,07684425;0,1718189;3,065291;-0,09840626;0,5380714;3,103262;-0,2605785;0,4414492;3,076333;-0,4241345;0,6699267;2,975126;-0,4589196;0,9086881;2,942365;-0,4660207;1,008597;2,954367;0,09081415;0,4482353;3,080694;0,2192589;0,7172494;3,04568;0,1998913;1,008153;3,010462;0,2017621;1,08266;3,012635;-0,1430618;0,03796653;2,974848;-0,172719;-0,5071444;2,945246;-0,1607763;-0,8882013;2,956007;-0,1717182;-0,9438081;2,901241;0,007820875;0,04105521;2,982758;0,04697077;-0,5042264;2,931266;0,03398084;-0,8868368;2,943735;0,06848152;-0,9430132;2,874121; 
-0,09300832;0,7144619;3,113205;-0,07211977;0,1150285;2,999976;-0,0766591;0,1714744;3,065296;-0,09891571;0,5385725;3,103312;-0,2608099;0,4422141;3,076912;-0,4231203;0,6637702;2,975666;-0,4588096;0,9089829;2,94207;-0,4657105;1,008909;2,954367;0,08459347;0,4457855;3,078523;0,2188571;0,7164267;3,044845;0,200438;1,011198;3,010686;0,2022236;1,08575;3,012234;-0,1428443;0,03746365;2,975007;-0,1728593;-0,507342;2,945596;-0,1607155;-0,8879947;2,956344;-0,1718287;-0,9441653;2,900235;0,007780274;0,0410322;2,982758;0,0468967;-0,5044407;2,931347;0,0341315;-0,8873794;2,942866;0,06907368;-0,9440598;2,873847; 
-0,09160221;0,7142305;3,113358;-0,07186463;0,1153703;3,000498;-0,07646134;0,1717954;3,065946;-0,09810723;0,5394182;3,104646;-0,2603154;0,4424554;3,077197;-0,4262615;0,6723453;2,974713;-0,4588814;0,9087629;2,941215;-0,4649487;1,008946;2,952108;0,08880258;0,4486174;3,080448;0,2189509;0,7163937;3,044784;0,2010964;1,008552;3,00925;0,2037677;1,083096;3,011329;-0,1427722;0,03757543;2,97529;-0,1727819;-0,5068015;2,94576;-0,1607109;-0,8879814;2,956282;-0,1622198;-0,9492876;2,920628;0,008166552;0,04137027;2,983267;0,04682093;-0,5046219;2,93149;0,03427394;-0,8879647;2,942665;0,06906121;-0,9448949;2,873676; 
-0,09076283;0,7116377;3,112788;-0,0720604;0,1150674;3,000599;-0,0766711;0,1713752;3,06609;-0,09907839;0,5386143;3,104952;-0,2603313;0,4424759;3,077155;-0,4262361;0,6730918;2,973828;-0,4588686;0,9084489;2,940468;-0,4647318;1,008653;2,951705;0,08896759;0,4482112;3,079739;0,2131961;0,6427369;3,051553;0,2032197;0,9538727;3,012518;0,2052978;1,028469;3,014602;-0,1430216;0,03702848;2,975453;-0,1732772;-0,508301;2,94592;-0,1606916;-0,8880915;2,956284;-0,1724437;-0,9503592;2,905692;0,008138508;0,04128032;2,98329;0,04680234;-0,5042632;2,93156;0,0346469;-0,8870484;2,942906;0,06998319;-0,9433331;2,876097; 
-0,1046336;0,7069237;3,115729;-0,07627241;0,08090292;2,999521;-0,07971687;0,1444514;3,065601;-0,0987177;0,5333744;3,104851;-0,2632686;0,3849005;3,086488;-0,3505762;0,168626;3,038388;-0,2935406;0,0339855;2,845538;-0,2554781;-0,03244764;2,77947;0,06561038;0,3896706;3,088672;0,1545766;0,1554386;3,055941;0,1510791;0,0250743;2,842015;0,1290635;-0,03147732;2,761118;-0,1470027;0,009095751;2,977466;-0,172955;-0,5150214;2,945957;-0,1612666;-0,8883368;2,956053;-0,1718977;-0,9498327;2,905993;0,002613639;0,01441731;2,982587;0,04654902;-0,507864;2,931781;0,03446849;-0,8873962;2,942995;0,07025798;-0,9443129;2,874958; 
-0,1035278;0,7095187;3,113097;-0,07685816;0,08042318;2,999593;-0,08057903;0,1436025;3,065458;-0,1001256;0,5304717;3,10173;-0,2632585;0,3860862;3,086387;-0,3360857;0,1641427;3,069731;-0,2950125;-0,001929172;2,890286;-0,2651928;-0,08554003;2,847388;0,06547619;0,3892237;3,088005;0,1491206;0,14996;3,091408;0,1384898;-0,00596495;2,907406;0,1268318;-0,08231778;2,841933;-0,1479343;0,008017086;2,978161;-0,1729989;-0,5146851;2,945629;-0,1609081;-0,8878545;2,956019;-0,1624393;-0,9479859;2,918407;0,001717272;0,01328964;2,982826;0,04671756;-0,5088801;2,93231;0,03443684;-0,8893411;2,943302;0,06765586;-0,9452622;2,880224; 
-0,1157591;0,7035617;3,088705;-0,07744052;0,0796552;2,999601;-0,08059106;0,1431517;3,065076;-0,09877633;0,5275984;3,093942;-0,2633969;0,386432;3,085546;-0,3292243;0,1613524;3,106581;-0,3003972;-0,006474555;2,934853;-0,2754483;-0,09240739;2,887471;0,06462429;0,3881083;3,083281;0,1417747;0,1538234;3,124277;0,1441556;-0,01765236;2,955771;0,1277275;-0,103494;2,904651;-0,1491674;0,006291592;2,979222;-0,1730255;-0,5150586;2,9457;-0,160201;-0,8883311;2,955625;-0,1629493;-0,9478483;2,917165;0,0007614294;0,01193306;2,983236;0,04664387;-0,5094023;2,933275;0,03441773;-0,889294;2,943296;0,06658958;-0,9441919;2,881783; 
-0,1106795;0,7018294;3,086491;-0,07853583;0,07971853;3,00016;-0,08118024;0,1436202;3,06514;-0,09902658;0,527311;3,088873;-0,2640089;0,388938;3,08524;-0,319431;0,1611812;3,135668;-0,2995839;-0,007948743;2,954308;-0,2885712;-0,08166282;2,94765;0,06496681;0,3880078;3,081518;0,1403477;0,1477307;3,13849;0,147242;-0,03549324;2,984372;0,1279362;-0,08298799;2,929866;-0,1514736;0,005574514;2,982332;-0,1734128;-0,5159303;2,946543;-0,1603933;-0,8886952;2,95572;-0,1649657;-0,9446926;2,910574;-0,0004491928;0,0115373;2,983813;0,04613324;-0,5095868;2,933927;0,03452989;-0,8892167;2,943176;0,06384021;-0,9414455;2,886997; 
-0,09948207;0,7057741;3,076501;-0,08078766;0,0861966;3,003032;-0,08286006;0,1483121;3,065969;-0,09825068;0,5287723;3,08344;-0,2622381;0,3980399;3,082485;-0,3166266;0,1703675;3,161007;-0,2993246;-0,00558753;2,989886;-0,289822;-0,07299577;2,958934;0,07087653;0,3993341;3,081266;0,1407658;0,1540337;3,164387;0,1518522;-0,03245465;3,014952;0,1346983;-0,06257667;2,978449;-0,1532332;0,0123149;2,985033;-0,1741358;-0,5123944;2,948669;-0,1597113;-0,8874298;2,956235;-0,1635591;-0,944025;2,913656;-0,003537361;0,01507867;2,989501;0,04523695;-0,507803;2,935135;0,03450409;-0,8890806;2,943223;0,03525645;-0,9174936;2,864768; 
-0,09978656;0,7064872;3,074491;-0,08155222;0,08664347;3,003692;-0,08397807;0,1493051;3,066189;-0,09882158;0,5295084;3,079017;-0,2622094;0,4031072;3,079978;-0,3160891;0,1759278;3,169818;-0,299213;-0,005881782;2,992166;-0,2923547;-0,07321976;2,960523;0,07082783;0,4018437;3,081192;0,1405902;0,161013;3,181083;0,1522385;-0,02176765;3,026716;0,1428548;-0,08233786;2,983986;-0,1541904;0,01272538;2,986658;-0,1754036;-0,5140052;2,951051;-0,1594714;-0,8876745;2,95684;-0,1646016;-0,9426467;2,912265;-0,004513293;0,0153191;2,990735;0,04462769;-0,5101874;2,938749;0,03632148;-0,8895159;2,943513;0,06013512;-0,9416319;2,899824; 
-0,10125;0,7097175;3,064655;-0,08382972;0,09051609;3,00582;-0,08630878;0,1541235;3,06693;-0,1024149;0,5333236;3,070508;-0,2622973;0,4066268;3,078066;-0,3156348;0,1785645;3,177534;-0,3036934;-0,001961887;3,020278;-0,3013986;-0,06958465;2,988606;0,07039708;0,4077905;3,079482;0,139724;0,1763931;3,19983;0,149033;-0,0032368;3,041254;0,1383205;-0,06593883;3,002076;-0,1559354;0,01609251;2,990739;-0,1763051;-0,5139234;2,953179;-0,1594239;-0,8876876;2,956906;-0,1674952;-0,9443164;2,906864;-0,007097985;0,01941363;2,994082;0,04380829;-0,5092087;2,944145;0,03661169;-0,8895197;2,943645;0,06350479;-0,9411396;2,893697; 
-0,09952913;0,7080513;3,056694;-0,08357774;0,09216298;3,006528;-0,08655404;0,1559047;3,067028;-0,09873389;0,5328209;3,066166;-0,2578786;0,4139358;3,075299;-0,3177064;0,19317;3,197928;-0,3050162;0,004753948;3,031348;-0,3035479;-0,06312218;3,000264;0,07319468;0,409568;3,079461;0,1448715;0,1813045;3,207392;0,1493628;0,004884407;3,044644;0,1425862;-0,03339592;3,022575;-0,1555563;0,01828941;2,992091;-0,1773693;-0,5078579;2,955688;-0,1581994;-0,8837894;2,957785;-0,1639669;-0,9396932;2,914541;-0,007189599;0,02021673;2,995247;0,04367519;-0,5087434;2,946164;0,0366838;-0,8854306;2,942887;0,06272846;-0,940021;2,892394; 
-0,09670579;0,7096927;3,053708;-0,08422463;0,0934791;3,007711;-0,08716614;0,1574489;3,067428;-0,09976203;0,5331157;3,063062;-0,2586569;0,4154846;3,074929;-0,3258095;0,206583;3,215937;-0,3104475;0,0177545;3,060072;-0,3022292;-0,04415348;3,019116;0,07304613;0,4105601;3,079122;0,1531859;0,1938335;3,21292;0,1638639;0,005521119;3,065906;0,1492939;-0,07027546;3,000698;-0,1563244;0,01971136;2,994387;-0,1778904;-0,5082865;2,957173;-0,1585036;-0,8840159;2,957565;-0,1646953;-0,940173;2,914741;-0,007686811;0,0211011;2,997133;0,04348419;-0,5080122;2,948489;0,03604609;-0,8849568;2,943085;0,06447181;-0,9394326;2,887141; 
-0,09787753;0,7111039;3,047388;-0,08502001;0,09514169;3,008705;-0,0875945;0,1596682;3,067732;-0,1000431;0,534903;3,059711;-0,2589412;0,4171577;3,074679;-0,3354939;0,2100598;3,206974;-0,3110938;0,01608002;3,070323;-0,3004239;-0,04559803;3,029584;0,07269537;0,4128759;3,077029;0,1613883;0,2060913;3,214982;0,1603938;0,01465333;3,072057;0,1426312;-0,06269526;3,009515;-0,1571717;0,02113582;2,996229;-0,1784759;-0,5063325;2,958738;-0,1589451;-0,883468;2,957358;-0,1633202;-0,9415205;2,916948;-0,008640276;0,02290198;2,998874;0,04315064;-0,5073278;2,949942;0,0363371;-0,8848687;2,943259;0,06484804;-0,9396357;2,887249; 
-0,09594096;0,7109926;3,044236;-0,08480047;0,09543622;3,009004;-0,08783872;0,1603895;3,067767;-0,09900843;0,535798;3,057015;-0,2559825;0,420715;3,071442;-0,3417083;0,2129874;3,204816;-0,304584;0,01294877;3,062469;-0,3079908;-0,04896699;3,020918;0,07478839;0,4180926;3,076834;0,1730362;0,2139111;3,220231;0,1590267;0,02594456;3,072969;0,1443025;-0,003311735;3,042373;-0,1567496;0,02148946;2,996695;-0,1786827;-0,510228;2,961077;-0,1590958;-0,884769;2,957212;-0,1675223;-0,942688;2,908586;-0,008462979;0,02324645;3,000044;0,04250892;-0,5085401;2,951874;0,03685793;-0,8854734;2,943212;0,06648774;-0,9428172;2,878743; 
-0,0974106;0,710031;3,04075;-0,08497335;0,0956302;3,009165;-0,08791503;0,1606589;3,067763;-0,09939685;0,5351047;3,056087;-0,2569425;0,4214988;3,071131;-0,3537504;0,222592;3,199604;-0,3396818;0,01498665;3,085753;-0,3495966;-0,04377686;3,040812;0,07406226;0,4186735;3,07592;0,1854609;0,2247827;3,218954;0,1612761;0,03469987;3,07622;0,140629;-0,04281914;3,014882;-0,1569517;0,02170201;2,997239;-0,1789052;-0,5095509;2,961661;-0,1601704;-0,8849308;2,956797;-0,1705182;-0,9433684;2,907993;-0,008582685;0,02329864;3,000157;0,04233927;-0,5087034;2,952166;0,03637458;-0,8863582;2,943344;0,06704599;-0,9440673;2,877635; 
-0,09681915;0,7102056;3,039741;-0,08489992;0,09611697;3,009381;-0,0878018;0,1612194;3,06775;-0,09885935;0,5350279;3,055233;-0,2566942;0,4219752;3,070379;-0,3552827;0,2231919;3,198375;-0,3407252;0,01594004;3,083841;-0,3515226;-0,03718293;3,032542;0,07449393;0,41826;3,074898;0,1880978;0,2286026;3,215596;0,1621248;0,03553718;3,077739;0,1401825;-0,04222932;3,017184;-0,156994;0,02207446;2,997633;-0,1789086;-0,5086008;2,962038;-0,1601461;-0,884376;2,956967;-0,1691529;-0,9413503;2,915799;-0,008451438;0,02368644;3,000484;0,04223025;-0,5084269;2,952112;0,036063;-0,8860993;2,943425;0,06654958;-0,9431759;2,878733; 
-0,09676469;0,7098189;3,038609;-0,08488747;0,09671399;3,009648;-0,08745272;0,1619314;3,06772;-0,09909537;0,5333765;3,052173;-0,2573389;0,4219316;3,070193;-0,3561433;0,2231572;3,197795;-0,3425011;0,01635082;3,082197;-0,3567592;-0,03382972;3,028897;0,07485829;0,4202667;3,072668;0,1943523;0,2347142;3,214292;0,1634901;0,03666691;3,085787;0,1542874;-0,02435941;3,043914;-0,1571192;0,0224584;2,998192;-0,1789599;-0,5081992;2,962408;-0,1600834;-0,8842793;2,956949;-0,1698335;-0,9442772;2,920545;-0,008213509;0,02394013;3,000934;0,04230588;-0,5081187;2,95204;0,03581961;-0,8859099;2,943565;0,06703296;-0,9426204;2,87965; 
-0,09836752;0,7093644;3,038512;-0,08487949;0,09689135;3,009665;-0,08723824;0,1623726;3,067564;-0,09836182;0,5333841;3,050571;-0,2583383;0,4219475;3,070264;-0,3580931;0,2249673;3,19607;-0,3422666;0,01664929;3,083959;-0,3579199;-0,0350801;3,0326;0,07473457;0,4210345;3,071755;0,1975299;0,2431842;3,206074;0,1674071;0,03786205;3,091028;0,1511153;0,005439301;3,068736;-0,157327;0,02248047;2,998727;-0,179194;-0,5073943;2,962428;-0,1600527;-0,8837636;2,956973;-0,168567;-0,9437901;2,920325;-0,008155269;0,02399744;3,000894;0,04229932;-0,5081178;2,952013;0,03519465;-0,8867742;2,943398;0,06876924;-0,9439306;2,874894; 
-0,05292392;0,7154258;3,101565;-0,02210601;0,1104018;3,030239;-0,02670163;0,16909;3,089961;-0,04587119;0,5211769;3,092382;-0,2074135;0,3933989;3,097586;-0,2613007;0,1172514;3,114698;-0,30913;-0,1347667;3,038017;-0,3099024;-0,228697;3,022941;0,1443649;0,432899;3,10924;0,3109727;0,6309854;3,074434;0,2352591;0,4199841;3,005775;0,2100213;0,3496503;2,987673;-0,09970061;0,03394056;3,017136;-0,1164226;-0,4523181;2,9807;-0,09543616;-0,8295432;2,975319;-0,04246087;-0,8950533;2,929457;0,06453414;0,03051297;3,014225;0,05078208;-0,531395;2,969696;0,004620765;-0,8871671;2,954379;-0,005887176;-0,947364;2,918424; 
-0,05238184;0,7147729;3,101742;-0,02247169;0,111022;3,030576;-0,02722312;0,1698519;3,09024;-0,04582579;0,5226243;3,092326;-0,2074027;0,3935115;3,097508;-0,2609766;0,1168621;3,114601;-0,3077799;-0,1325474;3,039862;-0,3086625;-0,2283344;3,022364;0,1443543;0,4342563;3,110824;0,3225999;0,6896544;3,061475;0,247327;0,4785458;2,992311;0,222236;0,4081762;2,97404;-0,1003906;0,03451503;3,018329;-0,1082853;-0,2005184;2,606138;-0,0872989;-0,5777435;2,600766;-0,1006064;-0,5713697;2,505885;0,06413023;0,03130121;3,014201;0,04959248;-0,5324232;2,971675;0,002384296;-0,8853618;2,955854;-0,0127095;-0,9487712;2,927773; 
-0,04027757;0,7170168;3,107445;-0,01873979;0,113828;3,030509;-0,0249211;0,1723766;3,090409;-0,04620712;0,5262771;3,09405;-0,206614;0,3937339;3,09791;-0,2606804;0,1169175;3,114665;-0,3070849;-0,1322715;3,040675;-0,3068981;-0,2289534;3,022639;0,1478212;0,4365776;3,11521;0,3153344;0,6405948;3,082443;0,3058284;0,9458702;3,029592;0,3017427;1,034657;3,037515;-0,09609989;0,03663563;3,017528;-0,1068926;-0,1523859;2,601456;-0,08506155;-0,479227;2,51792;-0,1066555;-0,5120081;2,430273;0,07015924;0,03506852;3,014003;0,04715897;-0,5340495;2,974356;-0,001669693;-0,8864517;2,957162;-0,003451591;-0,9392022;2,909698; 
-0,04171589;0,7164611;3,107757;-0,01932709;0,1149791;3,031229;-0,02529831;0,1733906;3,091136;-0,04599434;0,5267857;3,094962;-0,2067219;0,3937806;3,098237;-0,2578838;0,1158299;3,116081;-0,3034242;-0,1249905;3,04612;-0,3031735;-0,2242507;3,02755;0,1477576;0,4371752;3,115629;0,3150859;0,6373757;3,086343;0,3142671;0,9259657;3,039404;0,3035244;1,026317;3,042818;-0,0972489;0,03796961;3,018802;-0,1044009;-0,1513843;2,594454;-0,08115328;-0,4656989;2,508512;-0,1099797;-0,4794344;2,419675;0,06963219;0,03568691;3,01411;0,04276977;-0,5358084;2,978897;-0,004503084;-0,8808247;2,957884;-0,004290358;-0,9362602;2,913551; 
-0,04154456;0,716289;3,10761;-0,01338387;0,1230646;3,031995;-0,02085133;0,1797573;3,091922;-0,04550456;0,5277138;3,095548;-0,2063085;0,3941686;3,098357;-0,2571853;0,1157343;3,115665;-0,3007742;-0,1271847;3,047453;-0,3003303;-0,2257631;3,029297;0,1484658;0,4399817;3,118373;0,3153615;0,6370382;3,089858;0,3140298;0,9260541;3,040727;0,3061953;1,0256;3,056477;-0,09324617;0,04458706;3,020276;-0,103275;-0,05346827;2,572859;-0,07532569;-0,3943555;2,51793;-0,1012104;-0,4302563;2,432694;0,08048435;0,0460021;3,012886;0,03555251;-0,5218258;2,982783;-0,009121365;-0,8816284;2,958692;-0,004409834;-0,936851;2,914336; 
-0,03809687;0,7168016;3,1101;-0,00845922;0,1305255;3,033675;-0,01675611;0,1862215;3,093777;-0,04521068;0,530037;3,097979;-0,2053542;0,3956381;3,098699;-0,2556846;0,1153244;3,113907;-0,299983;-0,1281406;3,046005;-0,2981435;-0,2262834;3,029322;0,1496762;0,4406972;3,119159;0,3144428;0,6367644;3,095884;0,312235;0,9488353;3,073108;0,3078968;1,057186;3,089777;-0,08784921;0,05600061;3,019186;-0,09622152;-0,03688039;2,570576;-0,07604466;-0,3642793;2,530373;-0,09824782;-0,4032518;2,449141;0,08663061;0,05026092;3,016031;0,03475865;-0,516629;2,983382;-0,01143843;-0,8842369;2,959301;-0,001094447;-0,942212;2,913453; 
-0,03899869;0,716597;3,110967;0,0004638722;0,1366954;3,030783;-0,01012942;0,1906123;3,091725;-0,04529824;0,5305966;3,098428;-0,2044277;0,3967172;3,098901;-0,2546501;0,1154672;3,112953;-0,2988602;-0,1290144;3,044761;-0,2967418;-0,2255836;3,027589;0,1502084;0,4415284;3,119883;0,3130943;0,6559833;3,107738;0,3162115;0,9502513;3,07919;0,3100458;1,049537;3,097686;-0,07865815;0,06251674;3,015282;-0,09361921;-0,01892982;2,564547;-0,08581872;-0,3377123;2,506356;-0,08229526;-0,3661321;2,427921;0,1015418;0,05783896;3,01187;0,03453845;-0,513193;2,983871;-0,01242371;-0,8806642;2,959357;-0,001280422;-0,942143;2,913237; 
-0,03331056;0,7181981;3,113051;0,01182386;0,143339;3,028422;-0,0006584508;0,1958963;3,090023;-0,04494081;0,5318729;3,099777;-0,2040451;0,3969783;3,098938;-0,2540232;0,114917;3,112493;-0,2969584;-0,1294163;3,043215;-0,2940081;-0,2252932;3,023756;0,1503267;0,4418979;3,120364;0,3122044;0,6523557;3,111104;0,314904;0,9550499;3,083452;0,3106485;1,05419;3,103708;-0,0639647;0,06879241;3,010227;-0,08607847;0,01999718;2,55497;-0,08535554;-0,2990253;2,572354;-0,09372054;-0,3596647;2,513028;0,1138536;0,06588395;3,010286;0,03712801;-0,4933506;2,981373;-0,0136722;-0,8787547;2,960414;-0,001385962;-0,9412453;2,913113; 
-0,0307625;0,7183135;3,115137;0,007935397;0,1463696;3,028489;-0,002942456;0,1984183;3,090073;-0,04399313;0,534465;3,101418;-0,2022761;0,3977281;3,098559;-0,2527189;0,1145217;3,108741;-0,2963898;-0,1293653;3,042288;-0,2904704;-0,2228708;3,016343;0,1504867;0,4418408;3,120483;0,309886;0,6481066;3,118723;0,314206;0,9602467;3,096954;0,3095828;1,058945;3,110656;-0,07428168;0,07725988;3,01035;-0,08382396;0,0259599;2,55494;-0,08577692;-0,2939414;2,582011;-0,09012439;-0,3518471;2,541135;0,1092398;0,06659272;3,010444;0,03763282;-0,4909612;2,981019;-0,01289642;-0,8765976;2,959821;-0,008582721;-0,9392761;2,926721; 
-0,02597078;0,7205322;3,116404;0,007706378;0,1471384;3,027818;-0,003039946;0,1993292;3,089377;-0,0422722;0,536296;3,101802;-0,1984695;0,3980389;3,098153;-0,251642;0,1123914;3,103432;-0,2954088;-0,1279681;3,037237;-0,2873422;-0,2223381;3,001902;0,1509598;0,4417708;3,12109;0,3086893;0,6489451;3,122842;0,3163722;0,9611245;3,106793;0,3098877;1,0572;3,116258;-0,0746628;0,07859679;3,009495;-0,08198634;0,0338022;2,553351;-0,08327388;-0,2850816;2,627742;-0,08043897;-0,3491081;2,597069;0,1088038;0,06680693;3,009928;0,0380667;-0,4902175;2,981202;-0,01203191;-0,8762857;2,959637;-0,008443095;-0,9408919;2,930287; 
-0,02526301;0,7203029;3,117794;0,00737759;0,1475063;3,027705;-0,003204267;0,1996694;3,089278;-0,0420485;0,5366662;3,102274;-0,1975716;0,3985778;3,098268;-0,2507992;0,1143211;3,09739;-0,2944484;-0,1246476;3,033254;-0,2871164;-0,2179818;2,994401;0,1509214;0,4415819;3,120971;0,3086205;0,6493701;3,124322;0,3192147;0,9613345;3,119754;0,3126496;1,061119;3,134465;-0,07555456;0,07971879;3,009357;-0,08293229;0,04292531;2,552487;-0,08433419;-0,2851375;2,62797;-0,08682479;-0,3359399;2,578306;0,1086426;0,06678987;3,009848;0,03862071;-0,4950719;2,982381;-0,01213595;-0,8769075;2,95981;-0,008273708;-0,9050369;2,881143; 
-0,02179147;0,7217649;3,118692;0,006927227;0,1480164;3,027969;-0,003909013;0,2001892;3,089464;-0,04123126;0,537634;3,10295;-0,1939029;0,4002803;3,097621;-0,249683;0,1145219;3,095782;-0,2924788;-0,1222714;3,027477;-0,2866331;-0,2150032;2,986917;0,1527619;0,4417982;3,123299;0,3095378;0,6651387;3,130816;0,3188842;0,9770632;3,129616;0,3135478;1,05052;3,14343;-0,07605248;0,08069573;3,009892;-0,08372356;0,04726933;2,552782;-0,0849329;-0,2855352;2,630049;-0,07453058;-0,3528153;2,609455;0,1076616;0,0667958;3,010189;0,03909914;-0,4942288;2,982783;-0,01180992;-0,8763031;2,959941;-0,005140034;-0,9382461;2,925626; 
-0,01915573;0,7258328;3,121906;0,006984553;0,1486907;3,028183;-0,003698519;0,2008947;3,089698;-0,0370096;0,5388654;3,104553;-0,1917787;0,4002697;3,09691;-0,2494946;0,1153704;3,093918;-0,2906568;-0,1245555;3,0169;-0,2860718;-0,2177614;2,976931;0,154121;0,4415023;3,124237;0,3083247;0,6621348;3,132714;0,3185477;0,9737849;3,137071;0,3267401;1,062649;3,185464;-0,07618213;0,0817326;3,009925;-0,08440907;0,0489428;2,552795;-0,08568412;-0,2834087;2,631158;-0,08810171;-0,3408585;2,589232;0,1074521;0,06692404;3,01047;0,03949998;-0,4936579;2,982874;-0,01002871;-0,8753058;2,960253;-0,006445967;-0,9394445;2,929635; 
-0,01704241;0,7257536;3,122262;0,02785406;0,1369938;3,026096;0,01129228;0,1929155;3,088593;-0,03695131;0,5389224;3,105096;-0,1912746;0,4011107;3,096799;-0,2490542;0,115361;3,091004;-0,2901857;-0,1207226;3,010713;-0,285289;-0,2130728;2,96876;0,1548375;0,4413434;3,125214;0,3082167;0,6596147;3,134022;0,3196077;0,9709428;3,143034;0,3213327;1,061869;3,175391;-0,02883953;0,05091136;3,00342;-0,09750894;0,05696829;2,550474;-0,08716772;-0,2824214;2,630027;-0,09034557;-0,3393812;2,587431;0,1179568;0,06485707;3,010468;0,03948529;-0,4931559;2,983114;-0,009517952;-0,8763646;2,959334;-0,006331749;-0,9410985;2,929868; 
-0,008077425;0,7200566;3,123048;0,03100911;0,1362237;3,02628;0,01526684;0,1912643;3,088664;-0,03568537;0,5375968;3,105824;-0,1902466;0,4011815;3,096311;-0,2481968;0,1181993;3,087308;-0,2916349;-0,1204444;2,999001;-0,2843401;-0,2146482;2,961851;0,1586559;0,4433748;3,128096;0,3073793;0,6586164;3,134657;0,3223388;0,9696031;3,146294;0,3222331;1,082606;3,184724;-0,02876758;0,05097443;3,003302;-0,09918442;0,05715842;2,550719;-0,09762142;-0,2769039;2,620092;-0,09284501;-0,3383616;2,584046;0,1241394;0,06405476;3,012164;0,03953654;-0,4941441;2,98331;-0,009381577;-0,8719431;2,959821;-0,004903938;-0,9303075;2,917964; 
-0,01143504;0,7183797;3,12659;0,03993843;0,1410328;3,02413;0,02332053;0,1939332;3,087417;-0,03401143;0,5380723;3,109237;-0,1899636;0,4007545;3,096837;-0,2479971;0,1183439;3,087101;-0,2906013;-0,1187133;2,997195;-0,28343;-0,213346;2,960887;0,1586945;0,4432144;3,127782;0,317593;0,6867544;3,141945;0,3243386;0,9927912;3,149286;0,3211089;1,067656;3,174441;-0,02397473;0,05829197;3,002438;-0,1016012;0,05566785;2,551084;-0,1034453;-0,2860557;2,616079;-0,09957813;-0,3465478;2,562562;0,1392212;0,07161021;3,004718;0,03967464;-0,493118;2,983432;-0,009289363;-0,8721045;2,959828;-0,004899953;-0,93163;2,916402; 
-0,01031478;0,7186455;3,127287;0,01944061;0,1457006;3,031846;0,01092992;0,1983359;3,093226;-0,03215903;0,540814;3,112825;-0,1888925;0,4012932;3,097448;-0,2469;0,1197241;3,086841;-0,2904481;-0,1173214;2,99555;-0,2822967;-0,2114177;2,958027;0,1590842;0,4428225;3,128263;0,3079476;0,6536533;3,143775;0,3227932;0,9651171;3,150128;0,3208318;1,067081;3,174393;-0,07205577;0,08252151;3,017576;-0,09113626;0,05003271;2,561011;-0,1104364;-0,2959799;2,609124;-0,09952056;-0,3477269;2,561455;0,1135465;0,06478611;3,013253;0,03966861;-0,4925761;2,983464;-0,00883645;-0,8719736;2,959771;-0,006077066;-0,9325426;2,922447; 
-0,009332712;0,7194428;3,128932;0,0173207;0,1457553;3,03062;0,008998684;0,1981376;3,092489;-0,03085422;0,5403273;3,113815;-0,1880567;0,4003145;3,098187;-0,246277;0,1209508;3,087043;-0,286889;-0,1086497;2,992893;-0,2815867;-0,203661;2,95713;0,1590334;0,4425245;3,128413;0,3072994;0,6523982;3,143152;0,322379;0,9637421;3,151161;0,3208723;1,065485;3,174139;-0,07236134;0,08187808;3,015476;-0,09195796;0,04992854;2,558929;-0,1064941;-0,294282;2,607517;-0,09985041;-0,3479582;2,561157;0,1119704;0,06438728;3,011322;0,03959626;-0,4930875;2,983849;-0,008909647;-0,8712645;2,960012;-0,005731702;-0,9315093;2,922131; 
-0,008890209;0,7200391;3,130176;0,01258739;0,1481142;3,030942;0,004955499;0,1999549;3,092939;-0,02957325;0,540185;3,114251;-0,1872554;0,4008754;3,099827;-0,2455996;0,1233399;3,089085;-0,2866154;-0,108124;2,993504;-0,2809842;-0,202533;2,956175;0,1599272;0,4419591;3,130133;0,3088152;0,651688;3,143303;0,3258465;0,9626108;3,155439;0,3205422;1,065814;3,173796;-0,07430778;0,08338951;3,014739;-0,09223154;0,04864677;2,558364;-0,1022858;-0,2914943;2,608946;-0,1009201;-0,3480833;2,56108;0,1072999;0,06470668;3,011508;0,0395157;-0,4932755;2,98385;-0,009839348;-0,8728366;2,960512;-0,004373634;-0,9007272;2,881625; 
-0,008801276;0,7202495;3,13006;0,0113731;0,1466497;3,031205;0,00348185;0,198805;3,09344;-0,02944292;0,5406789;3,116081;-0,1865179;0,4012992;3,0998;-0,2453258;0,1239426;3,08942;-0,2870123;-0,1088087;2,994829;-0,2808794;-0,2028987;2,95687;0,1591981;0,4402154;3,129985;0,3097354;0,6546577;3,143471;0,3299972;0,9650624;3,15929;0,3117153;1,036551;3,173409;-0,07429931;0,08278687;3,014629;-0,09292503;0,0483816;2,5583;-0,1027851;-0,2923458;2,609051;-0,1038878;-0,3521506;2,561655;0,1056572;0,06283808;3,011645;0,03950309;-0,4932459;2,983866;-0,009230131;-0,8726079;2,960541;-0,003668156;-0,9004787;2,881617; 
-0,01528439;0,7211537;3,131563;0,009848763;0,1457404;3,031562;0,002160329;0,1980036;3,093826;-0,02795802;0,5397556;3,116751;-0,1860695;0,4002525;3,100109;-0,245485;0,1231929;3,09018;-0,2870072;-0,11071;2,996347;-0,2818631;-0,2046368;2,958035;0,1583931;0,4388306;3,130343;0,3098372;0,6542762;3,143255;0,3306452;0,9646592;3,159051;0,3074902;1,035246;3,169889;-0,07592533;0,08141268;3,01548;-0,09330908;0,0479156;2,559056;-0,1047016;-0,2958483;2,614493;-0,1081047;-0,3565986;2,56185;0,1043589;0,06220547;3,011311;0,03924081;-0,4938984;2,984617;-0,009785631;-0,8728709;2,960643;-0,005519422;-0,9364288;2,92351; 
-0,01054256;0,7193687;3,130411;0,02475374;0,1357381;3,0275;0,01191737;0,1905352;3,091224;-0,02742089;0,5389969;3,117029;-0,1853909;0,4000128;3,100658;-0,2453289;0,1239194;3,092066;-0,2862344;-0,1102828;2,998974;-0,2815689;-0,2034971;2,960778;0,1586316;0,4387954;3,130537;0,3111745;0,6531845;3,14226;0,3316826;0,9637446;3,156494;0,311751;1,035198;3,16774;-0,03572921;0,05153086;2,999745;-0,1070429;0,04286859;2,547651;-0,104436;-0,2975317;2,615835;-0,108783;-0,3620094;2,563379;0,1139531;0,06043068;3,010839;0,03900231;-0,4943317;2,984826;-0,01034621;-0,8733185;2,961009;-0,004922357;-0,9369193;2,920455; 
-0,0103665;0,7202206;3,131381;0,02476709;0,1364338;3,027213;0,01229678;0,1910031;3,090851;-0,02727543;0,5358417;3,113657;-0,185026;0,3996169;3,102474;-0,2442849;0,1245335;3,09719;-0,2868903;-0,1141351;3,002376;-0,2811222;-0,204447;2,962362;0,1583372;0,4383285;3,130411;0,3115208;0,6492795;3,140749;0,3322165;0,9599783;3,153331;0,3138104;1,031788;3,164626;-0,04426533;0,0614501;3,004529;-0,1045969;0,03408185;2,551605;-0,1057085;-0,3050874;2,627611;-0,1078455;-0,3645561;2,568618;0,1154441;0,06127273;3,009783;0,04075663;-0,4816207;2,985653;-0,01038326;-0,8680533;2,96196;-0,00528022;-0,8959207;2,88299; 
-0,0101351;0,7197576;3,13157;0,01406515;0,1394407;3,03094;0,00613934;0,1924642;3,092951;-0,02688466;0,535111;3,113842;-0,185156;0,3990436;3,102538;-0,244069;0,1223355;3,098481;-0,2874251;-0,1153017;3,005243;-0,2784217;-0,2082946;2,965818;0,158966;0,4383047;3,13113;0,3110356;0,6484524;3,140406;0,3321191;0,9590874;3,153475;0,3144933;1,031049;3,164813;-0,07820939;0,07733521;3,015221;-0,0950928;0,01849325;2,561594;-0,1050877;-0,3062527;2,629446;-0,1083292;-0,3673323;2,569726;0,1088038;0,05771986;3,012153;0,0375048;-0,4910526;2,986354;-0,01279397;-0,8726296;2,961913;-0,003175234;-0,9473729;2,919378; 
-0,01091801;0,7187404;3,130598;0,003743211;0,1399402;3,040091;-0,002473079;0,194582;3,100536;-0,02687318;0,536421;3,114661;-0,1852371;0,3988462;3,102619;-0,2437888;0,1213838;3,09907;-0,2885183;-0,1166346;3,007527;-0,2779266;-0,2093452;2,967632;0,1582983;0,4371086;3,130049;0,3133817;0,6508833;3,140691;0,3406166;0,9506779;3,14525;0,3236;1,048979;3,163864;-0,0857126;0,07521382;3,03021;-0,09193274;0,01353364;2,576706;-0,09810913;-0,3053762;2,637173;-0,1079732;-0,3676014;2,571761;0,09880088;0,05671721;3,017789;0,03709139;-0,4922043;2,986393;-0,01241208;-0,8763596;2,961214;-0,007186001;-0,9046296;2,882395; 
-0,01104026;0,7192597;3,130174;0,008419786;0,1370599;3,034249;-0,0003260979;0,192141;3,097132;-0,02780683;0,5366477;3,115078;-0,1851689;0,3981967;3,102631;-0,2436707;0,1212944;3,099254;-0,288932;-0,118229;3,009521;-0,2777967;-0,210043;2,967712;0,1580692;0,4367395;3,129854;0,313159;0,6537399;3,139771;0,3371061;0,9647934;3,144887;0,322233;1,050037;3,161261;-0,06718551;0,06424262;3,014395;-0,09625089;0,01073933;2,560791;-0,09787141;-0,3051154;2,637097;-0,1067764;-0,3718021;2,575063;0,1023969;0,05681571;3,012785;0,03586882;-0,4960565;2,986685;-0,01226591;-0,8770568;2,961707;-0,0008868689;-0,9466391;2,929442; 
-0,01079748;0,7181974;3,129508;0,01983819;0,1310175;3,031186;0,007626818;0,186717;3,095055;-0,02819566;0,5359536;3,117026;-0,1856584;0,3964414;3,101598;-0,2440633;0,1202424;3,099484;-0,2870919;-0,1200386;3,01329;-0,2767982;-0,2118041;2,971146;0,1581502;0,4368838;3,12974;0,310706;0,6494151;3,13668;0,3364012;0,960143;3,144674;0,3197769;1,031837;3,159242;-0,04895717;0,05131376;3,008754;-0,1012304;0,01363723;2,555735;-0,09762427;-0,305427;2,637507;-0,1047972;-0,3776686;2,586351;0,1116725;0,0559044;3,011443;0,03598059;-0,4958553;2,986593;-0,01233548;-0,8772593;2,961704;-0,007249549;-0,9051906;2,88276; 
-0,02719667;0,7240809;3,140975;0,02944722;0,1238566;3,025891;0,01501847;0,18049;3,090301;-0,02977347;0,5359475;3,116745;-0,1863541;0,3958283;3,101375;-0,2437272;0,1208258;3,099414;-0,2872342;-0,1204156;3,014637;-0,2794409;-0,2126492;2,976883;0,1568785;0,4365323;3,128243;0,3106542;0,6488253;3,136265;0,3362238;0,9596016;3,143794;0,3179933;1,031678;3,153816;-0,03263687;0,03793649;3,005361;-0,1056795;0,01822401;2,554229;-0,09615675;-0,3047023;2,641902;-0,1026897;-0,3798898;2,593277;0,118249;0,0555259;3,006668;0,03578885;-0,4953875;2,98642;-0,01193862;-0,8774832;2,96134;-0,007203405;-0,9053219;2,882346; 
-0,02298576;0,7223979;3,139129;0,02939682;0,1240796;3,025954;0,0150163;0,180485;3,09026;-0,03119608;0,5361702;3,117258;-0,1864942;0,3956833;3,101226;-0,2433019;0,1216911;3,099157;-0,2870058;-0,1196471;3,016128;-0,2798826;-0,211246;2,978477;0,1568237;0,4366182;3,128277;0,3094159;0,6464899;3,135;0,3336665;0,9576024;3,138915;0,3180965;1,03022;3,149469;-0,03477753;0,04059301;3,005082;-0,1058049;0,01677902;2,553898;-0,09959338;-0,3118265;2,642217;-0,1032672;-0,3783256;2,595068;0,1187732;0,05565812;3,007163;0,03574596;-0,4965825;2,986383;-0,01204808;-0,8771121;2,961467;-0,005708946;-0,9434044;2,927586; 
-0,02302991;0,7228661;3,138951;0,004782808;0,1413718;3,030927;5,336083E-05;0,1914065;3,092376;-0,03147714;0,5362434;3,11657;-0,1878553;0,3952667;3,102013;-0,2433611;0,1216601;3,099292;-0,2869777;-0,1202807;3,016519;-0,2797925;-0,2121091;2,979304;0,1565411;0,4366569;3,1279;0,3086054;0,6456056;3,134374;0,3295106;0,9570405;3,136787;0,3222727;1,071529;3,15214;-0,08728168;0,07742883;3,015189;-0,09339199;0,01323551;2,56237;-0,0948536;-0,3092939;2,647645;-0,1028944;-0,378748;2,59639;0,1070862;0,05885184;3,009963;0,03580456;-0,494048;2,986713;-0,01209376;-0,8770038;2,961374;-0,007586532;-0,9049092;2,88236; 
-0,02294381;0,7226414;3,137842;0,00656685;0,1433154;3,028732;0,0004249425;0,1931915;3,090841;-0,03269329;0,5365131;3,116111;-0,1891275;0,394521;3,102572;-0,2435617;0,1215403;3,099247;-0,2868195;-0,1203824;3,016403;-0,277629;-0,2144031;2,980304;0,1567521;0,4369516;3,127847;0,3082537;0,6454599;3,134136;0,3270804;0,9572005;3,132744;0,3203993;1,06688;3,148608;-0,07830037;0,07629405;3,01004;-0,09602914;0,01497947;2,557166;-0,09284562;-0,3074768;2,650453;-0,1028079;-0,3771095;2,598513;0,1081939;0,06175012;3,006865;0,03573323;-0,4940378;2,986671;-0,01228642;-0,8761119;2,961562;-0,008025454;-0,9039744;2,882476; 
-0,02753861;0,721135;3,135109;0,004427947;0,1430261;3,027769;-0,002177071;0,1932717;3,089997;-0,03312306;0,5361842;3,115939;-0,1902387;0,3938375;3,102668;-0,2436377;0,1215209;3,09938;-0,2867268;-0,1202537;3,016787;-0,2783588;-0,2119335;2,981332;0,1566529;0,4369305;3,127563;0,3076014;0,6448478;3,133521;0,3259704;0,9565992;3,132308;0,3196871;1,065117;3,149076;-0,08074832;0,07493778;3,010092;-0,09659918;0,01829105;2,556555;-0,09073413;-0,305168;2,652063;-0,1021141;-0,3748366;2,60314;0,103979;0,06106821;3,003779;0,03571815;-0,4952257;2,986361;-0,01257199;-0,8763881;2,961765;-0,002705988;-0,9380857;2,923665; 
-0,02903105;0,7205917;3,134657;0,005166358;0,1405119;3,026751;-0,001980014;0,1920715;3,089458;-0,03533503;0,5357317;3,115746;-0,1917939;0,3932481;3,102978;-0,2436541;0,121588;3,09975;-0,2855607;-0,1191331;3,016705;-0,2755918;-0,2145706;2,983414;0,1548114;0,435685;3,125521;0,3073006;0,6443925;3,133419;0,323144;0,9563439;3,130409;0,3184916;1,062873;3,147902;-0,0757535;0,06587297;3,009219;-0,09805003;0,01996736;2,554768;-0,08743815;-0,2982148;2,651998;-0,1014254;-0,3750354;2,603758;0,1039962;0,06076885;3,003237;0,03542043;-0,4945074;2,986251;-0,01236578;-0,8764358;2,961764;-0,008722729;-0,9042827;2,882657