;-0,08466624;0,8121545;2,722411;-0,06033423;0,2508941;2,685;-0,06397113;0,3070567;2,741135;-0,0819501;0,6403035;2,737588;-0,2578906;0,5759833;2,759857;-0,4603429;0,7316022;2,702985;-0,6779091;0,8808569;2,61408;-0,767987;0,9468424;2,595956;0,1128668;0,5811038;2,761543;0,3513504;0,7666304;2,759494;0,5380925;0,8946705;2,725075;0,590449;0,9585312;2,711977;-0,1337211;0,1588214;2,670218;-0,07824679;-0,4977789;2,6921;-0,07686807;-0,8619678;2,629147;-0,06624463;-0,9201007;2,561364;0,02347225;0,1792336;2,671423;0,05345294;-0,3075291;2,64961;0,05370382;-0,6864855;2,630365;0,002671096;-0,7734532;2,613007; 
-0,08470063;0,8121719;2,72253;-0,06032761;0,2516415;2,685165;-0,06413899;0,3077694;2,741242;-0,08185511;0,6406283;2,737531;-0,2579393;0,5760974;2,760025;-0,4584818;0,7301204;2,703148;-0,67487;0,8803688;2,613598;-0,7654743;0,9456072;2,595569;0,1129482;0,5825092;2,763315;0,3512041;0,7686185;2,760127;0,5330419;0,8979264;2,725049;0,585387;0,961772;2,711965;-0,1338247;0,1592731;2,670408;-0,07871284;-0,497429;2,69214;-0,07612186;-0,8612186;2,629142;-0,06597442;-0,9192056;2,559085;0,02340049;0,1800804;2,671654;-0,003458581;-0,335804;2,659863;-0,003207493;-0,7150672;2,640625;-0,03763966;-0,8075829;2,613043; 
-0,0861198;0,8115445;2,723023;-0,060511;0,2519559;2,685511;-0,06432367;0,3078724;2,741765;-0,08237404;0,6413223;2,740325;-0,25817;0,5760936;2,76047;-0,467374;0,73706;2,701755;-0,6749997;0,880028;2,614754;-0,7653811;0,9458215;2,597739;0,1128341;0,5825143;2,763411;0,3498667;0,7703365;2,760433;0,5320227;0,8992954;2,725075;0,5841442;0,9637833;2,714566;-0,1339346;0,1594037;2,670473;-0,07862739;-0,4973282;2,692183;-0,07698829;-0,86222;2,628955;-0,04114053;-0,9294153;2,561522;0,02306646;0,1805715;2,671983;-0,00343732;-0,3358425;2,659885;-0,00318596;-0,7155159;2,640656;-0,001588765;-0,7465936;2,55694; 
-0,08732258;0,8098185;2,723272;-0,06028394;0,2515667;2,685773;-0,06423106;0,3075653;2,74201;-0,0827575;0,6410934;2,740631;-0,2584766;0,5755292;2,760664;-0,4641312;0,7332976;2,704645;-0,6863492;0,8878874;2,611473;-0,7707968;0,9494202;2,596945;0,112895;0,5826324;2,763818;0,3496032;0,7710689;2,760466;0,5316302;0,900309;2,724946;0,5851837;0,9636351;2,714772;-0,1334202;0,1577711;2,670677;-0,07846639;-0,4990124;2,69223;-0,07624456;-0,8627018;2,628663;-0,04592618;-0,926118;2,558378;0,02337956;0,1805234;2,672307;-0,006282072;-0,3373343;2,658704;-0,006030517;-0,717309;2,63948;-0,004410821;-0,7484417;2,555611; 
-0,08729473;0,8098081;2,723333;-0,05977949;0,2513041;2,686145;-0,06365277;0,3072625;2,742477;-0,08154656;0,6412067;2,741822;-0,2586191;0,5749398;2,761181;-0,4674735;0,7358519;2,703468;-0,6834319;0,8846093;2,614245;-0,7704561;0,9492084;2,597908;0,1127198;0,5830359;2,764555;0,3492517;0,7719806;2,760336;0,5312268;0,9014193;2,724707;0,5851901;0,964543;2,715685;-0,1329255;0,1570788;2,670828;-0,07836218;-0,499777;2,692343;-0,0762779;-0,8626946;2,628658;-0,04852867;-0,9235578;2,557052;0,02365593;0,1806542;2,672671;-0,007471483;-0,3381637;2,657836;-0,006210128;-0,718515;2,639256;-0,004577963;-0,7496588;2,555224; 
-0,08736165;0,8097742;2,723338;-0,05981607;0,2511337;2,686405;-0,06381556;0,3069265;2,742827;-0,08390454;0,6408409;2,74325;-0,2590204;0,574969;2,761819;-0,4627881;0,7315981;2,705385;-0,6849547;0,8859705;2,614378;-0,7706262;0,9492265;2,597979;0,1126685;0,5830906;2,764956;0,3490942;0,7723716;2,760267;0,5310323;0,9020176;2,72486;0,5848315;0,965166;2,715224;-0,132835;0,1564983;2,671047;-0,07826464;-0,5003874;2,692483;-0,07624523;-0,862455;2,628798;-0,0543386;-0,921191;2,555891;0,02373343;0,1806983;2,672859;-0,008080199;-0,3384066;2,65776;-0,006326701;-0,7191412;2,638783;-0,004745219;-0,7502705;2,554583; 
-0,0882616;0,8095787;2,723758;-0,05960717;0,2512385;2,686554;-0,06346804;0,3070141;2,743026;-0,08178431;0,640891;2,743662;-0,259336;0,5743;2,762104;-0,461185;0,730018;2,705214;-0,6816108;0,8849738;2,614919;-0,7716071;0,9494815;2,599775;0,1126895;0,5832265;2,765407;0,3489906;0,7728454;2,760361;0,5308547;0,9026594;2,724668;0,5877577;0,9627593;2,713629;-0,1328351;0,1565316;2,671109;-0,07819429;-0,5003766;2,692513;-0,07643857;-0,8627582;2,628797;-0,05448502;-0,9210213;2,556262;0,02385691;0,1807669;2,672925;-0,007741276;-0,3386619;2,657999;-0,005196719;-0,7196935;2,638619;-0,00360878;-0,7508602;2,554271; 
-0,08896751;0,8074503;2,722913;-0,05946052;0,2511812;2,686749;-0,06332509;0,3068904;2,743276;-0,08155283;0,6406134;2,744155;-0,2594684;0,5742315;2,762149;-0,4603767;0,7293777;2,705338;-0,6794101;0,8824664;2,616976;-0,7695965;0,9480951;2,599231;0,1126381;0,5833578;2,765622;0,3489746;0,7730942;2,760344;0,531304;0,9024519;2,725185;0,5892677;0,961087;2,712121;-0,1327262;0,1562386;2,671233;-0,07818654;-0,5007278;2,692568;-0,07572703;-0,8627774;2,628715;-0,0516968;-0,921812;2,557875;0,02400107;0,1809112;2,673084;-0,002843539;-0,3397058;2,65942;-0,004556979;-0,7210381;2,638937;-0,002937722;-0,7522383;2,554438; 
-0,08891718;0,8078614;2,722619;-0,05951244;0,2511859;2,686804;-0,06336514;0,3069096;2,743371;-0,08173855;0,6411331;2,744543;-0,2596624;0,5743541;2,762469;-0,4677234;0,7367258;2,702203;-0,6791872;0,8822688;2,616931;-0,769291;0,948049;2,599431;0,1121096;0,5831892;2,765638;0,348478;0,7730458;2,760473;0,5305223;0,9029731;2,725503;0,5863357;0,9640665;2,714592;-0,1327703;0,1561767;2,671263;-0,07800879;-0,5008449;2,692621;-0,07519053;-0,8625971;2,628504;-0,05297552;-0,9210618;2,557167;0,02376984;0,1812663;2,673175;-0,001168323;-0,340062;2,659912;-0,00444585;-0,7216501;2,639105;-0,002878032;-0,7528956;2,554446; 
-0,08964862;0,8066068;2,722202;-0,0593859;0,2510908;2,686946;-0,06309013;0,3065295;2,743589;-0,07979877;0,6389174;2,745409;-0,2597622;0,57424;2,762542;-0,4720551;0,7396724;2,699828;-0,6799231;0,8834044;2,615448;-0,7704002;0,9489281;2,598997;0,1120529;0,5831597;2,765695;0,3484513;0,7731773;2,760489;0,5306183;0,9030527;2,725308;0,5862907;0,9644135;2,715258;-0,132719;0,1555546;2,671489;-0,07769308;-0,501467;2,692756;-0,07516704;-0,8625958;2,628361;-0,05482778;-0,9202405;2,556556;0,02379604;0,1814481;2,673193;0,002545302;-0,3364618;2,663327;-0,003624621;-0,7183069;2,642005;-0,002061665;-0,7495539;2,557152; 
-0,08951322;0,807112;2,723103;-0,05916674;0,2526133;2,687725;-0,06254055;0,3073096;2,744432;-0,07679612;0,6379479;2,747966;-0,2599577;0,5745728;2,763134;-0,4638551;0,7330543;2,703958;-0,6780316;0,8823669;2,615297;-0,7679325;0,9490206;2,600255;0,1117297;0,5835718;2,765888;0,3480319;0,7739325;2,760173;0,5307105;0,9032732;2,725311;0,5866594;0,9643704;2,715163;-0,1329879;0,1573577;2,671726;-0,07768322;-0,4997147;2,692622;-0,07513954;-0,8620394;2,628139;-0,05218861;-0,9206798;2,559088;0,02355354;0,1831137;2,67375;0,00413915;-0,3332324;2,66522;-0,003522653;-0,7153144;2,64401;-0,002048983;-0,7465056;2,558936; 
-0,08953304;0,8070096;2,723068;-0,05923059;0,2527277;2,687862;-0,06271897;0,3074419;2,744626;-0,07845046;0,6384885;2,748327;-0,2600277;0,5747458;2,763343;-0,467619;0,7364943;2,702172;-0,6762699;0,8810039;2,61582;-0,7660017;0,9477948;2,600307;0,1116795;0,5832365;2,766172;0,3479274;0,7738748;2,760241;0,5307081;0,9032217;2,725384;0,5859191;0,9651327;2,716101;-0,1330552;0,157717;2,671777;-0,07797212;-0,49942;2,692693;-0,07510996;-0,8614813;2,628218;-0,06282965;-0,9201156;2,561678;0,02358541;0,1831192;2,673884;0,00405198;-0,334653;2,664575;-0,004299576;-0,7170696;2,643369;-0,00278569;-0,7483026;2,558153; 
-0,08953127;0,8066271;2,722891;-0,05903039;0,2524852;2,688027;-0,06267446;0,3072889;2,744789;-0,07943086;0,6388991;2,748775;-0,2600366;0,5745772;2,763318;-0,4706504;0,7386765;2,700721;-0,6760157;0,880614;2,615571;-0,7655843;0,9475842;2,599852;0,1117427;0,5833477;2,766387;0,3481511;0,7739927;2,76031;0,5310836;0,9031799;2,724863;0,5849938;0,9665145;2,717762;-0,1325691;0,1569812;2,671774;-0,07789895;-0,5002115;2,692739;-0,07546634;-0,8616749;2,628128;-0,03109417;-0,9163581;2,550719;0,02394108;0,1831136;2,674104;0,004138878;-0,3352685;2,664124;-0,004588576;-0,7179471;2,642943;-0,003029991;-0,749248;2,557512; 
-0,08948606;0,807137;2,723849;-0,05902526;0,252367;2,68812;-0,06267322;0,3071852;2,744924;-0,07891303;0,6394432;2,749294;-0,2598203;0,574464;2,763299;-0,4633183;0,7321416;2,702812;-0,6763301;0,8806315;2,615535;-0,7657893;0,9477367;2,599849;0,1117074;0,5833999;2,766729;0,3481806;0,7741758;2,760129;0,531266;0,9033167;2,724957;0,5895476;0,9624668;2,71652;-0,1325825;0,1568249;2,671816;-0,07775383;-0,5003949;2,692831;-0,07571134;-0,8615085;2,628489;-0,05751902;-0,9211407;2,559948;0,02383527;0,1831499;2,67416;0,00468318;-0,3363033;2,664047;-0,004478164;-0,7192442;2,642898;-0,04824414;-0,8075972;2,607207; 
-0,08960683;0,8072402;2,723865;-0,0589945;0,2524108;2,688221;-0,06262977;0,307128;2,745034;-0,07897332;0,638279;2,749437;-0,2597972;0,5744534;2,763496;-0,4618065;0,731078;2,703549;-0,6764172;0,8807163;2,615615;-0,7657505;0,9474226;2,597738;0,1116565;0,5833742;2,766819;0,3482345;0,7741704;2,760187;0,531252;0,9035335;2,725059;0,5908846;0,9612138;2,715986;-0,1325956;0,157161;2,671897;-0,07765266;-0,50008;2,69294;-0,0765266;-0,8607778;2,62887;-0,05936952;-0,9200631;2,55692;0,02388689;0,1831164;2,674237;0,004756503;-0,3367777;2,663753;-0,004646146;-0,7199858;2,64262;-0,03978401;-0,8128693;2,608389; 
-0,08940323;0,8069876;2,723716;-0,05895266;0,252333;2,688259;-0,06266567;0,3071118;2,745072;-0,07936604;0,6386489;2,749429;-0,2596671;0,5739324;2,763276;-0,4601698;0,7294792;2,704374;-0,6764058;0,8805695;2,615649;-0,7658411;0,9470611;2,597604;0,1117199;0,5831899;2,766988;0,3482799;0,7741663;2,760162;0,5319573;0,9028108;2,725697;0,5938528;0,9578831;2,715747;-0,1325855;0,1571762;2,671869;-0,07807517;-0,500145;2,692908;-0,07654513;-0,8608136;2,628889;-0,05984206;-0,9196719;2,556283;0,02413762;0,1827734;2,674444;0,005082709;-0,3375971;2,663511;-0,004604765;-0,7211403;2,642416;-0,04365227;-0,8143229;2,613142; 
-0,08912143;0,8075251;2,723466;-0,05901132;0,2530706;2,688486;-0,06266195;0,3077072;2,745328;-0,07953119;0,6387823;2,74955;-0,260222;0,5746791;2,764142;-0,4596433;0,7292752;2,70485;-0,6767039;0,8806043;2,615837;-0,7661911;0,9470847;2,598134;0,1118003;0,5832902;2,76708;0,3484323;0,7743268;2,760065;0,5321204;0,9030929;2,7258;0,5941686;0,9579476;2,715722;-0,1327598;0,1580704;2,672182;-0,07800772;-0,4993017;2,6929;-0,0759403;-0,8615233;2,628526;-0,04062084;-0,9284214;2,556742;0,02418356;0,1831333;2,674369;0,005388622;-0,3379048;2,663198;-0,004741579;-0,7217048;2,641523;-0,00319453;-0,7532093;2,555462; 
-0,08914313;0,807636;2,723526;-0,05895633;0,2529224;2,688534;-0,06269216;0,3076803;2,745359;-0,07965323;0,6389928;2,749316;-0,2602506;0,5746893;2,764184;-0,4592179;0,7288731;2,705005;-0,6767957;0,880486;2,615857;-0,766211;0,9470977;2,598407;0,1119964;0,5831347;2,767487;0,348676;0,77425;2,760355;0,5322562;0,90321;2,725708;0,5946096;0,9576508;2,715388;-0,1326846;0,1575543;2,672237;-0,07797458;-0,4998623;2,692896;-0,07547037;-0,862049;2,628283;-0,0440268;-0,9265578;2,55703;0,02424939;0,1830917;2,674432;0,001330336;-0,3399081;2,662041;-0,00508083;-0,7240384;2,640352;-0,003443013;-0,7556136;2,55415; 
-0,08911695;0,8075942;2,72348;-0,05874235;0,2527365;2,688591;-0,06252995;0,3076143;2,745407;-0,07955261;0,6392112;2,749171;-0,2601297;0,5743818;2,764216;-0,4588126;0,7286391;2,705279;-0,6768667;0,8803827;2,615959;-0,7661888;0,947099;2,598562;0,111986;0,5833688;2,767642;0,3489259;0,7742963;2,760393;0,5325046;0,9033709;2,725826;0,5951115;0,9574785;2,715409;-0,1322909;0,1571741;2,67225;-0,07806898;-0,5003085;2,692893;-0,07551721;-0,8626119;2,628444;-0,04501449;-0,9259882;2,558216;0,02432874;0,1830906;2,674512;0,0003144274;-0,3410695;2,6617;-0,004406427;-0,725476;2,639615;-0,002761315;-0,7571179;2,553277; 
-0,08906791;0,8077061;2,723437;-0,05885334;0,253146;2,688724;-0,0626426;0,307904;2,745538;-0,07966824;0,6391984;2,749197;-0,2603011;0,5745846;2,764251;-0,4578991;0,7278696;2,705819;-0,6767941;0,8802461;2,616081;-0,7666935;0,9467297;2,601036;0,1120715;0,5833908;2,767702;0,3491157;0,7742953;2,760523;0,532622;0,9035919;2,726127;0,5954733;0,9573643;2,715548;-0,1325441;0,1576893;2,672281;-0,07792458;-0,4998462;2,692862;-0,0754026;-0,8627601;2,628333;-0,05735559;-0,9266683;2,565589;0,02433213;0,1832836;2,674577;0,001061542;-0,3405122;2,661883;-0,001085254;-0,7252716;2,639644;0,0005753915;-0,7569609;2,553181; 
-0,08936121;0,8077042;2,723458;-0,05864009;0,2504277;2,688707;-0,06257236;0,3055519;2,745649;-0,08008074;0,6381563;2,749405;-0,2597401;0,5722505;2,763841;-0,4715709;0,7394053;2,701615;-0,6800744;0,8825898;2,615778;-0,7704347;0,9481244;2,599568;0,11213;0,5827169;2,767717;0,3489045;0,7741403;2,760636;0,5324864;0,9034612;2,726079;0,5955216;0,9569579;2,715346;-0,1320785;0,1546141;2,672265;-0,07766931;-0,5029227;2,693;-0,07545353;-0,8625987;2,628321;-0,05647781;-0,9253947;2,563645;0,02445908;0,181628;2,674372;0,001643865;-0,3438508;2,661621;0,001111301;-0,7288697;2,638975;0,002798379;-0,7606085;2,55239; 
-0,08938611;0,8077107;2,723439;-0,05865911;0,2505257;2,688724;-0,06256117;0,3057271;2,745703;-0,07924801;0,63951;2,749764;-0,259524;0,5721276;2,763747;-0,4647547;0,7331359;2,703866;-0,6720563;0,8778423;2,618195;-0,7630004;0,9424606;2,60162;0,1121738;0,5826694;2,767803;0,3493198;0,7738227;2,760391;0,5334177;0,9025834;2,726136;0,5970564;0,9552912;2,715104;-0,1323127;0,155248;2,672234;-0,07770106;-0,5023322;2,692996;-0,07673548;-0,8627425;2,628435;-0,05697905;-0,9238752;2,559844;0,02440214;0,1816334;2,67438;0,001761983;-0,3438649;2,66163;0,001698194;-0,7291379;2,638928;0,003424857;-0,7609143;2,552221; 
-0,08939152;0,8077086;2,723428;-0,05857834;0,2507993;2,688805;-0,06254078;0,3059407;2,745786;-0,07927562;0,6395258;2,749774;-0,2595246;0,5721713;2,763749;-0,4667749;0,7347066;2,702867;-0,6730291;0,8780605;2,618234;-0,7643702;0,9421365;2,601771;0,1124276;0,5829297;2,768155;0,3496673;0,7741563;2,760483;0,5338685;0,9028831;2,726112;0,5975803;0,9554874;2,715037;-0,1322633;0,1558347;2,672127;-0,07757296;-0,50179;2,692893;-0,07718744;-0,8628546;2,628342;-0,06083063;-0,9231845;2,559205;0,02452103;0,1816724;2,674515;0,0006864188;-0,3443703;2,661218;0,00112343;-0,7298826;2,638528;0,002921175;-0,7617036;2,551698; 
-0,08920496;0,8074088;2,722937;-0,05876968;0,2509927;2,688844;-0,06270654;0,3060968;2,74581;-0,0793422;0,6395431;2,749685;-0,2595935;0,5724183;2,763765;-0,4635833;0,7317133;2,703829;-0,6740567;0,8797947;2,617605;-0,7658584;0,9432694;2,601441;0,1125196;0,5828316;2,768301;0,3497471;0,7742183;2,760631;0,5339634;0,9029924;2,725957;0,5977321;0,955499;2,714796;-0,1329171;0,1565937;2,67224;-0,07781365;-0,5010766;2,692824;-0,07792289;-0,8621641;2,628946;-0,02721736;-0,9216314;2,556465;0,0244505;0,1816089;2,674526;-0,002005896;-0,3454847;2,660663;-0,0008559009;-0,7312343;2,637922;0,0009893626;-0,7631243;2,550916; 
-0,08932626;0,8066478;2,722245;-0,05866918;0,2516128;2,689015;-0,0624675;0,3066791;2,74597;-0,07854743;0,6398743;2,749612;-0,2595946;0,5728952;2,764041;-0,4695483;0,7362559;2,702395;-0,6697805;0,8766364;2,617775;-0,7618397;0,9402126;2,603556;0,1125345;0,5829148;2,768295;0,3498976;0,7743049;2,760575;0,5343214;0,9028633;2,725577;0,5982597;0,9551337;2,714252;-0,1330206;0,1574869;2,672218;-0,07798471;-0,5002781;2,692767;-0,07753069;-0,8622113;2,628853;-0,02796099;-0,9233081;2,556668;0,02445411;0,1819055;2,674809;-0,002433174;-0,3447653;2,660274;-0,001104535;-0,7307527;2,6375;0,0006978777;-0,7627108;2,550345; 
-0,08941796;0,8068399;2,721836;-0,05866169;0,2516723;2,689028;-0,06247655;0,3068132;2,745981;-0,07932734;0,6401398;2,749151;-0,2596518;0,5730099;2,764082;-0,4658852;0,7322472;2,703874;-0,6704091;0,8765126;2,617834;-0,7623745;0,9402788;2,603814;0,1123308;0,5827419;2,768163;0,3497186;0,7742443;2,760527;0,5342766;0,9027147;2,725415;0,5983042;0,9548653;2,714011;-0,1329269;0,1575719;2,672248;-0,07800968;-0,5002221;2,692749;-0,0773789;-0,8620171;2,628786;-0,04761074;-0,9224354;2,558299;0,02448558;0,1819895;2,674872;0,003982382;-0,3388703;2,66079;0,005918055;-0,7251648;2,637829;0,007697749;-0,7572014;2,550549; 
-0,08947998;0,8065644;2,721502;-0,05839125;0,2516923;2,689109;-0,06196406;0,3067112;2,746109;-0,07645918;0,6391706;2,749609;-0,2596402;0,572966;2,764053;-0,463338;0,7297857;2,70411;-0,6713941;0,8767899;2,617828;-0,763303;0,9405088;2,603146;0,1123139;0,5826824;2,768193;0,3497452;0,774263;2,760596;0,5343916;0,902679;2,725259;0,5954252;0,9578434;2,71175;-0,1327281;0,157268;2,672147;-0,07764658;-0,500553;2,692845;-0,07727224;-0,8622317;2,628519;-0,04997711;-0,9228228;2,560835;0,02461891;0,1823485;2,675102;0,005058782;-0,3361789;2,66075;0,003749084;-0,7227227;2,637969;0,005544395;-0,7547705;2,550564; 
-0,08926582;0,8068935;2,721828;-0,0583542;0,2519744;2,689172;-0,06184781;0,3070108;2,746175;-0,07584248;0,6395391;2,749579;-0,2595967;0,5729749;2,764045;-0,4625553;0,7290116;2,704105;-0,67239;0,8766542;2,618102;-0,7641089;0,9405311;2,602822;0,1123203;0,5827504;2,768227;0,3499555;0,7742258;2,760486;0,5344702;0,9030408;2,725762;0,5936739;0,9600559;2,711739;-0,1327912;0,1575845;2,672157;-0,07773213;-0,5002643;2,692828;-0,07711378;-0,8620404;2,628413;-0,04918637;-0,922016;2,559754;0,02452413;0,1826009;2,675219;0,005323111;-0,3348338;2,660852;0,001830126;-0,7216114;2,638231;0,003634972;-0,7537087;2,550709; 
-0,08951952;0,8067405;2,721439;-0,05839087;0,2520763;2,689221;-0,06190868;0,3071291;2,746232;-0,07657517;0,639819;2,749637;-0,2596926;0,5731725;2,76416;-0,4602321;0,7270639;2,704932;-0,6820244;0,8853868;2,617795;-0,7746255;0,9475611;2,600969;0,1122834;0,5828037;2,768228;0,3500163;0,77428;2,76044;0,5343299;0,9035089;2,725909;0,5923126;0,9616373;2,711409;-0,1328115;0,1578694;2,672192;-0,07761547;-0,5000036;2,692694;-0,07662838;-0,8617485;2,62848;-0,05759403;-0,9218146;2,560591;0,02452133;0,1825958;2,675254;0,004186501;-0,3366064;2,660396;-0,004190913;-0,7236576;2,637465;-0,002403334;-0,7557954;2,549838; 
-0,08968862;0,8064743;2,72116;-0,05832604;0,2517751;2,68929;-0,06180857;0,3068166;2,746296;-0,07640976;0,6393378;2,749565;-0,2596748;0,5729819;2,764324;-0,4599089;0,7266056;2,705235;-0,681839;0,8852874;2,617601;-0,7745596;0,9473006;2,600899;0,1120846;0,5831623;2,768454;0,3501546;0,7743585;2,760427;0,5348186;0,9031791;2,725889;0,5923042;0,9617149;2,71109;-0,132678;0,1571969;2,672307;-0,07790194;-0,5007471;2,692661;-0,07659691;-0,8619714;2,628505;-0,05554643;-0,9222872;2,56133;0,02449366;0,182523;2,6753;0,002916841;-0,338383;2,660073;-0,006809492;-0,7257069;2,637238;-0,005029431;-0,7578869;2,549515; 
-0,08972634;0,8063377;2,721228;-0,05839548;0,2518468;2,689328;-0,06183612;0,3068826;2,746335;-0,07629561;0,6394507;2,749623;-0,2596296;0,5731817;2,764449;-0,4590011;0,7257545;2,705449;-0,6820186;0,8854175;2,617103;-0,7748272;0,9474015;2,600842;0,1119405;0,5831342;2,768511;0,3502537;0,7741541;2,760292;0,5350474;0,9028895;2,725839;0,5959201;0,958816;2,71508;-0,1328733;0,1576049;2,672374;-0,07788649;-0,5003682;2,692596;-0,07720816;-0,8626142;2,62857;-0,05634332;-0,9222515;2,561368;0,02427107;0,1825114;2,675358;0,001812195;-0,3394974;2,659609;-0,007339616;-0,7270639;2,63664;-0,00556297;-0,7592764;2,548827; 
-0,0899137;0,8064758;2,721319;-0,05827535;0,2518043;2,68933;-0,06173095;0,3069105;2,746315;-0,07509449;0,6394721;2,749015;-0,2596194;0,5726902;2,764316;-0,4589812;0,7257528;2,705504;-0,6821218;0,8855953;2,616542;-0,7752843;0,9468815;2,599744;0,1125809;0,5832213;2,769433;0,350777;0,774577;2,760324;0,5355664;0,9033545;2,725566;0,5971532;0,9586807;2,715882;-0,1328073;0,157274;2,672307;-0,07780895;-0,5007303;2,692563;-0,07814986;-0,8635693;2,628695;-0,05614633;-0,922237;2,561414;0,02433077;0,1824829;2,675434;0,001101133;-0,3399499;2,659258;-0,00769272;-0,7277492;2,636207;-0,005700045;-0,7600262;2,548313; 
-0,09012559;0,806162;2,721253;-0,05822693;0,25157;2,689337;-0,06163308;0,306653;2,746326;-0,07502028;0,639087;2,749027;-0,2597003;0,5726178;2,764418;-0,4589552;0,7257394;2,705514;-0,6830949;0,8850141;2,615528;-0,7764627;0,9455073;2,597254;0,1122751;0,5828533;2,769266;0,35048;0,7743074;2,760108;0,5355641;0,9026954;2,725044;0,5967968;0,9571333;2,709837;-0,1327979;0,1567687;2,67222;-0,07845178;-0,5013282;2,692655;-0,07728047;-0,8625148;2,628595;-0,05317197;-0,9220672;2,563156;0,02434259;0,182414;2,675469;0,0009951334;-0,339717;2,65914;-0,007103825;-0,7278209;2,636033;-0,005156362;-0,7601384;2,548027; 
-0,0894373;0,8063065;2,721112;-0,05837201;0,2523851;2,689513;-0,06167842;0,3072729;2,746541;-0,07496323;0,6392702;2,749429;-0,2598884;0,5726697;2,764622;-0,4587866;0,7254092;2,705598;-0,6831364;0,8849843;2,615448;-0,777046;0,9451886;2,59929;0,1122555;0,5828549;2,76927;0,3504657;0,7744132;2,76001;0,5358178;0,9026043;2,7256;0,596548;0,9572726;2,709354;-0,1332269;0,1585799;2,67224;-0,07831195;-0,49953;2,692521;-0,07716062;-0,8622783;2,628601;-0,05323878;-0,9218029;2,563931;0,02425549;0,1825455;2,675513;0,002926119;-0,3396186;2,658998;-0,003454793;-0,7280365;2,636103;-0,05545026;-0,8209634;2,617859; 
-0,08958263;0,8068885;2,721189;-0,05848213;0,2527598;2,689474;-0,06180053;0,3076684;2,74649;-0,0750557;0,6396476;2,749291;-0,259896;0,572521;2,764671;-0,4706106;0,7366048;2,702168;-0,6836623;0,8847697;2,615432;-0,7774955;0,9450752;2,599448;0,11257;0,5826322;2,769532;0,3506858;0,7744917;2,760076;0,5360851;0,9025599;2,724523;0,5957072;0,9570449;2,704198;-0,133623;0,1594521;2,672207;-0,07838178;-0,4986852;2,692437;-0,07711539;-0,8621866;2,628585;-0,05328961;-0,9217305;2,563833;0,02425076;0,1825426;2,675504;0,00431718;-0,339913;2,658938;-0,001669179;-0,7285514;2,636178;-0,05178208;-0,8214281;2,612375; 
-0,09020205;0,8061737;2,720447;-0,05854699;0,2523765;2,689534;-0,06191468;0,3072962;2,746546;-0,0757209;0,6391251;2,749323;-0,2596133;0,5715797;2,764648;-0,4657636;0,7325646;2,704731;-0,6837879;0,8847452;2,615477;-0,7774238;0,9449955;2,59841;0,1122886;0,5829;2,769727;0,3508433;0,7743766;2,760061;0,5363567;0,9024009;2,724529;0,5963655;0,9576359;2,707788;-0,1335584;0,1590831;2,672186;-0,07881283;-0,4991091;2,692288;-0,07713038;-0,8622583;2,628539;-0,05709733;-0,9204412;2,561394;0,02416742;0,1822566;2,675681;0,00593464;-0,3394099;2,659412;0,0004565148;-0,7282618;2,636909;0,002418016;-0,7607116;2,548498; 
-0,09026891;0,8066164;2,720448;-0,05878323;0,2527451;2,689577;-0,06214567;0,3076525;2,746572;-0,07639537;0,6393459;2,749203;-0,2598173;0,5715515;2,764984;-0,4705938;0,7361504;2,703583;-0,6698475;0,8739936;2,620105;-0,7629293;0,9348438;2,602156;0,1122505;0,5828431;2,769745;0,3508392;0,7744182;2,760311;0,5361093;0,9028748;2,724477;0,595475;0,9596214;2,710774;-0,133909;0,1598762;2,6723;-0,07856515;-0,4982927;2,692377;-0,07554711;-0,8613926;2,628742;-0,06641071;-0,9197946;2,561845;0,02412583;0,1822672;2,675692;0,004814032;-0,338957;2,659378;-0,0008852575;-0,7280116;2,636932;-0,05399211;-0,8190942;2,611232; 
-0,09080861;0,8061355;2,720681;-0,05882529;0,2527149;2,689557;-0,06222249;0,3075918;2,746541;-0,07627507;0,6386105;2,748973;-0,2597061;0,5706153;2,764607;-0,4667612;0,7315544;2,704542;-0,6699623;0,8740085;2,620069;-0,763037;0,9344306;2,600688;0,1122795;0,5828229;2,769866;0,3508586;0,7745299;2,760671;0,5366032;0,9026488;2,72623;0,5956141;0,9604433;2,715748;-0,1340336;0,1598128;2,672284;-0,07868211;-0,4983715;2,692408;-0,07559789;-0,861132;2,629119;-0,066188;-0,919706;2,56127;0,02406309;0,1821833;2,675653;0,002277921;-0,337842;2,659313;-0,003569771;-0,7271376;2,636934;-0,001599959;-0,7596912;2,548276; 
-0,09059492;0,8050795;2,72089;-0,05855292;0,2531301;2,689934;-0,06189335;0,3077137;2,747019;-0,07491962;0,6382673;2,75094;-0,2596261;0,5706384;2,764715;-0,4646368;0,7292898;2,705189;-0,6833529;0,8812182;2,617046;-0,7761826;0,9415337;2,596339;0,1122194;0,5833156;2,77051;0,3514842;0,7743965;2,760254;0,53714;0,9029141;2,726833;0,5960771;0,9610351;2,71801;-0,1338256;0,16053;2,672356;-0,07922459;-0,4977598;2,692632;-0,07654183;-0,8614272;2,629263;-0,06619709;-0,9196393;2,561175;0,02418064;0,1823366;2,675961;0,001974475;-0,3381313;2,659215;-0,003778153;-0,7276614;2,636879;-0,001708742;-0,7601525;2,548083; 
-0,09069955;0,8042992;2,721183;-0,05916071;0,2533561;2,690069;-0,06228892;0,3077166;2,747135;-0,07503419;0,6373234;2,751148;-0,2598598;0,5708592;2,764875;-0,4641914;0,7290117;2,705551;-0,6842226;0,8821822;2,617137;-0,7770302;0,9427143;2,597105;0,1120625;0,5830166;2,770531;0,3512871;0,7742832;2,760261;0,5368856;0,9029503;2,726568;0,5956852;0,9612666;2,718301;-0,1350916;0,1613536;2,672455;-0,07928139;-0,4968812;2,692654;-0,07546642;-0,8605525;2,628844;-0,06652688;-0,9199488;2,56128;0,02353027;0,1821177;2,676028;0,0003635229;-0,3385835;2,658981;-0,005261861;-0,7283063;2,63669;-0,003199243;-0,7608253;2,547768; 
-0,0907561;0,8044209;2,721082;-0,05916046;0,2532193;2,690009;-0,06230679;0,3076196;2,747062;-0,07502401;0,637242;2,750839;-0,2595773;0,5703175;2,764843;-0,46299;0,7276904;2,706277;-0,6696895;0,8743215;2,617074;-0,7634265;0,9341992;2,599527;0,111942;0,582751;2,770702;0,3511747;0,7741507;2,760242;0,5370516;0,9024618;2,726185;0,5955588;0,9609926;2,717339;-0,1350754;0,161338;2,672436;-0,07937719;-0,4968844;2,692702;-0,07551045;-0,8606344;2,629034;-0,06703287;-0,91944;2,56065;0,02347107;0,1818098;2,676014;0,0003095073;-0,3385356;2,659027;-0,005334536;-0,7284893;2,636763;-0,04843265;-0,8238938;2,606121; 
-0,09089719;0,8047354;2,721029;-0,05917516;0,25316;2,690027;-0,06222925;0,3076027;2,747078;-0,07465633;0,6375351;2,750896;-0,2594715;0,5705004;2,765388;-0,4626258;0,7275212;2,706505;-0,6706514;0,8742107;2,616759;-0,7640314;0,934858;2,599953;0,1119136;0,5827028;2,770683;0,3513371;0,7739882;2,760242;0,53706;0,9025987;2,726024;0,5949671;0,9615998;2,716376;-0,1351292;0,1605397;2,672529;-0,07932718;-0,4977121;2,692788;-0,0759934;-0,860418;2,629499;-0,06773651;-0,9187608;2,55966;0,0233081;0,1820246;2,676065;-5,598257E-05;-0,33611;2,659553;-0,005711432;-0,7262893;2,637367;-0,0443509;-0,8230549;2,604537; 
-0,09075733;0,8061683;2,721458;-0,05935306;0,2532959;2,6901;-0,06269088;0,3078988;2,74716;-0,07991593;0,6378787;2,750052;-0,2597998;0,5708278;2,765734;-0,4625284;0,7273385;2,706625;-0,6790285;0,8843929;2,615261;-0,7742087;0,9419945;2,597982;0,1118905;0,5826942;2,770749;0,3512895;0,774125;2,760446;0,5367805;0,9030817;2,725668;0,5956457;0,9609926;2,715365;-0,1351439;0,1607065;2,67263;-0,07920434;-0,4975377;2,692837;-0,07595061;-0,8603906;2,629463;-0,06803181;-0,9181158;2,558728;0,0233433;0,1820253;2,676116;0,0003809769;-0,3358532;2,65986;-0,005234282;-0,726258;2,637701;-0,04387342;-0,8231413;2,6047; 
-0,09075674;0,8055834;2,721847;-0,05920033;0,253421;2,69021;-0,06244665;0,3079385;2,747269;-0,07759664;0,6372894;2,750336;-0,2596868;0,5707754;2,765903;-0,4624132;0,7272059;2,706652;-0,6814839;0,8859427;2,614235;-0,7766807;0,9436044;2,597412;0,1119404;0,5826871;2,770884;0,3514434;0,7741221;2,760428;0,5371141;0,9029849;2,726061;0,5978367;0,9588307;2,715292;-0,135038;0,1609598;2,672622;-0,0798433;-0,4973597;2,692858;-0,07639181;-0,8605815;2,629874;-0,06043973;-0,9181288;2,560792;0,0234491;0,1820354;2,67634;0,0004431934;-0,3356818;2,660036;-0,005162619;-0,7262728;2,637898;-0,04222848;-0,8237978;2,604546; 
-0,09067653;0,8058008;2,721329;-0,0593733;0,2537911;2,690274;-0,06251891;0,3082406;2,747311;-0,07698816;0,6376228;2,750282;-0,2596534;0,5708161;2,766081;-0,4622302;0,7267869;2,706828;-0,6851553;0,886938;2,614779;-0,7797014;0,9451697;2,596509;0,1118663;0,5830129;2,771129;0,3516148;0,7742817;2,760438;0,5372967;0,9032093;2,725965;0,5984121;0,9585142;2,714801;-0,1353269;0,1617401;2,672659;-0,0799463;-0,4965954;2,692847;-0,08101548;-0,8608693;2,629643;-0,06220987;-0,9174263;2,559187;0,02314116;0,1822198;2,676468;0,002989738;-0,3361267;2,660197;-0,002603668;-0,7269715;2,638059;-0,04024232;-0,8243338;2,604355; 
-0,09074238;0,8046325;2,722203;-0,05957086;0,2534335;2,690252;-0,06285022;0,307676;2,747276;-0,07816727;0,6358545;2,750192;-0,259822;0,5702468;2,766034;-0,4621713;0,7266972;2,70693;-0,6641251;0,8717029;2,623443;-0,7576579;0,9293155;2,59894;0,1115283;0,5825468;2,771128;0,3511727;0,7740662;2,760458;0,5367981;0,903071;2,725353;0,5984377;0,9576555;2,713445;-0,1353663;0,1615163;2,672589;-0,07982907;-0,4967765;2,692886;-0,08035112;-0,8611056;2,62986;-0,06532162;-0,9186919;2,560408;0,02302704;0,1818193;2,676496;0,003836325;-0,3361594;2,660131;-0,001747346;-0,7272499;2,637993;-0,04612201;-0,8237649;2,610131; 
-0,09126799;0,8042734;2,721071;-0,05957982;0,2530088;2,690172;-0,06294634;0,3073471;2,747168;-0,07855813;0,6356918;2,7498;-0,2596649;0,5699494;2,765847;-0,4621741;0,7267055;2,70692;-0,6766713;0,8773785;2,616253;-0,7699649;0,9367984;2,595469;0,1114438;0,5824667;2,771105;0,3512888;0,7738553;2,76046;0,5366918;0,9032612;2,72525;0,5986089;0,9574917;2,713202;-0,1350964;0,1609077;2,67255;-0,07958198;-0,4973509;2,693092;-0,07996579;-0,8612382;2,629802;-0,0657031;-0,9182936;2,558944;0,02302776;0,1816348;2,676505;0,00392173;-0,3363125;2,660074;-0,001669387;-0,72765;2,637943;-0,04296432;-0,8248907;2,607438; 
-0,09119242;0,8057404;2,720324;-0,05959509;0,2529961;2,690156;-0,06296775;0,3074359;2,747159;-0,07818629;0,6372663;2,749545;-0,2596583;0,5699537;2,765868;-0,4622006;0,7265067;2,706898;-0,6789552;0,8788864;2,616133;-0,7722915;0,9382904;2,595556;0,1114404;0,5825382;2,771204;0,3512603;0,7740853;2,760452;0,5366079;0,903638;2,725075;0,5988784;0,9574187;2,71289;-0,1351087;0,1608721;2,672471;-0,07941718;-0,4973877;2,693014;-0,07694934;-0,8603052;2,629228;-0,06535561;-0,918242;2,558412;0,02296864;0,1815918;2,676564;0,002964622;-0,3374723;2,659964;-0,002598681;-0,729044;2,637837;-0,0354054;-0,8276212;2,601393; 
-0,09150832;0,8060784;2,720764;-0,05978936;0,2527339;2,690176;-0,06317358;0,3072479;2,747184;-0,07858361;0,6373358;2,749635;-0,2596085;0,5696771;2,765865;-0,4617585;0,7259117;2,707096;-0,6793965;0,8803828;2,61523;-0,7733164;0,9390598;2,595297;0,1113252;0,5820997;2,771094;0,3509487;0,77399;2,76056;0,5360212;0,903963;2,724792;0,5987187;0,9571949;2,712446;-0,1351337;0,1608671;2,672477;-0,07974042;-0,497389;2,693289;-0,07647346;-0,8597157;2,629575;-0,06445463;-0,9183424;2,558532;0,02270305;0,1808542;2,676628;0,001112945;-0,3414684;2,660088;-0,0044298;-0,7332598;2,637958;-0,03861757;-0,8313812;2,601184; 
-0,09098087;0,806776;2,721395;-0,06010979;0,2525683;2,690208;-0,06341688;0,3071989;2,747201;-0,07867214;0,6375958;2,749593;-0,2595074;0,5697415;2,766114;-0,4705825;0,732952;2,703549;-0,6790645;0,8798486;2,615313;-0,7728732;0,938564;2,595041;0,1114286;0,5821347;2,771282;0,3511888;0,7740261;2,760566;0,5362272;0,9041752;2,724805;0,5989971;0,9572946;2,712404;-0,1361555;0,1643928;2,672851;-0,07972576;-0,4940034;2,693139;-0,07644127;-0,8599855;2,629492;-0,05957045;-0,9195499;2,560381;0,02124535;0,1746777;2,676699;-0,02650332;-0,4154663;2,663189;-0,005315762;-0,774852;2,638302;-0,03955617;-0,8694081;2,592893; 
-0,09093104;0,8067515;2,72149;-0,06052791;0,2518961;2,69027;-0,06401111;0,3065321;2,747329;-0,08114768;0,6376736;2,750622;-0,259525;0,5697942;2,766164;-0,4672532;0,7299795;2,705223;-0,6799459;0,8805478;2,615365;-0,7738182;0,9393137;2,595613;0,1114337;0,5820055;2,771191;0,3511329;0,774107;2,760511;0,536154;0,9043438;2,724474;0,5990833;0,9572163;2,711891;-0,1360987;0,1664639;2,672714;-0,07976762;-0,4922826;2,69295;-0,07666525;-0,8599437;2,62952;-0,06807716;-0,9198278;2,562531;0,02074233;0,1677735;2,676784;-0,03513189;-0,4509222;2,665792;-0,01702972;-0,8198659;2,640257;-0,04819969;-0,9042615;2,576299; 
-0,09140483;0,8067467;2,720948;-0,06057444;0,2515879;2,690206;-0,06407633;0,3063676;2,747276;-0,08106413;0,637766;2,750526;-0,2594663;0,5696111;2,766092;-0,4664464;0,7292545;2,705436;-0,6796466;0,8797681;2,61544;-0,7731811;0,9390655;2,595747;0,111385;0,5814621;2,771278;0,3506118;0,7742785;2,760634;0,5359047;0,904215;2,724486;0,598868;0,9571394;2,712363;-0,1360065;0,1670974;2,672584;-0,07964988;-0,4918785;2,692947;-0,07654292;-0,8597619;2,629598;-0,06796554;-0,9193742;2,561843;0,02075433;0,166749;2,67678;-0,0295558;-0,4305357;2,663721;-0,009918912;-0,7934371;2,637625;-0,0715338;-0,8742064;2,59413; 
-0,09159357;0,8061941;2,720831;-0,06112038;0,2507701;2,69024;-0,06451736;0,3056198;2,747344;-0,08085037;0,6372545;2,750725;-0,2592736;0,5694957;2,765962;-0,4658734;0,7287775;2,70599;-0,6796986;0,8795112;2,615234;-0,7730511;0,9390492;2,595476;0,1113628;0,5815732;2,771355;0,3506756;0,7744074;2,760705;0,5359634;0,904438;2,724478;0,5989439;0,9574837;2,713059;-0,1364323;0,1681837;2,672711;-0,07971751;-0,4910426;2,692867;-0,0765815;-0,8602881;2,629686;-0,06064558;-0,9210048;2,562579;0,01952802;0,1636835;2,676516;-0,03023039;-0,4480911;2,665706;-0,008558393;-0,7883052;2,637212;-0,04684437;-0,8815253;2,591637; 
-0,09159161;0,8070117;2,720511;-0,06124335;0,2507809;2,690222;-0,06469031;0,3057398;2,74731;-0,08107077;0,6379194;2,750348;-0,2592905;0,569521;2,765936;-0,4652682;0,7282917;2,706589;-0,6796292;0,8794988;2,615332;-0,7727057;0,9404712;2,599016;0,1113575;0,5817106;2,771464;0,3508093;0,7745253;2,760484;0,5361171;0,9046061;2,724125;0,599205;0,9576742;2,713496;-0,136841;0,170678;2,672562;-0,07985;-0,4888888;2,692667;-0,07715134;-0,8602606;2,630193;-0,07024714;-0,9202968;2,563308;0,01947637;0,1630967;2,676651;-0,03138293;-0,4492815;2,665688;-0,009567359;-0,7830275;2,636455;-0,04924995;-0,8772681;2,594047; 
-0,09158547;0,8072654;2,720403;-0,06154075;0,2500248;2,690129;-0,06507579;0,3051905;2,747251;-0,08207662;0,6380776;2,750432;-0,2593047;0,5692986;2,765971;-0,4641007;0,7276922;2,706849;-0,679689;0,8793982;2,615309;-0,7725601;0,940505;2,598422;0,1113092;0,5816615;2,771452;0,3508149;0,7745256;2,760521;0,5361294;0,9046286;2,723787;0,5992791;0,9577094;2,713674;-0,1368316;0,1707388;2,672562;-0,0798061;-0,4891314;2,692728;-0,07742856;-0,8602286;2,630205;-0,06970516;-0,9190056;2,560671;0,01949801;0,1614651;2,676417;-0,03185184;-0,4497297;2,665664;-0,009811362;-0,7800326;2,63604;-0,05064519;-0,8735033;2,592743; 
-0,09191026;0,8073568;2,720263;-0,06186961;0,2508252;2,690268;-0,06516378;0,3057241;2,747391;-0,07999268;0,6385299;2,75107;-0,2592902;0,5692852;2,765963;-0,4632717;0,7270564;2,707538;-0,6802731;0,8794068;2,615388;-0,7729509;0,940827;2,598668;0,1112332;0,5818319;2,771544;0,3508507;0,7746859;2,76044;0,5363092;0,9047018;2,72385;0,5995192;0,9577735;2,714157;-0,1382159;0,1741731;2,672664;-0,08018558;-0,4859202;2,692378;-0,07709;-0,8600001;2,630144;-0,06694575;-0,9188513;2,558184;0,01928625;0,1618896;2,676491;-0,02762437;-0,4300658;2,663677;-0,001253782;-0,7409791;2,632276;-0,03906342;-0,8398494;2,598891; 
-0,09235295;0,8079466;2,720828;-0,0620086;0,2508423;2,690325;-0,06533244;0,3057052;2,747497;-0,07999654;0,639172;2,75196;-0,259231;0,569039;2,765714;-0,4630587;0,7267188;2,707613;-0,6800324;0,8793782;2,615429;-0,772454;0,9410013;2,598144;0,1112532;0,5818312;2,771552;0,3508686;0,774811;2,760375;0,5362098;0,9050894;2,723788;0,5994455;0,9581843;2,71449;-0,138621;0,1751353;2,672662;-0,08000313;-0,4852582;2,692283;-0,07694677;-0,8592142;2,629663;-0,06855816;-0,919053;2,55894;0,01924319;0,1615521;2,676518;-0,03152533;-0,4371831;2,663672;-0,00721587;-0,7540733;2,632647;-0,04704147;-0,8521473;2,59874; 
-0,09227277;0,8073524;2,721245;-0,06201113;0,2507027;2,69032;-0,06533302;0,3055009;2,747488;-0,08004066;0,6382136;2,751815;-0,2591994;0,568884;2,76584;-0,4624194;0,7264165;2,708008;-0,6799139;0,8793078;2,615361;-0,7716801;0,9418034;2,597821;0,1112101;0,5815729;2,771559;0,3507804;0,7747207;2,760364;0,5362243;0,9049664;2,723913;0,5995032;0,9580414;2,714904;-0,1384961;0,1749106;2,67271;-0,08062916;-0,4858101;2,692391;-0,07729662;-0,8592833;2,629746;-0,06901563;-0,9187241;2,558155;0,01928696;0,1615424;2,676485;-0,02786331;-0,4280697;2,663111;-0,003357911;-0,7454852;2,632239;-0,05164193;-0,8418848;2,604563; 
-0,09217348;0,8074034;2,720989;-0,06204666;0,2506004;2,690346;-0,06532265;0,3053584;2,747527;-0,07904563;0,6387246;2,752746;-0,2591339;0,5690376;2,765891;-0,4700056;0,7327424;2,703965;-0,682705;0,8820478;2,615244;-0,7747603;0,9440364;2,597561;0,1111879;0,5816379;2,771605;0,3506894;0,7750516;2,759958;0,536279;0,9052026;2,723484;0,5995962;0,9582528;2,714752;-0,1384238;0,1750908;2,672572;-0,08114164;-0,486024;2,692453;-0,07772368;-0,8596921;2,629727;-0,06753448;-0,9186267;2,557493;0,01899248;0,1610042;2,676636;-0,03166116;-0,4473369;2,66498;-0,006901647;-0,7650067;2,634227;-0,03830634;-0,8635129;2,592619; 
-0,09215906;0,8080457;2,720729;-0,06211677;0,2502895;2,690264;-0,06542493;0,3052633;2,747447;-0,07974077;0,6390064;2,75203;-0,2591278;0,5690447;2,76591;-0,4678521;0,7305233;2,705051;-0,6821349;0,8813407;2,615065;-0,7740967;0,9434358;2,597401;0,1111984;0,5813862;2,771534;0,3505766;0,7750667;2,760143;0,5350631;0,906481;2,721444;0,5984775;0,9594829;2,713288;-0,1383455;0,1750407;2,672569;-0,08067973;-0,4863836;2,692461;-0,07708753;-0,8595371;2,629446;-0,06764961;-0,9181079;2,557078;0,01904475;0,160477;2,676589;-0,03174455;-0,4472996;2,664934;-0,00697143;-0,7649714;2,634186;-0,06281179;-0,8564659;2,603236; 
-0,09201013;0,8080061;2,720388;-0,06217778;0,2501298;2,690242;-0,06552292;0,3051464;2,74744;-0,07986232;0,6389869;2,752045;-0,2591473;0,5689086;2,765685;-0,4647354;0,7275266;2,706436;-0,6808818;0,8800948;2,615208;-0,7727279;0,9424145;2,597844;0,1112429;0,5812738;2,77153;0,3505904;0,7751148;2,760081;0,5354471;0,9061725;2,721746;0,5988736;0,9591689;2,71378;-0,1383214;0,1750376;2,672554;-0,08038308;-0,4866955;2,692648;-0,07743388;-0,8596491;2,629406;-0,06714074;-0,9196079;2,560928;0,01904226;0,160103;2,67653;-0,03184965;-0,4473458;2,664817;-0,007062133;-0,7650143;2,634078;-0,05688661;-0,8587623;2,599442; 
-0,09207217;0,8073738;2,720666;-0,06220399;0,2501361;2,690316;-0,06553844;0,3049991;2,747583;-0,07969886;0,6386135;2,753159;-0,2592392;0,5690495;2,765778;-0,4646547;0,7274845;2,706558;-0,6834185;0,882803;2,614296;-0,7759261;0,9441375;2,597079;0,1112393;0,5812566;2,771555;0,3505656;0,7752567;2,75996;0,5357668;0,9059702;2,721865;0,5991936;0,9589666;2,714074;-0,1382523;0,1753175;2,672541;-0,08034505;-0,4867791;2,692695;-0,07755201;-0,8593161;2,629546;-0,0668737;-0,9195403;2,560593;0,01901789;0,1600109;2,676577;-0,03217908;-0,4481125;2,664928;-0,007368576;-0,7657713;2,634193;-0,05129579;-0,8617277;2,597292; 
-0,09265631;0,8080516;2,720645;-0,06214887;0,250192;2,690324;-0,0655249;0,3051396;2,747586;-0,0796598;0,6390873;2,752823;-0,2592702;0,5690263;2,765831;-0,4643952;0,7273132;2,706667;-0,6818448;0,8820055;2,615003;-0,7743952;0,9431643;2,59752;0,1116227;0,5811663;2,771888;0,3507965;0,7754899;2,759988;0,5361438;0,9061848;2,722421;0,5994533;0,9592022;2,713996;-0,1381523;0,175265;2,672594;-0,08037499;-0,4871199;2,692576;-0,07698769;-0,8593628;2,629257;-0,05558673;-0,9196401;2,563521;0,01933132;0,1602802;2,676556;-0,02826763;-0,4285526;2,664144;-0,003371475;-0,7461901;2,63343;-0,04449556;-0,8447669;2,599872; 
-0,0924351;0,8074125;2,720273;-0,06201985;0,2492646;2,690286;-0,06552312;0,3043524;2,747591;-0,08080339;0,6384374;2,75293;-0,2593876;0,5692267;2,766028;-0,4640943;0,7270951;2,707008;-0,6811745;0,8808645;2,614991;-0,7734381;0,9424924;2,59774;0,1109101;0,5806417;2,771533;0,3503373;0,7747402;2,759979;0,5358021;0,9053539;2,722373;0,5989618;0,9584622;2,713519;-0,1373986;0,1747885;2,672478;-0,08033688;-0,4878865;2,692695;-0,07709802;-0,8597192;2,629336;-0,05708345;-0,9192458;2,561958;0,0195223;0,1592646;2,676542;-0,0342549;-0,4456733;2,664994;-0,009332477;-0,7633215;2,634287;-0,03857946;-0,8629222;2,592001; 
-0,09248521;0,8079494;2,720127;-0,06204443;0,2493503;2,690315;-0,06553522;0,30446;2,747657;-0,08062193;0,6391287;2,753369;-0,2593759;0,5693483;2,766047;-0,4636796;0,7261967;2,707276;-0,6826699;0,8827665;2,614305;-0,7752719;0,9441297;2,598068;0,1108894;0,5807821;2,771525;0,350518;0,774751;2,759866;0,5363003;0,9049625;2,722041;0,5994217;0,9579473;2,712338;-0,1372775;0,1755902;2,67224;-0,08007687;-0,4873946;2,692641;-0,07755726;-0,8600292;2,629802;-0,05087438;-0,9196653;2,561435;0,01946238;0,1592174;2,676631;-0,03512891;-0,4480725;2,665215;-0,01020243;-0,7657218;2,634509;-0,03541716;-0,8659696;2,59083; 
-0,09259687;0,8080814;2,72012;-0,06197829;0,2496026;2,690356;-0,06546548;0,3046599;2,747679;-0,08032548;0,6390934;2,753183;-0,2594299;0,5692881;2,766046;-0,4635865;0,7261845;2,707334;-0,6836362;0,8837426;2,613719;-0,7764723;0,9448075;2,597834;0,1109526;0,5805267;2,771575;0,3504988;0,774714;2,759836;0,53652;0,9046482;2,721872;0,5995963;0,957591;2,711779;-0,1372552;0,1757434;2,672288;-0,08014859;-0,4875181;2,692766;-0,07717556;-0,8599878;2,629863;-0,05524987;-0,9185886;2,558039;0,01962271;0,1595081;2,676671;-0,0287163;-0,4310403;2,663706;-0,003781451;-0,7486922;2,633003;-0,03794627;-0,8487693;2,594976; 
-0,09249751;0,8087811;2,720373;-0,06213827;0,250343;2,690392;-0,06547646;0,3053085;2,747723;-0,07947674;0,6396157;2,753166;-0,2594967;0,5693347;2,766088;-0,4635402;0,7261061;2,707312;-0,683255;0,8828436;2,614717;-0,7758106;0,9441537;2,598273;0,1108992;0,5806287;2,771626;0,3506597;0,7746773;2,759701;0,536696;0,9047668;2,722202;0,5996953;0,9577238;2,711813;-0,1375649;0,1765307;2,672241;-0,08018734;-0,4869647;2,692735;-0,07708805;-0,8599792;2,629916;-0,05792196;-0,9193609;2,559911;0,01938563;0,1602723;2,676733;-0,02775575;-0,4277951;2,663486;-0,00281954;-0,7454476;2,632783;-0,03515175;-0,8468499;2,596187; 
-0,09241619;0,8089241;2,72034;-0,06251901;0,2501079;2,690467;-0,06574989;0,3051784;2,747817;-0,07945383;0,6397184;2,753316;-0,2595045;0,5693257;2,766097;-0,4635046;0,7261207;2,707383;-0,6845137;0,8836098;2,61501;-0,7770088;0,9450781;2,598943;0,1110923;0,5802477;2,771724;0,3506289;0,7746937;2,759607;0,5365865;0,9050409;2,72243;0,5994645;0,9580528;2,711696;-0,1379977;0,176404;2,672233;-0,08005723;-0,4873468;2,692786;-0,07604827;-0,8607911;2,629477;-0,06122616;-0,9209896;2,561793;0,01888855;0,1597435;2,676825;-0,03476603;-0,4436082;2,665016;-0,009827383;-0,7612613;2,634314;-0,04021091;-0,861896;2,593735; 
-0,0920983;0,8062713;2,720929;-0,06268492;0,249462;2,690429;-0,06612445;0,304259;2,747732;-0,08139462;0,636181;2,75248;-0,2596529;0,569326;2,76605;-0,463065;0,7255437;2,707705;-0,6830217;0,8824766;2,614551;-0,7754471;0,9440435;2,598581;0,1110516;0,5799478;2,771885;0,350507;0,7746124;2,759607;0,536878;0,9044857;2,7226;0,5992115;0,9580513;2,711542;-0,1379398;0,1755692;2,672175;-0,08012961;-0,4884549;2,692781;-0,07598915;-0,8607292;2,629428;-0,05682136;-0,9207187;2,563475;0,01892195;0,1592;2,676809;-0,03492173;-0,4447584;2,664778;-0,009982847;-0,7624116;2,634075;-0,04187179;-0,8626544;2,593323; 
-0,09193901;0,8061211;2,720897;-0,06241324;0,2492802;2,690467;-0,0656753;0,3040768;2,747772;-0,07846249;0,6360614;2,75232;-0,2596282;0,5690608;2,765899;-0,4629946;0,7255551;2,707774;-0,6823738;0,8812881;2,614297;-0,7746485;0,9431207;2,598601;0,1110958;0,5804636;2,772033;0,3508978;0,7748304;2,759455;0,5375018;0,9043413;2,721817;0,5992711;0,9583747;2,709988;-0,1377748;0,1754029;2,672132;-0,0800945;-0,4889231;2,692761;-0,07595646;-0,8609077;2,629134;-0,05577161;-0,9209979;2,56338;0,01907784;0,1590442;2,676944;-0,03492742;-0,4462978;2,664859;-0,008619069;-0,7671766;2,635544;-0,02741055;-0,8701132;2,593075; 
-0,09187705;0,8061968;2,720553;-0,06278653;0,248918;2,690445;-0,06614283;0,3037512;2,747756;-0,08004738;0,636044;2,752309;-0,2596282;0,5690771;2,765904;-0,4629508;0,7254478;2,707669;-0,6823481;0,8812978;2,614546;-0,774601;0,943056;2,598541;0,1107908;0,5801045;2,771834;0,3505207;0,7746796;2,759136;0,5371796;0,9042634;2,721833;0,5986995;0,958524;2,709826;-0,1378989;0,1752597;2,672177;-0,07974327;-0,4893178;2,692594;-0,07607018;-0,8604053;2,629107;-0,06933845;-0,9221865;2,566853;0,01886806;0,1588048;2,676882;-0,03497085;-0,4463707;2,664854;-0,008411429;-0,7676922;2,635838;-0,04497305;-0,8680104;2,598723; 
-0,09184037;0,8055586;2,720824;-0,06245273;0,2482256;2,690584;-0,06576412;0,3030379;2,747904;-0,07928551;0,6353074;2,75249;-0,259625;0,5690714;2,7659;-0,4629523;0,725448;2,707668;-0,6825204;0,8812135;2,614583;-0,7747084;0,9425111;2,596665;0,1104409;0,5795234;2,771821;0,3501592;0,7742209;2,759109;0,5366952;0,9040331;2,721608;0,5979346;0,9585462;2,709397;-0,137526;0,174803;2,672193;-0,07957339;-0,4900481;2,692479;-0,07625633;-0,8608098;2,629297;-0,06288034;-0,9217778;2,563695;0,01905168;0,1581656;2,67715;-0,03497363;-0,4472074;2,665026;-0,007890415;-0,7694315;2,636576;-0,0385171;-0,869943;2,594584; 
-0,09187488;0,8060196;2,720063;-0,06244285;0,2482104;2,690574;-0,06573327;0,3030843;2,747897;-0,07895633;0,635909;2,752262;-0,2596024;0,5691887;2,766002;-0,4622733;0,7247679;2,708015;-0,68264;0,8810798;2,614631;-0,7747341;0,9424766;2,596674;0,1103985;0,5796354;2,771822;0,3502571;0,7742577;2,759205;0,5368506;0,9040396;2,721521;0,5978463;0,9587712;2,709153;-0,137494;0,1748188;2,672201;-0,07952638;-0,4903278;2,69251;-0,07555493;-0,8615814;2,62866;-0,06191979;-0,922691;2,565094;0,01903018;0,1581034;2,677141;-0,03479357;-0,4495213;2,665508;-0,007115303;-0,7726062;2,637641;-0,03218259;-0,8735439;2,592796; 
-0,09182665;0,8066594;2,719681;-0,06251666;0,2479422;2,690538;-0,0659553;0,3030321;2,747799;-0,08138509;0,635671;2,750472;-0,2596059;0,5691826;2,76597;-0,4622864;0,7247629;2,708024;-0,6824237;0,880852;2,614637;-0,7743191;0,9421884;2,595584;0,1104259;0,5795932;2,771832;0,3502607;0,7743477;2,759249;0,5367852;0,9040393;2,720117;0,5982385;0,958327;2,708139;-0,137394;0,1746102;2,672272;-0,07947013;-0,4908108;2,692527;-0,07553621;-0,8615882;2,628683;-0,06486614;-0,9219329;2,563632;0,01911658;0,1576103;2,677236;-0,03517998;-0,45047;2,665738;-0,007291905;-0,7737235;2,638085;-0,03238809;-0,8744912;2,592619; 
-0,09178225;0,8064915;2,719825;-0,06243277;0,2479774;2,690578;-0,06574828;0,3030522;2,747842;-0,07896385;0,6355756;2,750679;-0,2595923;0,5692243;2,765996;-0,461837;0,72475;2,708254;-0,684693;0,8824548;2,612874;-0,7767445;0,9438708;2,594982;0,1104805;0,579693;2,771893;0,3506123;0,7741737;2,759513;0,5369453;0,9041563;2,720016;0,5985941;0,9582394;2,708219;-0,1373602;0,1746388;2,672275;-0,08052857;-0,4911731;2,692623;-0,07590887;-0,8618546;2,628786;-0,06294574;-0,9221497;2,563416;0,01911748;0,157619;2,677315;-0,03519462;-0,4504589;2,665712;-0,00728097;-0,7737237;2,638086;-0,03027593;-0,8749871;2,592397; 
-0,09180884;0,8075587;2,719876;-0,06262857;0,2479721;2,690632;-0,06590975;0,3031024;2,747891;-0,07883146;0,6366751;2,751049;-0,2595741;0,5691865;2,765915;-0,4616299;0,7242078;2,708568;-0,6843699;0,8820282;2,613225;-0,7762794;0,9441855;2,597342;0,1106291;0,5796646;2,772027;0,3506711;0,7743797;2,759335;0,5370119;0,9044621;2,719983;0,5989569;0,9582671;2,708527;-0,1376834;0,174686;2,672324;-0,08042285;-0,4913728;2,692617;-0,07463907;-0,8623579;2,628726;-0,06396249;-0,9232311;2,565728;0,01882863;0,1574885;2,67742;-0,03528221;-0,4511923;2,665969;-0,007196632;-0,7746118;2,63852;-0,03051339;-0,8755492;2,592033; 
-0,09277557;0,8064562;2,719525;-0,06276794;0,2478547;2,690614;-0,06617169;0,3029141;2,747834;-0,08038948;0,6353782;2,750604;-0,2595626;0,5691106;2,765857;-0,4618795;0,7242133;2,708274;-0,6837956;0,8808056;2,614007;-0,7752711;0,9423283;2,593809;0,110541;0,5794799;2,771943;0,3505727;0,7743108;2,759269;0,536962;0,9043636;2,719687;0,5990557;0,9580569;2,708572;-0,1378166;0,1744021;2,67234;-0,0805192;-0,4918972;2,692672;-0,07487382;-0,8622603;2,628828;-0,06386846;-0,9227297;2,565286;0,01882639;0,1574949;2,67742;-0,03456873;-0,4391452;2,663684;-0,005941677;-0,7628663;2,63668;-0,03830599;-0,8632578;2,594336; 
-0,09274417;0,8065615;2,719472;-0,06280876;0,2477639;2,690665;-0,06616342;0,3027512;2,74789;-0,07955045;0,6359408;2,75175;-0,2595689;0,5690868;2,765856;-0,4619732;0,724422;2,708233;-0,6834399;0,8802267;2,61454;-0,7747225;0,9417002;2,593389;0,1104596;0,5795536;2,771924;0,3509524;0,7739387;2,75893;0,5370978;0,9044721;2,719602;0,5992281;0,9581352;2,708595;-0,1378547;0,1743663;2,672344;-0,08042084;-0,4921809;2,692651;-0,0753763;-0,8625063;2,628976;-0,06515367;-0,9213191;2,562552;0,01870664;0,1573996;2,677457;-0,03554426;-0,4443115;2,664568;-0,006724081;-0,7680147;2,637694;-0,0384495;-0,867505;2,592535; 
-0,09257875;0,8063608;2,720197;-0,06296728;0,2478167;2,690711;-0,06637291;0,3027462;2,747931;-0,0805087;0,6352373;2,751721;-0,2597991;0,5692761;2,765955;-0,4723331;0,7342619;2,703115;-0,6825643;0,8795704;2,614192;-0,7738925;0,9416255;2,595065;0,1105207;0,5795873;2,771948;0,3510242;0,7740942;2,75906;0,537228;0,90473;2,72009;0,599521;0,9582404;2,709294;-0,1379715;0,1743959;2,672394;-0,08047757;-0,4924294;2,692687;-0,07563018;-0,8619201;2,629239;-0,04455962;-0,9230964;2,547231;0,01869146;0,1573919;2,677461;-0,03604585;-0,4454711;2,664647;-0,007156458;-0,7691566;2,637816;-0,06624379;-0,8566772;2,595394; 
-0,09271743;0,805893;2,719416;-0,06297638;0,2477994;2,690727;-0,06637827;0,3027798;2,747937;-0,08024826;0,6347793;2,751136;-0,2601057;0,5693737;2,766036;-0,4677438;0,7293538;2,704329;-0,6826224;0,8793525;2,614126;-0,7738729;0,9415129;2,595023;0,1105168;0,5795124;2,772016;0,3509793;0,7741893;2,759114;0,5373393;0,9045149;2,719214;0,5989826;0,9579402;2,704894;-0,1380309;0,1742795;2,672547;-0,08039959;-0,4927932;2,692684;-0,0752159;-0,8618301;2,629269;-0,05842468;-0,9205487;2,555196;0,0186906;0,157345;2,677486;-0,03624482;-0,4469752;2,664774;-0,007312154;-0,7710563;2,637376;-0,03196944;-0,8735912;2,59429; 
-0,09256077;0,8059925;2,719458;-0,06311889;0,2476813;2,690799;-0,06676798;0,3026707;2,747997;-0,08403667;0,6342638;2,750534;-0,2602392;0,5693905;2,766047;-0,463792;0,7244532;2,7062;-0,671078;0,8714708;2,617463;-0,7622329;0,9335409;2,597563;0,1105179;0,5794446;2,772023;0,3511384;0,774051;2,758724;0,5376272;0,9044852;2,71991;0,5988934;0,9580931;2,704639;-0,1380306;0,1736406;2,672895;-0,08052036;-0,4936709;2,692706;-0,07524426;-0,8618968;2,629239;-0,06046277;-0,9211159;2,556276;0,01872003;0,1573643;2,677505;-0,03483811;-0,4428695;2,663975;-0,005794577;-0,7670763;2,63585;-0,03114474;-0,8700538;2,593915; 
-0,0929141;0,8060344;2,720072;-0,06394902;0,247651;2,690988;-0,06780353;0,302611;2,748137;-0,08599982;0,6338058;2,750376;-0,2607797;0,5695611;2,766307;-0,4637978;0,7244412;2,706231;-0,681684;0,8790157;2,613293;-0,7732785;0,9408761;2,594885;0,1104884;0,5791921;2,771865;0,351101;0,7739094;2,758455;0,5377744;0,9041457;2,719591;0,5988199;0,9576406;2,703136;-0,138743;0,1736534;2,673131;-0,07995029;-0,4938387;2,692568;-0,0751596;-0,8612806;2,629415;-0,06003366;-0,9222789;2,558823;0,01844103;0,1571979;2,677626;-0,03511507;-0,4444829;2,664216;-0,006044198;-0,7688364;2,635788;-0,04541764;-0,8689463;2,597565; 
-0,09307091;0,8066013;2,720731;-0,06406029;0,2473476;2,69111;-0,06790698;0,3024716;2,748186;-0,08609755;0,6339205;2,750176;-0,2610817;0,5695004;2,766379;-0,4638146;0,7243353;2,706216;-0,6808515;0,8775672;2,613269;-0,7719649;0,9400685;2,594744;0,1103027;0,5788279;2,77181;0,3508422;0,77377;2,757826;0,5376344;0,9040131;2,71948;0,598025;0,9576818;2,701326;-0,1388094;0,1732707;2,673391;-0,08012736;-0,494488;2,692654;-0,07587145;-0,8617322;2,629451;-0,06176511;-0,9221948;2,558977;0,01841611;0,1568135;2,677859;-0,03552917;-0,4463039;2,664441;-0,006433121;-0,7707589;2,63575;-0,03995308;-0,8713878;2,593219; 
-0,09283283;0,8068081;2,720675;-0,06441648;0,2476929;2,691499;-0,06816322;0,3027647;2,74857;-0,08591363;0,6343086;2,750819;-0,2621327;0,5699861;2,76679;-0,4641296;0,7242211;2,70646;-0,6847816;0,8785703;2,610334;-0,7764106;0,9391391;2,588405;0,1101919;0,5786052;2,771823;0,3508839;0,7735106;2,756905;0,5379676;0,903517;2,719131;0,5981487;0,9572198;2,700478;-0,1394273;0,1733129;2,673815;-0,08009575;-0,4946396;2,69269;-0,07590419;-0,861461;2,629439;-0,05618121;-0,9217978;2,561641;0,01825967;0,1572333;2,678103;-0,03000879;-0,4339682;2,663646;-0,0008471215;-0,7585585;2,634391;-0,05684972;-0,8509101;2,596606; 
-0,09296223;0,8068426;2,721167;-0,06473438;0,2468127;2,692151;-0,06850941;0,3019761;2,749284;-0,08674255;0,6348128;2,752764;-0,2622693;0,5697904;2,76693;-0,4635089;0,7216559;2,707319;-0,6850698;0,8781459;2,609268;-0,7767325;0,938902;2,588127;0,1095754;0,5778009;2,771495;0,3503076;0,7727485;2,756518;0,5374521;0,9027432;2,718763;0,5976757;0,9553566;2,697412;-0,1395284;0,1725854;2,674443;-0,08056331;-0,4956409;2,692541;-0,07494819;-0,862103;2,628807;-0,05689415;-0,9209487;2,559331;0,01808819;0,1566979;2,678442;-0,03144874;-0,4412183;2,664454;-0,002256916;-0,7658446;2,634998;-0,01453751;-0,8658119;2,580402; 
-0,09293959;0,8059174;2,721761;-0,0650308;0,2463696;2,692553;-0,06908716;0,3014304;2,749689;-0,08933644;0,6335275;2,752917;-0,2625947;0,5695674;2,766951;-0,4632019;0,7206671;2,707616;-0,6917995;0,8810539;2,60531;-0,7814382;0,9416575;2,585706;0,109623;0,5776716;2,771641;0,3509066;0,772063;2,755861;0,5379382;0,9020317;2,716776;0,5972738;0,9537411;2,691243;-0,1396109;0,1721828;2,674814;-0,08048786;-0,4962479;2,692547;-0,07505447;-0,862307;2,628767;-0,05732009;-0,920737;2,559109;0,01817363;0,1559075;2,679019;-0,03262354;-0,4439518;2,66453;-0,003421014;-0,7685928;2,634995;-0,03883547;-0,8682952;2,590779; 
-0,0930169;0,8065335;2,721747;-0,06528368;0,2469878;2,693389;-0,06929202;0,3020208;2,750582;-0,08859694;0,6347278;2,754468;-0,2632662;0,5696461;2,767206;-0,4636088;0,7206542;2,707694;-0,6929926;0,8813316;2,605793;-0,7814982;0,9403517;2,586624;0,1097753;0,5774752;2,77198;0,3518544;0,7710596;2,75425;0,5387708;0,9011363;2,714534;0,5975091;0,9527972;2,687657;-0,1401208;0,1728829;2,675792;-0,07996178;-0,4957569;2,6927;-0,07609773;-0,8622091;2,629585;-0,05415639;-0,9211199;2,565224;0,01810929;0,1560202;2,679355;-0,03290506;-0,4447793;2,664502;-0,003698394;-0,7694276;2,634935;-0,06108278;-0,8639632;2,604237; 
-0,09320671;0,8065174;2,721859;-0,06554911;0,2469352;2,693719;-0,06969867;0,3019827;2,750902;-0,08998138;0,6345572;2,754506;-0,2633248;0,5696236;2,767385;-0,463837;0,7204533;2,707837;-0,6924427;0,8805476;2,606998;-0,7792059;0,9379483;2,58663;0,109677;0,5770822;2,771977;0,3382992;0,7618971;2,753298;0,5272217;0,8924586;2,712584;0,5848538;0,9439325;2,683181;-0,1402216;0,1729205;2,676235;-0,07990179;-0,4959694;2,69278;-0,07679621;-0,8617864;2,63002;-0,05941618;-0,9197657;2,560365;0,01802582;0,1559321;2,679661;-0,03293332;-0,4449466;2,664511;-0,003724657;-0,7695969;2,634933;-0,05620235;-0,8654327;2,59947; 
-0,09308078;0,8067497;2,722296;-0,06558398;0,2466764;2,693887;-0,06975496;0,3018361;2,750996;-0,08960746;0,6343889;2,75421;-0,2631047;0,5692664;2,767349;-0,4635879;0,7192689;2,708095;-0,6877003;0,8766252;2,608719;-0,7773102;0,9357609;2,588415;0,109467;0,5763106;2,772223;0,3430009;0,7641769;2,751965;0,5299433;0,8941877;2,711859;0,5877352;0,945681;2,682891;-0,1402286;0,1727915;2,676455;-0,07982647;-0,4963266;2,692856;-0,07716412;-0,8621798;2,629737;-0,06239829;-0,919201;2,559368;0,01791008;0,1556312;2,680013;-0,03355935;-0,4457933;2,664762;-0,004341739;-0,7704411;2,635153;-0,05361468;-0,8672068;2,597362; 
-0,09335553;0,8053996;2,723123;-0,0655893;0,2466782;2,694122;-0,06964021;0,3016625;2,751235;-0,08676375;0,6330221;2,755015;-0,2634462;0,5691818;2,767488;-0,4637983;0,7186676;2,708412;-0,6853213;0,87269;2,610078;-0,7764181;0,9340311;2,589206;0,1092458;0,5759304;2,772319;0,3436609;0,76451;2,751826;0,531097;0,8940724;2,71288;0,5893546;0,9454854;2,684772;-0,1403771;0,1728392;2,67663;-0,07977358;-0,4965109;2,693101;-0,07800309;-0,8618942;2,630548;-0,02711248;-0,9221063;2,546613;0,01780293;0,1555457;2,680314;-0,03372009;-0,4462174;2,664879;-0,004499181;-0,770865;2,635254;-0,05257474;-0,8681114;2,596622; 
-0,09350218;0,8042924;2,724038;-0,06563298;0,246264;2,694337;-0,06968961;0,3010603;2,751454;-0,08701421;0,6314256;2,755036;-0,2636307;0,5684842;2,767936;-0,4639241;0,7180842;2,709056;-0,6848602;0,8719589;2,610223;-0,7761208;0,93319;2,589882;0,1093816;0,574624;2,77255;0,3388541;0,7614262;2,752054;0,526447;0,890852;2,71347;0,5847229;0,9422134;2,685359;-0,1404162;0,172319;2,676955;-0,0807757;-0,4973494;2,693384;-0,07797565;-0,8618013;2,630562;-0,06045352;-0,9183841;2,551504;0,01784342;0,1551357;2,680442;-0,03391474;-0,4467418;2,664957;-0,004691369;-0,7713914;2,635316;-0,05146632;-0,8687181;2,594982; 
-0,0934288;0,8045489;2,724293;-0,06540175;0,2464629;2,694703;-0,06930292;0,301239;2,751823;-0,08585098;0,6317021;2,755443;-0,2637238;0,5679355;2,76826;-0,4643864;0,7177614;2,709289;-0,6840806;0,871075;2,610581;-0,7755111;0,9321585;2,590693;0,1094035;0,5745908;2,772561;0,3438317;0,765951;2,75075;0,531467;0,8954884;2,712879;0,5898438;0,9467553;2,684857;-0,140344;0,1722133;2,677353;-0,08093683;-0,4976898;2,693455;-0,07766753;-0,8615197;2,630571;-0,06130435;-0,9180693;2,551689;0,01812367;0,1557127;2,680799;-0,02899827;-0,4298658;2,664111;0,0002350138;-0,7545327;2,634391;-0,04527673;-0,8540623;2,597743; 
-0,09358068;0,8046802;2,72406;-0,06559095;0,2464167;2,694839;-0,06940734;0,3012402;2,751918;-0,08599254;0,6318004;2,755373;-0,2639487;0,5679172;2,768711;-0,465924;0,7190225;2,710266;-0,6812392;0,8687355;2,61234;-0,7727875;0,9296622;2,592616;0,1093512;0,5743151;2,772568;0,3438694;0,7661167;2,750699;0,5314519;0,8954924;2,711371;0,5902536;0,9472651;2,685272;-0,1406077;0,1721826;2,677648;-0,08086481;-0,4979434;2,693515;-0,07770143;-0,8615335;2,630581;-0,06387281;-0,9183506;2,553539;0,0179544;0,1556053;2,680892;-0,03415892;-0,4413071;2,665553;-0,004919745;-0,7659731;2,635806;-0,0427089;-0,8658554;2,591723; 
-0,08597891;0,7994936;2,717727;-0,0275554;0,2349806;2,725804;-0,02388474;0,2956005;2,774878;-0,02705433;0,6236394;2,746183;-0,1956399;0,4787469;2,793682;-0,2073387;0,2313264;2,804972;-0,2593662;0,01277444;2,745641;-0,2760182;-0,09362342;2,716083;0,1417771;0,5758218;2,77421;0,3857195;0,7653518;2,775038;0,5845226;0,9075478;2,767767;0,6684577;0,9801359;2,755223;-0,1109918;0,1483632;2,73761;-0,02098501;-0,5174722;2,682924;-0,04558603;-0,8606168;2,621259;-0,03727342;-0,9319615;2,575136;0,04981072;0,1578779;2,696757;0,01237329;-0,4613361;2,672503;-0,01237288;-0,821895;2,638979;0,01213066;-0,9057931;2,563602; 
-0,08535191;0,7984991;2,716958;-0,02840287;0,2345066;2,726061;-0,02419099;0,2954341;2,773558;-0,02656288;0,6236047;2,746303;-0,1929753;0,4851802;2,794582;-0,2079905;0,2326094;2,805025;-0,2515484;0,01152153;2,749499;-0,2626633;-0,06495465;2,720559;0,1414163;0,574988;2,77326;0,3845838;0,7653116;2,774565;0,5819587;0,9059821;2,763131;0,6662301;0,9788301;2,755637;-0,1115826;0,1486953;2,738124;-0,02142189;-0,5167774;2,682638;-0,04399414;-0,8619093;2,620906;-0,03743567;-0,9336421;2,575166;0,04899471;0,1579027;2,697283;0,01233493;-0,4598791;2,671667;-0,01251881;-0,8220863;2,639312;0,01148291;-0,9060836;2,563843; 
-0,08507562;0,7964045;2,717027;-0,02911841;0,2347668;2,726976;-0,02479074;0,2957199;2,772907;-0,02717442;0,6231542;2,746492;-0,1935739;0,4845534;2,795549;-0,2082074;0,2328698;2,80554;-0,2473345;0,01270689;2,741256;-0,2570526;-0,06510942;2,715598;0,1414691;0,5747889;2,772881;0,3847069;0,765163;2,774388;0,5800312;0,9057352;2,760474;0,6643668;0,9785277;2,753352;-0,1121591;0,1505239;2,743445;-0,02451155;-0,5144281;2,679634;-0,05214474;-0,8666515;2,61874;-0,01905733;-0,9327282;2,576163;0,0488722;0,1578609;2,697289;0,01322752;-0,4605165;2,669585;-0,0149908;-0,8286517;2,638902;-0,002870448;-0,9082654;2,574263; 
-0,08691932;0,7924421;2,718461;-0,02983256;0,2336329;2,727278;-0,02501098;0,2942462;2,772228;-0,02899704;0,6203727;2,748286;-0,1958556;0,4796612;2,798037;-0,2083115;0,2330542;2,805387;-0,2474948;0,01256372;2,742253;-0,2576926;-0,06522219;2,716681;0,1399307;0,5720171;2,77032;0,382238;0,7636335;2,772522;0,5707746;0,9041157;2,758282;0,6579709;0,9736654;2,753547;-0,11245;0,1497135;2,744381;-0,02740856;-0,5140541;2,666208;-0,05859562;-0,8631994;2,607441;-0,01461748;-0,9320135;2,582999;0,04858634;0,156488;2,696437;0,01368891;-0,4639489;2,663061;-0,0165567;-0,8303753;2,638243;-0,00576396;-0,9099097;2,575395; 
-0,08910061;0,7897155;2,717698;-0,03358572;0,2297214;2,728117;-0,02797377;0,2909199;2,772371;-0,03006139;0,6193169;2,749836;-0,1986127;0,4760153;2,799112;-0,2086641;0,2342134;2,803761;-0,2468603;0,01236509;2,745883;-0,2498581;-0,01742678;2,730195;0,1385745;0,570205;2,769489;0,3807583;0,7619978;2,772561;0,572963;0,9051355;2,758687;0,6605241;0,9741315;2,752429;-0,1155639;0,1453869;2,747405;-0,1904848;-0,2770621;2,483262;-0,272029;-0,5030363;2,615521;-0,2771002;-0,5879135;2,620579;0,04397436;0,151974;2,694168;0,007824609;-0,4708834;2,645108;-0,01978964;-0,8410027;2,633805;-0,00747133;-0,9118482;2,576213; 
-0,09078116;0,7883001;2,718797;-0,03429119;0,2296644;2,727746;-0,02920868;0,2899785;2,771697;-0,03967305;0,6115278;2,753683;-0,1998965;0,4729024;2,8001;-0,2146188;0,2099723;2,799759;-0,2493538;-0,01235707;2,740992;-0,2610617;-0,09019005;2,716168;0,1369481;0,568936;2,770288;0,3790771;0,7609223;2,773816;0,570981;0,9041606;2,759205;0,6570219;0,9747124;2,749872;-0,1156682;0,1454929;2,747245;-0,1551755;-0,1869909;2,36676;-0,2606348;-0,5007379;2,546468;-0,2698741;-0,5380223;2,453997;0,04380024;0,1521665;2,692818;0,0064253;-0,4713723;2,64124;-0,020788;-0,8427539;2,63288;-0,007712647;-0,9124524;2,575983; 
-0,09368683;0,785695;2,718531;-0,03657158;0,2295827;2,727985;-0,03260564;0,2890289;2,772128;-0,04663707;0,6077456;2,755805;-0,2014401;0,4710351;2,800324;-0,2242251;0,1747481;2,79239;-0,2469226;-0,04422243;2,713603;-0,259559;-0,123001;2,692485;0,1346789;0,5694132;2,771474;0,3728588;0,7635475;2,789912;0,5686748;0,9025058;2,763231;0,660382;0,9661959;2,764586;-0,1176338;0,145764;2,748717;-0,1544413;-0,1853063;2,366831;-0,2589923;-0,5004562;2,545472;-0,2681814;-0,5375961;2,452917;0,04310238;0,1521126;2,691492;0,005824872;-0,4718227;2,638604;-0,02208685;-0,8452677;2,630059;-0,008064196;-0,9128828;2,575326; 
-0,09799848;0,7843358;2,719655;-0,04189348;0,2241707;2,72511;-0,03742506;0,2843927;2,770812;-0,04975289;0,6090993;2,757713;-0,2032152;0,4691113;2,798521;-0,2251888;0,1737735;2,789599;-0,2495529;-0,04030475;2,696445;-0,2604762;-0,118997;2,674087;0,1282522;0,5675277;2,770905;0,3678696;0,7596788;2,790948;0,5619535;0,8974451;2,778497;0,6548562;0,9593672;2,776706;-0,1195051;0,1420322;2,745401;-0,153619;-0,1873813;2,362076;-0,2609316;-0,5038403;2,537825;-0,2702267;-0,5406266;2,44512;0,03625466;0,1481771;2,68723;0,006064047;-0,4724368;2,636138;-0,02212824;-0,8463322;2,628555;-0,008154185;-0,913088;2,575297; 
-0,09882434;0,7839896;2,718838;-0,04387057;0,2239095;2,723763;-0,0400098;0,2838334;2,770057;-0,05124722;0,6095745;2,757526;-0,2049337;0,4698344;2,795193;-0,2276311;0,1735087;2,786761;-0,248516;-0,04213287;2,696681;-0,2594837;-0,1206096;2,673591;0,1280914;0,5680269;2,771569;0,3665345;0,7606289;2,796218;0,5614359;0,8983764;2,785136;0,6547351;0,9597225;2,786124;-0,1210636;0,1416039;2,742964;-0,1534856;-0,1857699;2,35798;-0,2920754;-0,489034;2,535367;-0,3003323;-0,5256705;2,44257;0,03426915;0,1478485;2,686012;0,005352193;-0,4724621;2,635157;-0,02252905;-0,8485016;2,626149;-0,007935843;-0,9144621;2,57441; 
-0,09994988;0,7837924;2,717862;-0,04444157;0,2262592;2,723291;-0,04122796;0,2859368;2,769853;-0,05259579;0,6123351;2,756361;-0,2076989;0,4706126;2,792366;-0,2259215;0,2278392;2,769473;-0,2504936;-0,00542844;2,6949;-0,253591;-0,07692312;2,735934;0,12667;0,5692858;2,772407;0,3638301;0,7606937;2,806751;0,5596366;0,9006247;2,800291;0,6499768;0,9660922;2,803233;-0,1225249;0,144475;2,743029;-0,1552962;-0,1792074;2,354994;-0,3176951;-0,4743828;2,527163;-0,3249063;-0,5110258;2,43436;0,03509165;0,1498091;2,68504;0,004764477;-0,4720986;2,634551;-0,02634898;-0,8492858;2,620837;-0,007526761;-0,9167213;2,572585; 
-0,1009038;0,7843146;2,718134;-0,04806647;0,2241931;2,72086;-0,04524815;0,2841518;2,768472;-0,05360977;0,6131861;2,75618;-0,2090251;0,4670746;2,785734;-0,2260564;0,2279982;2,769442;-0,2509127;-0,004950362;2,694411;-0,2630304;-0,08158652;2,722333;0,1256737;0,5695736;2,773823;0,3625472;0,7600411;2,812238;0,5586606;0,9003085;2,808455;0,64428;0,9693018;2,82731;-0,1256609;0,1417443;2,738329;-0,156861;-0,1796565;2,348475;-0,3305602;-0,4649931;2,525947;-0,3359028;-0,5014124;2,432914;0,03016637;0,148056;2,683354;0,004274219;-0,4721636;2,633627;-0,02862948;-0,8509109;2,617208;-0,006806547;-0,9189615;2,571109; 
-0,1010148;0,7864743;2,717569;-0,05221444;0,2260602;2,719944;-0,05065863;0,2854578;2,768288;-0,05428455;0,6141377;2,756131;-0,2058803;0,5073432;2,776937;-0,2267898;0,2318924;2,768413;-0,2520563;-0,003536318;2,693174;-0,282665;-0,0763818;2,669678;0,1246917;0,5706166;2,774977;0,3621234;0,7584738;2,819306;0,5580506;0,901819;2,817201;0,6137691;0,9625646;2,816274;-0,1288239;0,1465707;2,735515;-0,1421957;-0,1259687;2,308199;-0,3207686;-0,4128923;2,479864;-0,3222317;-0,4490919;2,386688;0,02125661;0,1511859;2,6842;0,002757589;-0,4700013;2,632545;-0,03236729;-0,850617;2,614284;-0,00801803;-0,9192548;2,570503; 
-0,1018975;0,7878189;2,716847;-0,05344396;0,2262464;2,719159;-0,0520218;0,285758;2,767658;-0,05585515;0,6151371;2,754353;-0,2101359;0,5020577;2,777737;-0,2279287;0,2310835;2,768431;-0,253666;-0,005397975;2,691793;-0,2893786;-0,07369503;2,662612;0,1229171;0,570909;2,775745;0,3595701;0,7572103;2,826891;0,5456122;0,8938463;2,831231;0,6022596;0,9527709;2,820725;-0,129692;0,1468108;2,734232;-0,1420539;-0,1265925;2,307739;-0,3242261;-0,4087074;2,483691;-0,3258195;-0,4449694;2,390628;0,02062817;0,1512538;2,684182;0,001080937;-0,4684577;2,633286;-0,03859253;-0,849995;2,612866;-0,01458633;-0,9190075;2,569621; 
-0,1026595;0,7890621;2,716929;-0,05485817;0,2251953;2,718264;-0,05322785;0,2846914;2,767204;-0,05763543;0,6151528;2,754145;-0,2155485;0,4786875;2,777376;-0,2294283;0,2294337;2,767694;-0,2548956;-0,005453163;2,688635;-0,2978103;-0,06543802;2,651922;0,120249;0,571278;2,775691;0,3550713;0,7557601;2,836283;0,5417905;0,8909798;2,838371;0,5983759;0,9496154;2,826218;-0,1307371;0,1447528;2,732976;-0,157031;-0,1707312;2,338654;-0,3451639;-0,4433278;2,522567;-0,3474767;-0,4795682;2,429496;0,01974846;0,1507438;2,683508;-0,002393665;-0,466824;2,634639;-0,04521409;-0,84758;2,612886;-0,02101714;-0,9169442;2,570292; 
-0,1045988;0,7892302;2,716987;-0,05579255;0,2253323;2,718277;-0,0538483;0,2848065;2,767475;-0,05760795;0,6154312;2,753934;-0,217955;0,4781754;2,777996;-0,2317066;0,2274502;2,767647;-0,2593908;0,007450625;2,692834;-0,2716407;-0,06811409;2,662504;0,1189641;0,5718374;2,775831;0,3546256;0,7554942;2,836041;0,5595925;0,9020456;2,846348;0,6193651;0,9572219;2,859106;-0,1322054;0,1445153;2,732868;-0,1575207;-0,171036;2,338798;-0,3441662;-0,4469599;2,520235;-0,3466183;-0,4832253;2,427161;0,01907965;0,1506192;2,683724;-0,003419397;-0,467473;2,635973;-0,04720025;-0,8476378;2,613826;-0,0224717;-0,9166132;2,57088; 
-0,1072644;0,7887797;2,713805;-0,05747246;0,2242951;2,718533;-0,05607095;0,2838229;2,767653;-0,06098539;0,6140393;2,752449;-0,2186246;0,4756865;2,778209;-0,2322712;0,2267032;2,76789;-0,2602018;0,006630287;2,693355;-0,2707376;-0,06962289;2,66428;0,117319;0,5725124;2,777544;0,3543549;0,7552456;2,836082;0,5434811;0,8872008;2,845742;0,6023285;0,9430023;2,859672;-0,1334849;0,1432142;2,73314;-0,157624;-0,1726365;2,339521;-0,3410541;-0,4515856;2,520348;-0,343114;-0,4879889;2,427304;0,01784883;0,1494898;2,684456;-0,003876179;-0,4676581;2,63643;-0,04746193;-0,8481265;2,616756;-0,02271704;-0,9157682;2,571727; 
-0,1085561;0,787799;2,713325;-0,05862285;0,2229877;2,719033;-0,05772354;0,2824071;2,768028;-0,06525096;0,611433;2,751795;-0,2200737;0,4742976;2,780099;-0,2336488;0,2248049;2,768714;-0,2599055;1,91885E-05;2,693206;-0,2817114;-0,06934518;2,654706;0,115293;0,5710536;2,779523;0,3531862;0,7538036;2,835746;0,543648;0,8817713;2,838785;0,6361521;0,9426969;2,84982;-0,134155;0,142116;2,733332;-0,1574039;-0,1738448;2,340033;-0,3378634;-0,4546505;2,521521;-0,3398336;-0,4911494;2,428492;0,01726418;0,1479079;2,685741;-0,005239862;-0,4720185;2,638991;-0,04834254;-0,8489847;2,61804;-0,02295018;-0,9157917;2,572105; 
-0,1096144;0,7868592;2,714353;-0,05926989;0,2239117;2,720916;-0,05795899;0,2831198;2,770299;-0,06489903;0,6132339;2,755925;-0,2260771;0,4722472;2,78457;-0,2343886;0,2242344;2,769462;-0,2599202;-0,002105406;2,69363;-0,2831526;-0,07006232;2,653477;0,1144886;0,5715336;2,78205;0,3538586;0,7532898;2,836296;0,5443845;0,8814428;2,837353;0,6394596;0,936753;2,854496;-0,1352106;0,1420469;2,734185;-0,1579567;-0,1745426;2,341638;-0,3296513;-0,4589857;2,526152;-0,3322983;-0,4953328;2,433057;0,01745048;0,148464;2,687998;-0,006243992;-0,4721472;2,640693;-0,04945414;-0,8497435;2,618374;-0,02332286;-0,9162661;2,572406; 
-0,1115144;0,7859619;2,714906;-0,06094574;0,2227034;2,722553;-0,05973245;0,2821676;2,772125;-0,0665397;0,6135953;2,757613;-0,2278537;0,4691146;2,784678;-0,2348913;0,2241495;2,770094;-0,2606439;-0,00750028;2,695716;-0,285936;-0,0733522;2,653351;0,1104759;0,5700592;2,783013;0,3509641;0,7512076;2,835398;0,5414999;0,8792928;2,837219;0,6365135;0,9346433;2,854616;-0,1371647;0,1401336;2,736571;-0,159204;-0,1748377;2,342887;-0,3267199;-0,4625283;2,526965;-0,3292131;-0,4988906;2,43385;0,01640588;0,1476766;2,688967;-0,008093035;-0,4722476;2,644529;-0,0501156;-0,8493684;2,618907;-0,02399272;-0,9154669;2,572294; 
-0,1124374;0,7856443;2,715427;-0,06289705;0,2246823;2,728915;-0,06130709;0,2841617;2,777287;-0,06664983;0,6135385;2,759399;-0,2287573;0,4701661;2,786585;-0,2352135;0,226831;2,772243;-0,2610378;-0,008494928;2,697625;-0,2896088;-0,0743606;2,657454;0,1088217;0,5704729;2,783631;0,3498973;0,7510524;2,835624;0,5668836;0,8947759;2,830053;0,6308651;0,9462439;2,824986;-0,1411306;0,1439136;2,748406;-0,1591806;-0,1692683;2,3532;-0,3299752;-0,4550582;2,537826;-0,3325203;-0,4917793;2,444831;0,01541148;0,1484888;2,692911;-0,01155223;-0,4728605;2,648692;-0,05031483;-0,8481905;2,620194;-0,02470115;-0,9142144;2,573164; 
-0,1140693;0,7852618;2,717307;-0,06311762;0,2246179;2,729319;-0,06092176;0,2838571;2,777907;-0,06659116;0,6137707;2,762204;-0,2314105;0,4695417;2,791297;-0,2366118;0,2284279;2,774287;-0,2614968;-0,008177595;2,700183;-0,3083793;-0,07310934;2,681432;0,1070979;0,5703361;2,784234;0,3487198;0,7505429;2,835494;0,5655586;0,8960302;2,830136;0,6295093;0,9475119;2,825075;-0,1412022;0,1434912;2,748454;-0,1608616;-0,1706017;2,354312;-0,3329792;-0,4578179;2,536452;-0,3367658;-0,4943794;2,443415;0,01509465;0,1485663;2,693213;-0,01273081;-0,4729446;2,650071;-0,05159667;-0,84671;2,62156;-0,0260586;-0,9127553;2,574486; 
-0,1156671;0,7850565;2,71945;-0,06367942;0,2263674;2,732904;-0,06202378;0,2854067;2,78102;-0,06784865;0,6133736;2,763827;-0,2315103;0,4682409;2,791518;-0,2376761;0,2254766;2,776435;-0,2716152;0,001811892;2,720432;-0,2861899;-0,07294542;2,689468;0,1060227;0,5712032;2,786712;0,3487934;0,750948;2,835524;0,5339655;0,8876333;2,821677;0,5978789;0,9391067;2,816637;-0,1422181;0,1445842;2,75308;-0,1608796;-0,1684175;2,358113;-0,335627;-0,4561237;2,537929;-0,3387807;-0,4927854;2,444994;0,01565018;0,1499127;2,695491;-0,01413278;-0,4730309;2,65169;-0,0522099;-0,8448318;2,623162;-0,02645469;-0,9119681;2,575221; 
-0,1164652;0,7855464;2,721431;-0,06407557;0,2265798;2,733399;-0,06277649;0,2855303;2,78162;-0,06879744;0,6133893;2,765281;-0,2318145;0,4680437;2,792898;-0,2439663;0,2158296;2,785462;-0,2732371;-0,006787658;2,721142;-0,2766238;-0,08819935;2,710574;0,106755;0,5733858;2,790384;0,350661;0,7530297;2,835848;0,5357672;0,8898439;2,822911;0,5996388;0,9412837;2,817874;-0,1423711;0,1441866;2,753322;-0,1606693;-0,1687974;2,358539;-0,3376627;-0,4557438;2,53806;-0,3403358;-0,4922853;2,445146;0,01527389;0,1501631;2,695793;-0,01571651;-0,4726371;2,653968;-0,0529691;-0,8427815;2,625676;-0,02481883;-0,9127635;2,576365; 
-0,11684;0,7858897;2,722646;-0,06494959;0,2259648;2,735905;-0,06352967;0,2851242;2,783835;-0,06912737;0,612951;2,766608;-0,2306308;0,4676567;2,793642;-0,2464393;0,2111514;2,785919;-0,2743988;-0,01168932;2,721706;-0,2768496;-0,09282783;2,709339;0,1053955;0,5728223;2,790497;0,3489754;0,7529265;2,836097;0,5343933;0,8893623;2,824003;0,5982243;0,9407694;2,818969;-0,1434515;0,1441666;2,757527;-0,1607947;-0,1675103;2,361758;-0,338672;-0,456166;2,53867;-0,3414527;-0,4927802;2,445871;0,01462508;0,1499031;2,697157;-0,0162979;-0,4732734;2,655091;-0,05342973;-0,8412471;2,627749;-0,02485583;-0,9129177;2,576437; 
-0,1177881;0,7863371;2,724724;-0,06491664;0,2259704;2,735892;-0,06348231;0,2850127;2,783786;-0,06951799;0,6129769;2,767729;-0,2302138;0,4671259;2,794322;-0,2572287;0,184331;2,788206;-0,2748136;-0,03682007;2,712878;-0,2769448;-0,1178699;2,700216;0,1049573;0,5731875;2,791379;0,3485737;0,7536377;2,836315;0,560458;0,91185;2,83465;0,6242489;0,9632248;2,82962;-0,1428834;0,1435795;2,757107;-0,1611315;-0,1685996;2,361988;-0,3390345;-0,4558809;2,541424;-0,3418738;-0,4923739;2,448667;0,01467212;0,1502704;2,697049;-0,01672727;-0,4730379;2,656075;-0,05415428;-0,8408167;2,627977;-0,02474894;-0,9131486;2,575913; 
-0,1187202;0,7867481;2,726254;-0,06559194;0,2264171;2,736166;-0,06356186;0,2851929;2,784392;-0,07134544;0,6127801;2,769976;-0,2354547;0,4717462;2,800441;-0,2561166;0,1917888;2,789543;-0,274599;-0,02954255;2,714933;-0,2763738;-0,1105889;2,702537;0,1042931;0,5728761;2,791653;0,3473089;0,7539951;2,837253;0,5600022;0,9117527;2,835007;0,6237524;0,9630947;2,82998;-0,143466;0,1436142;2,756898;-0,1613581;-0,1689475;2,362277;-0,3383014;-0,4572257;2,541764;-0,3425875;-0,4935637;2,44909;0,01427111;0,1506523;2,697212;-0,0176256;-0,4728071;2,657797;-0,05457683;-0,8399346;2,628614;-0,02494602;-0,9130777;2,575932; 
-0,1190439;0,7870615;2,728061;-0,06596592;0,2259698;2,736453;-0,06377149;0,2847715;2,785015;-0,07112633;0,6134766;2,771381;-0,2355245;0,4711735;2,800979;-0,255761;0,1928953;2,788633;-0,2749342;-0,02794033;2,712266;-0,2756975;-0,109106;2,700977;0,1036427;0,5726045;2,792067;0,3461874;0,754393;2,837879;0,5597083;0,911619;2,835198;0,6223345;0,9642816;2,830671;-0,1435955;0,1426355;2,756802;-0,162451;-0,1704564;2,362912;-0,3394749;-0,4597226;2,541541;-0,3438754;-0,4959524;2,448918;0,01316581;0,1503893;2,697617;-0,01798962;-0,4728085;2,658232;-0,05483075;-0,8391309;2,629567;-0,02491186;-0,9131132;2,575984; 
-0,1193352;0,787483;2,728466;-0,0670272;0,2257504;2,737048;-0,06477964;0,2845537;2,786013;-0,07176976;0,6136723;2,772371;-0,2356103;0,4715732;2,801288;-0,2522111;0,2169065;2,786263;-0,274226;-0,006218657;2,719572;-0,2741647;-0,08739056;2,708659;0,1027713;0,5723153;2,792345;0,3452341;0,7543443;2,837998;0,5319754;0,8889589;2,83389;0,5902745;0,9463633;2,830157;-0,1439776;0,1423889;2,757035;-0,1624189;-0,1704127;2,363122;-0,3397209;-0,4596044;2,542193;-0,3441408;-0,4957775;2,449631;0,01100991;0,1504071;2,698242;-0,01847267;-0,4728364;2,659346;-0,05494989;-0,8393884;2,629731;-0,02475294;-0,9131803;2,575996; 
-0,1200404;0,7876495;2,729905;-0,06889573;0,2273;2,739783;-0,06633312;0,2861301;2,788513;-0,07208308;0,6140986;2,773043;-0,2357525;0,4713382;2,80202;-0,2551081;0,2073169;2,786617;-0,2758837;-0,01491891;2,715688;-0,2749445;-0,09611624;2,70542;0,1023531;0,5723169;2,792427;0,3450328;0,7540535;2,838331;0,5317503;0,8887855;2,834018;0,5900102;0,9461541;2,830283;-0,1472999;0,1445087;2,761974;-0,1621555;-0,1669942;2,366974;-0,3408705;-0,4555047;2,546345;-0,3453493;-0,4917981;2,453918;0,009940927;0,1512422;2,699586;-0,01868131;-0,4728234;2,659592;-0,0548621;-0,8395627;2,629882;-0,02475428;-0,9131728;2,576007; 
-0,1200793;0,7876621;2,729883;-0,0685404;0,2268492;2,739266;-0,06601819;0,2858573;2,788268;-0,07095858;0,6150026;2,773093;-0,2352705;0,4713359;2,801886;-0,2517959;0,2144772;2,785538;-0,2759542;-0,008120477;2,717261;-0,2801045;-0,08868041;2,703692;0,1019956;0,5722368;2,792662;0,3447683;0,7539405;2,838549;0,5322359;0,8875279;2,836304;0,5904533;0,9448689;2,832563;-0,1465291;0,143837;2,760167;-0,1632309;-0,1680381;2,365752;-0,3423496;-0,4569392;2,544784;-0,3467696;-0,4931661;2,452413;0,01000672;0,151169;2,699493;-0,01910439;-0,47238;2,659784;-0,05511123;-0,8394988;2,630114;-0,02464674;-0,9134955;2,575947; 
-0,1201231;0,7876911;2,730341;-0,06853506;0,2266861;2,739051;-0,06601313;0,285691;2,788274;-0,070787;0,6149437;2,773295;-0,2348799;0,472565;2,802154;-0,249515;0,2214455;2,785935;-0,2765524;-0,0006656051;2,716909;-0,284643;-0,08048145;2,700861;0,1018196;0,5717287;2,793054;0,3446608;0,7535905;2,838489;0,5328059;0,8861922;2,837154;0,6229709;0,9497867;2,845997;-0,1463117;0,1435203;2,759357;-0,1655859;-0,1684271;2,365349;-0,3436326;-0,4589483;2,543579;-0,3480012;-0,4951479;2,451173;0,009890195;0,1511492;2,699355;-0,01966905;-0,4710235;2,660712;-0,05531781;-0,8390087;2,630591;-0,02423163;-0,9135432;2,575887; 
-0,1200702;0,7879781;2,730662;-0,06749364;0,2283731;2,737835;-0,06536955;0,2866159;2,787737;-0,07080899;0,6149302;2,773348;-0,2349397;0,4726731;2,802317;-0,251764;0,2150135;2,78667;-0,2782618;-0,005693913;2,711918;-0,2875416;-0,08541227;2,696021;0,1019307;0,5722686;2,794044;0,3452688;0,7537983;2,838858;0,5339042;0,8857073;2,838137;0,6209499;0,9539798;2,84197;-0,1413459;0,148008;2,753247;-0,1684061;-0,1697983;2,364808;-0,3467711;-0,4609958;2,542344;-0,351026;-0,4970866;2,449867;0,009935169;0,1514323;2,699289;-0,01982473;-0,4710724;2,660722;-0,05525442;-0,83801;2,631475;-0,02441827;-0,9135702;2,575996; 
-0,1202133;0,7881681;2,731045;-0,06680201;0,2284698;2,737071;-0,06464291;0,2864268;2,787642;-0,06925349;0,6160474;2,77559;-0,2318511;0,476617;2,80225;-0,2485152;0,2237942;2,7883;-0,2798086;0,004270718;2,711475;-0,2901075;-0,07530672;2,695656;0,1014314;0,5718657;2,794057;0,3451912;0,7528285;2,839053;0,5663738;0,9037998;2,844615;0,6353873;0,9571382;2,844223;-0,1382509;0,1505742;2,749726;-0,1693848;-0,169978;2,364155;-0,3482675;-0,4610029;2,542038;-0,3525938;-0,4968397;2,449544;0,00977215;0,1514259;2,699203;-0,02004505;-0,4712835;2,660853;-0,05540331;-0,8384509;2,631697;-0,02352123;-0,9141693;2,576188; 
-0,1200291;0,7894213;2,732692;-0,06650971;0,2288446;2,736802;-0,06428087;0,2866637;2,787786;-0,06901601;0,6162804;2,776083;-0,2306867;0,478414;2,803012;-0,2472894;0,2284699;2,787029;-0,2793236;0,008456588;2,712217;-0,2900274;-0,07104878;2,696431;0,1016641;0,5717691;2,794557;0,346343;0,7519329;2,838585;0,539917;0,877;2,83291;0,6039956;0,9185821;2,834276;-0,1374783;0,1516584;2,749109;-0,1696011;-0,1694126;2,364271;-0,3492274;-0,4599123;2,542822;-0,3536158;-0,4956649;2,450376;0,009610276;0,1514779;2,699195;-0,02048694;-0,4712071;2,661088;-0,05570233;-0,838502;2,63166;-0,02349916;-0,9139262;2,575939; 
-0,1202469;0,7895427;2,733293;-0,06642905;0,2288353;2,736682;-0,06419691;0,2865371;2,787971;-0,06740735;0,6167287;2,776969;-0,2296658;0,4777321;2,802772;-0,2474126;0,2278265;2,787322;-0,2809045;0,008042842;2,712356;-0,2965643;-0,07020537;2,694697;0,103374;0,5718581;2,795522;0,3488908;0,7509897;2,839447;0,5418273;0,8771086;2,833502;0,6044735;0,917636;2,834831;-0,1374447;0,151568;2,748779;-0,1700548;-0,1686673;2,363482;-0,3508196;-0,4596329;2,540877;-0,3549649;-0,4952782;2,448445;0,009190408;0,1512198;2,69927;-0,02064262;-0,4715197;2,661171;-0,05615683;-0,8352243;2,63252;-0,02336771;-0,9139638;2,575792; 
-0,1204297;0,7899405;2,735306;-0,06628499;0,2289542;2,736397;-0,06402081;0,2864663;2,788054;-0,06674248;0,6164637;2,777649;-0,2289834;0,4778132;2,803544;-0,2473613;0,2276204;2,787266;-0,2818158;0,008124053;2,711701;-0,2988111;-0,06949952;2,692529;0,1050324;0,5718563;2,796717;0,3515038;0,7498071;2,840476;0,5443968;0,8761131;2,83331;0,6369134;0,9354972;2,845349;-0,1373134;0,1516857;2,748113;-0,1839145;-0,1789472;2,373796;-0,360832;-0,4716909;2,552475;-0,364908;-0,507232;2,46007;0,008978025;0,1511346;2,699165;-0,02072106;-0,4715551;2,661244;-0,05639755;-0,8352343;2,632698;-0,02300823;-0,9140918;2,576077