;0,1342972;0,919554;2,616455;0,156673;0,2844647;2,565917;0,1494506;0,3457843;2,632365;0,1376375;0,7273227;2,648271;-0,07052702;0,6304955;2,632917;-0,03555809;0,3139718;2,541777;-0,05032979;0,07480675;2,527104;-0,01381701;-8,14721E-05;2,531921;0,3565692;0,6222652;2,661636;0,63298;0,7457293;2,672032;0,8403857;0,8634486;2,633237;0,9445691;0,9221005;2,609433;0,07012474;0,1893211;2,539143;0,1250222;-0,4366212;2,571325;0,1575003;-0,818602;2,56868;0,1516111;-0,89974;2,478751;0,2517407;0,1918437;2,55069;0,2564662;-0,438735;2,574229;0,2468778;-0,810639;2,56844;0,2494527;-0,8929033;2,474775; 
0,1342254;0,9199107;2,616518;0,1566881;0,2844444;2,565732;0,1494728;0,3458114;2,632187;0,1377363;0,7276162;2,648082;-0,07042026;0,6305067;2,632771;-0,03555637;0,3137959;2,541754;-0,05125955;0,07457927;2,525943;-0,01474256;-0,0003175884;2,530761;0,3565955;0,6223217;2,661538;0,6279747;0,7435144;2,671633;0,8359711;0,8608396;2,635096;0,9455798;0,9242079;2,610704;0,07009992;0,1892318;2,539031;0,1253235;-0,4361582;2,571056;0,1571705;-0,8181858;2,569213;0,1556672;-0,8991066;2,479209;0,2517425;0,1919534;2,550449;0,256498;-0,4387606;2,574031;0,2475641;-0,8108454;2,568373;0,2494975;-0,8928736;2,475039; 
0,1344215;0,9205055;2,617061;0,1567695;0,2845815;2,565559;0,1495696;0,3459848;2,631999;0,1382133;0,727928;2,647866;-0,0703182;0,6304817;2,632202;-0,03558886;0,3135173;2,541653;-0,05385246;0,07441142;2,521958;-0,01733116;-0,0004942939;2,526777;0,3567132;0,6224845;2,661292;0,6280578;0,7436845;2,671632;0,8361559;0,860995;2,634793;0,9442704;0,9239832;2,610858;0,07008173;0,1894291;2,538865;0,1254339;-0,4358505;2,570658;0,1575514;-0,8179954;2,569304;0,1569776;-0,8987283;2,479256;0,251789;0,1920035;2,550318;0,2563483;-0,4386357;2,573398;0,2476776;-0,8106834;2,568065;0,2494126;-0,8929071;2,475169; 
0,1537864;0,9241175;2,587421;0,165818;0,2846511;2,55438;0,1597117;0,3476983;2,619602;0,1562456;0,7307355;2,627256;-0,05246246;0,6285987;2,610453;-0,01784642;0,3101587;2,527267;-0,03440442;0,07306471;2,478795;0,002110504;-0,001827903;2,483613;0,370055;0,6221904;2,641611;0,6602259;0,717539;2,666826;0,9322748;0,8580723;2,601593;0,9986206;0,9045722;2,581557;0,07764386;0,1900067;2,529634;0,1275698;-0,4333841;2,566669;0,1575167;-0,8170935;2,567808;0,1577932;-0,8988831;2,478419;0,2587325;0,1920699;2,541366;0,2617653;-0,436967;2,56881;0,2498014;-0,8114828;2,565933;0,2500249;-0,8929765;2,475; 
0,1539275;0,9237641;2,586297;0,1680112;0,2846823;2,551631;0,1617666;0,3475769;2,617101;0,156804;0,7309549;2,626382;-0,05094752;0,6283055;2,609118;-0,01435229;0,3100392;2,525305;-0,02970598;0,07396512;2,469051;0,006775703;-0,0008593351;2,473865;0,371911;0,6222889;2,639498;0,6664499;0,7132977;2,669182;0,9283844;0,8537755;2,600235;0,9868594;0,9113522;2,585458;0,08013275;0,1904499;2,52669;0,1279974;-0,4321366;2,565001;0,1569703;-0,8169272;2,567524;0,157378;-0,8996099;2,478373;0,2611862;0,1918703;2,538248;0,2638027;-0,4378431;2,567822;0,2497339;-0,8112527;2,565614;0,2530382;-0,8931826;2,475331; 
0,1540976;0,923851;2,586147;0,1691971;0,2848729;2,549726;0,163227;0,347834;2,614936;0,159082;0,730168;2,622904;-0,0492273;0,6270772;2,607983;-0,01361442;0,3091964;2,524968;-0,03135529;0,07451163;2,461586;0,005098175;-0,0002549365;2,466395;0,374073;0,6217403;2,638134;0,677422;0,6994808;2,671033;0,9240825;0,8368661;2,590032;0,9674;0,8887619;2,582839;0,08099195;0,1905294;2,525229;0,1275074;-0,4305755;2,562758;0,1566448;-0,8163096;2,566954;0,1573716;-0,8995869;2,47813;0,2621954;0,1920159;2,536499;0,2649068;-0,4365265;2,566543;0,2506808;-0,8100728;2,564886;0,2531721;-0,8933176;2,475112; 
0,1546938;0,9243348;2,585299;0,1705265;0,2841931;2,547785;0,1642602;0,3473323;2,613049;0,1595664;0,7306015;2,621476;-0,04428087;0,624342;2,60598;-0,3500045;0,6180748;2,564108;-0,5440176;0,7513953;2,465655;-0,6216673;0,8273445;2,434967;0,3751778;0,6213956;2,637545;0,6884839;0,6744708;2,673511;0,890729;0,7831506;2,587148;0,9596613;0,8656222;2,555999;0,08251414;0,1901417;2,523899;0,1276576;-0,4300111;2,56212;0,1570952;-0,815667;2,56706;0,1576384;-0,8995554;2,478218;0,2633325;0,1918596;2,534374;0,2651299;-0,4366302;2,566481;0,2493321;-0,8107967;2,563956;0,2535011;-0,8934612;2,475255; 
0,1554427;0,9236811;2,583871;0,1718678;0,282279;2,54557;0,1656516;0,3457975;2,610774;0,1604047;0,7303115;2,618824;-0,04180203;0,6227198;2,605482;-0,3354641;0,5698191;2,569461;-0,5078989;0,710939;2,461659;-0,5761237;0,792236;2,430135;0,3745877;0,6205739;2,636122;0,6670526;0,6153221;2,682222;0,9107382;0,7647821;2,557178;0,954597;0,8329581;2,536538;0,08409797;0,1891198;2,522857;0,1278452;-0,4305329;2,561746;0,1567447;-0,8179559;2,566073;0,1504988;-0,9005426;2,477735;0,2640057;0,191157;2,532362;0,2646527;-0,4364685;2,566131;0,2497344;-0,8109716;2,563857;0,2522752;-0,8944609;2,472991; 
0,1561027;0,9238691;2,58229;0,1729075;0,2803438;2,543733;0,1666332;0,3441224;2,608897;0,1614071;0,7296579;2,616892;-0,03762433;0,616493;2,60368;-0,3096947;0,516305;2,582227;-0,4708512;0,6568256;2,456837;-0,5235776;0,7334;2,423546;0,3746595;0,6198909;2,635721;0,677672;0,587702;2,678041;0,8805473;0,6775087;2,557802;0,936313;0,7579867;2,517177;0,08537078;0,187241;2,521175;0,1278533;-0,4307041;2,561279;0,1566044;-0,8183457;2,56555;0,1487915;-0,8996911;2,477569;0,2645898;0,1905019;2,531147;0,2631755;-0,4353487;2,565269;0,2498991;-0,8108213;2,564051;0,2517095;-0,8942266;2,47268; 
0,1564872;0,9240341;2,579973;0,1742265;0,2780361;2,542085;0,1677441;0,34231;2,607547;0,1614596;0,72966;2,616657;-0,03455088;0,6085758;2,602206;-0,2811314;0,4623457;2,582843;-0,4404975;0,5947123;2,445298;-0,4843811;0,6683671;2,412424;0,3739969;0,6182708;2,634482;0,6569042;0,5243673;2,669654;0,8620949;0,5969318;2,551952;0,9226301;0,6774237;2,513148;0,08710757;0,1854373;2,519442;0,1278221;-0,4306911;2,561166;0,1565204;-0,8180857;2,565651;0,1503173;-0,8994498;2,477654;0,2657452;0,1893021;2,529782;0,2627051;-0,4348265;2,564658;0,2507138;-0,8106896;2,564365;0,2531081;-0,8934752;2,473345; 
0,1564204;0,9231917;2,57841;0,1746236;0,2743298;2,539828;0,1680992;0,3392472;2,605232;0,1608091;0,7289503;2,614089;-0,03320796;0,6047778;2,60156;-0,2323078;0,4112062;2,59127;-0,4019404;0,5072803;2,434996;-0,4448436;0,5674247;2,39596;0,3726204;0,6152648;2,632922;0,6303673;0,4698521;2,655863;0,8402821;0,5231978;2,535892;0,9019681;0,5891569;2,498739;0,08814836;0,1821463;2,517485;0,1274468;-0,4308183;2,560784;0,1565265;-0,8181458;2,565658;0,14713;-0,8998462;2,478357;0,2659802;0,1873724;2,528321;0,2639596;-0,4348235;2,56423;0,2528952;-0,8082014;2,565094;0,2524452;-0,8935958;2,472405; 
0,1557825;0,9227036;2,576807;0,1738776;0,2709315;2,538264;0,167342;0,3364577;2,603827;0,1600291;0,7286711;2,613469;-0,03119668;0,59981;2,600447;-0,160198;0,3698462;2,612418;-0,3576745;0,4194265;2,427714;-0,4044464;0,4780552;2,390828;0,3711379;0,6070663;2,630974;0,5910005;0,4121103;2,650144;0,8071505;0,4122799;2,529275;0,8960918;0,46462;2,483051;0,08800495;0,1799527;2,516091;0,1275769;-0,4307216;2,560639;0,1566571;-0,81809;2,565519;0,1468599;-0,8997298;2,478538;0,2650946;0,1845038;2,526849;0,26382;-0,4348821;2,564171;0,2528265;-0,8081716;2,564997;0,2501221;-0,893529;2,472269; 
0,1544418;0,9227867;2,574952;0,1722063;0,2661388;2,536249;0,1662036;0,3321165;2,60192;0,1591843;0,7272766;2,61237;-0,02940535;0,5976888;2,600317;-0,1155821;0,3472281;2,618764;-0,2971577;0,317191;2,436707;-0,3591963;0,357208;2,38738;0,3670256;0,5974799;2,626378;0,5534065;0,3647705;2,638458;0,7619569;0,3211294;2,511473;0,8516646;0,357948;2,485597;0,08747597;0,177971;2,515386;0,1282081;-0,4316493;2,560865;0,1569875;-0,8180581;2,565561;0,1515728;-0,8997593;2,478668;0,2622742;0,1801283;2,523847;0,2636157;-0,4348892;2,564314;0,25257;-0,8083999;2,564963;0,2509483;-0,8934563;2,472671; 
0,1537532;0,9220669;2,574074;0,1711535;0,2610808;2,534348;0,1656302;0,32787;2,600403;0,1588147;0,7267514;2,612207;-0,02641024;0,5950596;2,599545;-0,09569559;0,3393719;2,618983;-0,2437401;0,228419;2,437174;-0,3162553;0,2444882;2,384474;0,3633544;0,59521;2,622869;0,5182177;0,33391;2,625652;0,7033517;0,217814;2,496311;0,8121272;0,2320905;2,468702;0,08768766;0,1749306;2,514439;0,1282104;-0,4318655;2,560914;0,1570678;-0,8179152;2,565272;0,1525042;-0,9002935;2,475091;0,2599161;0,1772768;2,521462;0,2636592;-0,4357103;2,564571;0,2522335;-0,8072131;2,565495;0,2505983;-0,8937674;2,472016; 
0,1535544;0,9215728;2,573838;0,1703591;0,2572165;2,532471;0,1654279;0,3245428;2,598887;0,1587121;0,7264916;2,61211;-0,02407534;0,5936406;2,599267;-0,07527033;0,3257151;2,612237;-0,1710808;0,150852;2,46221;-0,2540976;0,1274074;2,388955;0,3585074;0,5932673;2,619131;0,4986157;0,3099738;2,617839;0,6692628;0,126093;2,476327;0,7591823;0,1135449;2,461121;0,08793546;0,1730973;2,513567;0,1288361;-0,4324588;2,560933;0,1574589;-0,8180978;2,5647;0,1544626;-0,9002846;2,474793;0,2574926;0,1747519;2,518797;0,2632552;-0,4362875;2,56479;0,2498157;-0,8078417;2,565181;0,2512753;-0,8935175;2,472627; 
0,152911;0,9207029;2,573076;0,1703742;0,2553309;2,531551;0,1654455;0,3226004;2,598081;0,1586619;0,725732;2,612114;-0,02150981;0,5923653;2,598613;-0,06118709;0,3113427;2,607969;-0,1240558;0,1112085;2,470724;-0,1894943;0,05426653;2,397975;0,3577602;0,5927345;2,618425;0,4701176;0,2874209;2,600129;0,6209036;0,05938285;2,47647;0,686168;0,006721144;2,460774;0,08856925;0,1718065;2,512913;0,1289479;-0,4329112;2,560947;0,1564881;-0,8171036;2,56446;0,1565574;-0,9008558;2,476995;0,2566956;0,1735164;2,517433;0,2632219;-0,4366401;2,565;0,2502181;-0,8065435;2,566201;0,2527269;-0,893018;2,473993; 
0,1525016;0,9203249;2,573212;0,1707992;0,2529397;2,530299;0,1658768;0,3202541;2,597011;0,1586828;0,7248493;2,612053;-0,01953134;0,5900439;2,597512;-0,05512194;0,297775;2,60412;-0,08923502;0,08266212;2,486052;-0,1338334;0,00411094;2,417639;0,3561683;0,5917557;2,616931;0,4573968;0,2823436;2,597029;0,5804988;-0,00031358;2,476451;0,63415;-0,06301857;2,462165;0,08973038;0,1698437;2,511969;0,1292814;-0,4331928;2,560956;0,1560174;-0,8163906;2,564656;0,156809;-0,9005274;2,476921;0,2563677;0,1721618;2,515815;0,2635548;-0,4365797;2,564999;0,2503224;-0,8064258;2,566246;0,2535171;-0,8926696;2,474211; 
0,1524847;0,9194721;2,572961;0,1711566;0,2509139;2,530004;0,1661924;0,3184738;2,596895;0,1591069;0,724408;2,612741;-0,01709656;0,5863801;2,59581;-0,04833524;0,2864963;2,600883;-0,07349381;0,04314337;2,480179;-0,1110369;-0,0476113;2,423295;0,3562694;0,5906649;2,616097;0,4414382;0,2761903;2,593274;0,5334042;-0,01191899;2,494098;0,5771827;-0,1152607;2,477463;0,09035131;0,168039;2,511959;0,1302394;-0,4338187;2,560898;0,1561997;-0,8161192;2,564645;0,1574811;-0,9002589;2,476459;0,2562577;0,1703745;2,514763;0,2637554;-0,4364901;2,564847;0,2495496;-0,8062068;2,566023;0,2535302;-0,8926463;2,474232; 
0,1525207;0,918951;2,572707;0,1712183;0,24763;2,529968;0,1664523;0,3158377;2,596972;0,1594101;0,724086;2,613129;-0,01622063;0,584582;2,595166;-0,03917032;0,2648793;2,591885;-0,0693204;0,03849436;2,482362;-0,0786507;-0,06819686;2,444789;0,3559421;0,5897735;2,61494;0,4287536;0,2719293;2,586067;0,4845712;-0,02086725;2,511091;0,5189433;-0,1286593;2,502078;0,09068073;0,1639636;2,513187;0,1312216;-0,4358556;2,561098;0,15621;-0,8169833;2,56355;0,1483934;-0,9029116;2,478986;0,2558486;0,1680416;2,513533;0,2649056;-0,439141;2,564597;0,2505873;-0,8065005;2,564911;0,2526116;-0,8939149;2,472377; 
0,1532715;0,9180406;2,572106;0,1721529;0,2465342;2,530301;0,1673594;0,3145807;2,597305;0,1604095;0,7229229;2,613683;-0,01534652;0,583053;2,593953;-0,03777473;0,2657379;2,591067;-0,06006588;0,03962881;2,491482;-0,07247327;-0,06682138;2,453619;0,3559118;0,5892971;2,614345;0,4197518;0,2693619;2,581037;0,4624953;-0,04915086;2,513172;0,4913823;-0,1452204;2,517329;0,09202644;0,1627007;2,513847;0,1320836;-0,4359605;2,560786;0,1567833;-0,816833;2,563563;0,1512122;-0,9012197;2,478097;0,2563608;0,1673837;2,513511;0,266214;-0,439634;2,563996;0,2512143;-0,805397;2,565544;0,2527914;-0,8935208;2,47253; 
0,15357;0,9177856;2,572152;0,1743451;0,2445253;2,531916;0,1692938;0,313225;2,598598;0,1605732;0,7229113;2,613875;-0,01485917;0,5831397;2,593792;-0,0365446;0,2677795;2,590739;-0,05494444;0,03935091;2,497131;-0,06764643;-0,06698556;2,459099;0,3557498;0,5878931;2,612116;0,4126593;0,2675872;2,577286;0,4235188;0,02934761;2,52538;0,4486383;-0,08148644;2,52511;0,09504597;0,1602188;2,515941;0,1326584;-0,4376365;2,560873;0,1567406;-0,8166391;2,56324;0,1522437;-0,9014269;2,476224;0,2584701;0,1660263;2,51519;0,2685679;-0,4400704;2,562853;0,2512858;-0,8053029;2,565567;0,252676;-0,8934833;2,472543; 
0,1538636;0,9174809;2,57171;0,1773642;0,2423822;2,532842;0,1719152;0,3113645;2,599304;0,1608771;0,7222518;2,613798;-0,01419431;0,5821211;2,593267;-0,03604928;0,2679995;2,590548;-0,05221634;0,03854288;2,501998;-0,06457585;-0,06704962;2,46189;0,3556646;0,5870796;2,610478;0,4087923;0,2698963;2,575589;0,420168;0,03168668;2,523006;0,4407287;-0,08004215;2,520757;0,09937243;0,1568708;2,517169;0,1332272;-0,4379373;2,560722;0,1570729;-0,815972;2,563179;0,1550041;-0,9015672;2,475367;0,2614945;0,1649059;2,516323;0,2694496;-0,4405155;2,562614;0,2508565;-0,8073732;2,564607;0,2530563;-0,8937051;2,472627; 
0,1544378;0,9172543;2,571002;0,1787922;0,2417967;2,533221;0,1731563;0,310877;2,599536;0,1611267;0,7220743;2,613513;-0,0138221;0,5815092;2,59252;-0,03593447;0,267624;2,590502;-0,05075865;0,03710981;2,504739;-0,05712614;-0,0703019;2,46828;0,3563681;0,5861712;2,609487;0,4070689;0,270608;2,574668;0,4207224;0,03249612;2,52162;0,3964163;-0,0701104;2,479332;0,1006927;0,156058;2,517573;0,133772;-0,437884;2,56031;0,1570124;-0,8159392;2,563204;0,1558136;-0,9016396;2,473857;0,2636484;0,1642435;2,516991;0,2697173;-0,4405848;2,562515;0,2510634;-0,8072196;2,564746;0,2529593;-0,8937402;2,472672; 
0,1553612;0,9170693;2,570215;0,1801353;0,2416184;2,533638;0,1743744;0,3106746;2,599833;0,16148;0,7217655;2,61327;-0,01356372;0,5811793;2,592175;-0,03613423;0,2673714;2,590689;-0,04990202;0,03616218;2,506701;-0,05330666;-0,07093376;2,468992;0,3567557;0,5864213;2,60898;0,4046366;0,2726387;2,574294;0,4203756;0,03472798;2,520209;0,3964171;-0,06837933;2,479002;0,101858;0,1558969;2,518008;0,1339719;-0,4378549;2,560274;0,1572628;-0,8160702;2,563062;0,1562697;-0,9017434;2,473002;0,2655465;0,1638982;2,517578;0,2697697;-0,4407341;2,562508;0,2515211;-0,8070327;2,564894;0,2525433;-0,8941991;2,471392; 
0,1567804;0,9168651;2,569368;0,1809068;0,2421043;2,533641;0,1751389;0,3109517;2,599801;0,1622119;0,7211705;2,612861;-0,01338786;0,5814101;2,591981;-0,03760527;0,2703795;2,590751;-0,04905476;0,03848693;2,508345;-0,04426188;-0,06822741;2,469766;0,3574967;0,5866767;2,608593;0,4029302;0,2732203;2,57352;0,4203464;0,03583474;2,516468;0,4255785;-0,03899892;2,484392;0,1023655;0,1562725;2,517897;0,1345406;-0,4377764;2,560262;0,1577977;-0,8144305;2,563174;0,1581043;-0,9013408;2,472933;0,2664581;0,1642247;2,517647;0,2706409;-0,4402674;2,562299;0,2517736;-0,8055147;2,564745;0,2527007;-0,8941074;2,471111; 
0,1597205;0,9165061;2,567677;0,1813513;0,2424083;2,533697;0,1755986;0,3111529;2,599839;0,1633547;0,7207184;2,612648;-0,01279724;0,5812451;2,591372;-0,03983993;0,2742999;2,590976;-0,04883643;0,0420652;2,509084;-0,04260503;-0,06434985;2,469937;0,359004;0,5862156;2,608509;0,4022361;0,2745317;2,573146;0,4212603;0,03764647;2,51354;0,4189225;-0,04016528;2,479413;0,1025294;0,156527;2,517757;0,134808;-0,4374344;2,560027;0,1579801;-0,8139784;2,563152;0,1591716;-0,9008589;2,473186;0,267013;0,1643295;2,517874;0,2709613;-0,4403136;2,562346;0,2519367;-0,8053791;2,564956;0,2532069;-0,8939713;2,47126; 
0,1625749;0,9162887;2,566261;0,1821508;0,2426577;2,533743;0,1765544;0,3113902;2,599878;0,1648352;0,7208642;2,612498;-0,01213294;0,5811635;2,590727;-0,0414142;0,2773801;2,590535;-0,04762378;0,04513218;2,508096;-0,04094832;-0,06120117;2,468845;0,360287;0,5862779;2,608016;0,4020106;0,2747113;2,572711;0,4230525;0,03847648;2,510213;0,420441;-0,04460941;2,478128;0,102929;0,1566077;2,517519;0,134885;-0,4373752;2,559982;0,1579738;-0,8139877;2,563136;0,1594773;-0,9008526;2,4732;0,2680273;0,1645529;2,518259;0,2711313;-0,4402885;2,562479;0,2499426;-0,8073182;2,564268;0,2536741;-0,8937913;2,471369; 
0,163475;0,9160826;2,566019;0,1824877;0,2429737;2,533731;0,1768893;0,3116812;2,599874;0,1655539;0,7211477;2,612509;-0,01169198;0,5810046;2,589865;-0,04278192;0,2801998;2,589835;-0,0476254;0,0478301;2,507444;-0,03827916;-0,04992567;2,450478;0,3613657;0,5867985;2,607876;0,4018689;0,2755076;2,572536;0,4244874;0,03963494;2,508599;0,416772;-0,07072486;2,483108;0,1030795;0,1569377;2,517343;0,1354069;-0,4370731;2,559915;0,1579619;-0,81397;2,563172;0,1535159;-0,9004524;2,474848;0,2683457;0,1646323;2,518305;0,2711348;-0,4403776;2,562638;0,2502626;-0,8068876;2,564304;0,2520274;-0,8933977;2,47179; 
0,1653574;0,9157529;2,565073;0,183076;0,2429278;2,533751;0,177535;0,3116263;2,599898;0,1669807;0,7212033;2,612512;-0,0112077;0,5809512;2,589112;-0,04317808;0,2815084;2,58903;-0,04641951;0,04942648;2,505307;-0,03820375;-0,01430506;2,471627;0,3619464;0,5868456;2,607907;0,4018704;0,2757774;2,57253;0,4248462;0,04006603;2,507643;0,4172401;-0,07042739;2,482771;0,1034647;0,1568079;2,517112;0,1362764;-0,4372497;2,559766;0,1580668;-0,8140044;2,563077;0,1549952;-0,9005983;2,473683;0,2689315;0,1645559;2,518531;0,2713361;-0,440434;2,562715;0,2506139;-0,8067382;2,564499;0,2510729;-0,8934406;2,471401; 
0,1664571;0,9156091;2,564389;0,1839467;0,2432748;2,533904;0,1783163;0,3119487;2,600045;0,1679278;0,7214797;2,612597;-0,01048191;0,5806935;2,58808;-0,0433554;0,2825355;2,587984;-0,0456345;0,05126992;2,501275;-0,03733384;-0,01114952;2,472448;0,3643856;0,5879099;2,608206;0,4019214;0,2756722;2,57243;0,4259175;0,04009335;2,507066;0,4177552;-0,07039039;2,482389;0,1039317;0,1569446;2,516865;0,136319;-0,4371952;2,559693;0,1582559;-0,814354;2,56282;0,1553693;-0,9005498;2,473686;0,270159;0,1646582;2,519117;0,2715671;-0,4404879;2,562659;0,2510275;-0,8071302;2,563883;0,2505979;-0,8936244;2,470948; 
0,1675176;0,9153097;2,564034;0,1862127;0,2445587;2,534424;0,180384;0,3128348;2,600521;0,1698841;0,7210325;2,612935;-0,01011717;0,5802566;2,58764;-0,042947;0,2840141;2,585505;-0,04331764;0,05229203;2,500026;-0,03379298;-0,009664142;2,471414;0,367056;0,5892462;2,609092;0,4021133;0,2758699;2,572548;0,4267842;0,04048674;2,50627;0,4180944;-0,07006583;2,482141;0,1052513;0,1576746;2,516764;0,1364096;-0,436106;2,559237;0,1581495;-0,8142359;2,562733;0,1526341;-0,89954;2,476511;0,2730733;0,1653773;2,519938;0,2720434;-0,4398707;2,562536;0,2510332;-0,8071889;2,563925;0,2529127;-0,892647;2,473613; 
0,1687485;0,9150652;2,563372;0,187007;0,2448446;2,534544;0,1811365;0,3129919;2,600669;0,1709084;0,720762;2,613268;-0,009590611;0,5799491;2,587059;-0,04133423;0,2835588;2,583171;-0,04118619;0,05172154;2,497845;-0,03102283;-0,007980751;2,470186;0,3683037;0,5893461;2,609306;0,402087;0,2760215;2,572694;0,426208;0,04068826;2,505614;0,4181596;-0,0692719;2,478374;0,1058113;0,1577714;2,516602;0,1396851;-0,4363114;2,558723;0,1585778;-0,8151926;2,562171;0,1556224;-0,8995436;2,474632;0,2740006;0,1655721;2,520154;0,2721989;-0,4399452;2,562508;0,2505199;-0,8075833;2,563432;0,2512335;-0,8931975;2,471858; 
0,1694506;0,9148777;2,563008;0,1882107;0,245076;2,534816;0,1820903;0,3132153;2,600962;0,1712676;0,7210319;2,613599;-0,009268573;0,5797706;2,586498;-0,03955488;0,285307;2,581278;-0,03660136;0,0532582;2,496505;-0,0258643;-0,007628488;2,468679;0,3691604;0,5896927;2,609586;0,4021091;0,2760618;2,572733;0,4257834;0,04068734;2,505347;0,3865422;-0,04104731;2,460239;0,1070035;0,1578519;2,516442;0,1397256;-0,4362614;2,55866;0,159178;-0,8153771;2,561975;0,156599;-0,9004993;2,473825;0,2756693;0,1656445;2,520723;0,2727243;-0,4401207;2,562476;0,250414;-0,8076847;2,563345;0,2511612;-0,8935944;2,471274; 
0,1701781;0,9150643;2,563285;0,1888637;0,2454798;2,534976;0,1827733;0,3135056;2,601112;0,1725189;0,7207442;2,613695;-0,009105898;0,5799713;2,58624;-0,03793344;0,28811;2,580475;-0,03453542;0,05584837;2,496233;-0,02365735;-0,005649719;2,468396;0,3701514;0,589784;2,609736;0,4021133;0,2761095;2,572778;0,425172;0,04061662;2,505377;0,3899736;-0,04210722;2,460843;0,1073582;0,1581544;2,516275;0,1420217;-0,4363054;2,558499;0,159082;-0,815615;2,561977;0,1571517;-0,9003679;2,473168;0,2764264;0,1657231;2,521117;0,2728058;-0,4402052;2,562468;0,2504666;-0,8076054;2,563681;0,2510837;-0,8936026;2,471176; 
0,1711518;0,9153576;2,563744;0,1898388;0,2459571;2,535271;0,183559;0,3137993;2,60132;0,1731722;0,7202753;2,61357;-0,008908952;0,5798871;2,586159;-0,03746331;0,2886568;2,579958;-0,03331191;0,0562702;2,495994;-0,02239925;-0,004649596;2,468418;0,3711841;0,5895709;2,61038;0,4023816;0,2760164;2,572996;0,4243443;0,04048869;2,505034;0,3964627;-0,04235179;2,461957;0,1081086;0,1585698;2,516253;0,1416965;-0,4360613;2,558229;0,1588876;-0,8153477;2,561794;0,1578128;-0,8998529;2,473313;0,2777253;0,1658903;2,521743;0,2733203;-0,4399749;2,562505;0,2507894;-0,8066776;2,56418;0,2520085;-0,8932164;2,471318; 
0,1716665;0,9154341;2,563657;0,1899681;0,2459307;2,535317;0,183725;0,3136807;2,60138;0,1742825;0,7194515;2,613718;-0,008788738;0,5798357;2,586018;-0,03717155;0,2886749;2,579693;-0,03234912;0,05626723;2,495658;-0,02139976;-0,004575985;2,468179;0,3721582;0,5888573;2,610723;0,4029426;0,2766002;2,573878;0,4236069;0,04104476;2,505275;0,39766;-0,04315339;2,462196;0,1081472;0,1585581;2,516225;0,1416629;-0,4360865;2,558203;0,1589064;-0,8157953;2,56159;0,1581352;-0,9005425;2,472428;0,2778815;0,1656695;2,521842;0,2739806;-0,4402494;2,562354;0,2509882;-0,8085331;2,563103;0,2519436;-0,8944097;2,470622; 
0,1721503;0,915338;2,563663;0,1905566;0,2459689;2,535352;0,1843206;0,3136496;2,601382;0,1748667;0,7189403;2,613461;-0,008672576;0,5797111;2,585991;-0,03614977;0,2884601;2,579098;-0,03201475;0,05573323;2,49592;-0,02191713;-0,004744118;2,46833;0,3726763;0,5888798;2,610859;0,4031102;0,2764183;2,574216;0,4228789;0,04082091;2,505218;0,3976986;-0,0431145;2,462274;0,1086204;0,1584105;2,516071;0,1417618;-0,4360324;2,558142;0,1588281;-0,816333;2,561409;0,1579401;-0,9008207;2,471225;0,2786445;0,1656696;2,52204;0,2741675;-0,4402993;2,562319;0,2481376;-0,8109996;2,561913;0,2516111;-0,8942261;2,470783; 
0,1728898;0,915161;2,563525;0,1907212;0,2459778;2,535427;0,1846401;0,3135644;2,601481;0,1765537;0,7180361;2,613647;-0,008476449;0,5796884;2,586029;-0,03551745;0,2885941;2,579036;-0,03146274;0,0556519;2,496423;-0,02249731;-0,004249168;2,468678;0,3734515;0,5875688;2,610753;0,4037366;0,2767208;2,575835;0,422474;0,04127494;2,505593;0,3983842;-0,04334352;2,462603;0,108674;0,1584642;2,516021;0,142676;-0,435779;2,557814;0,1594284;-0,8165293;2,561474;0,1589685;-0,9000465;2,472141;0,2787665;0,1655044;2,522228;0,2739761;-0,4400026;2,562223;0,2487683;-0,810408;2,562376;0,2542031;-0,8938553;2,470948; 
0,173562;0,9150252;2,563519;0,1913978;0,2458994;2,53549;0,185309;0,313458;2,601524;0,1771273;0,717876;2,613569;-0,008127852;0,5796188;2,585962;-0,03529437;0,2885453;2,579123;-0,03027967;0,0554437;2,496956;-0,0224511;-0,004531937;2,46881;0,3743526;0,5872781;2,611104;0,4037144;0,2766992;2,575883;0,4225132;0,04122677;2,505563;0,3986101;-0,0432535;2,462856;0,1092265;0,1582245;2,515892;0,1425249;-0,4358707;2,557785;0,1594834;-0,8169177;2,560694;0,1589816;-0,9002854;2,471343;0,2794957;0,1653799;2,522418;0,2740506;-0,4399933;2,562208;0,2489074;-0,8104614;2,562274;0,2540492;-0,8938854;2,470903; 
0,1741923;0,9152385;2,563422;0,1917861;0,2459276;2,535415;0,1857409;0,3135114;2,601411;0,1775379;0,717907;2,613164;-0,007852043;0,5796334;2,586043;-0,0342382;0,2889419;2,578735;-0,03014813;0,05563837;2,497046;-0,02256247;-0,004594903;2,468753;0,3745472;0,5873242;2,611127;0,4042523;0,2778815;2,576741;0,4224755;0,04245935;2,505812;0,3995629;-0,04312351;2,46345;0,1096326;0,1582043;2,515703;0,1422252;-0,4358971;2,557757;0,1597497;-0,8171782;2,560582;0,159028;-0,9003617;2,470935;0,2797879;0,1653855;2,522457;0,2737174;-0,4408377;2,562317;0,2488483;-0,8105446;2,562318;0,2538302;-0,8939753;2,470797; 
0,1746668;0,9154409;2,563688;0,192341;0,245997;2,535474;0,1863706;0,3135737;2,60144;0,1785711;0,7177681;2,612917;-0,006806506;0,5801214;2,586227;-0,03376565;0,2891161;2,578713;-0,02955769;0,05578375;2,496965;-0,02254373;-0,004811913;2,468577;0,3752035;0,5874938;2,611431;0,4062944;0,2783825;2,578216;0,4226089;0,04307279;2,506028;0,4010679;-0,04247636;2,464535;0,1101973;0,1583298;2,515723;0,1419476;-0,4354918;2,557592;0,1599332;-0,8170762;2,560768;0,1599081;-0,9001796;2,471185;0,2800893;0,1653833;2,522538;0,2736861;-0,4408635;2,562274;0,2490959;-0,810347;2,562859;0,2531046;-0,8941417;2,470568; 
0,1749533;0,9153174;2,563824;0,1929626;0,2457018;2,535566;0,1870219;0,3133414;2,601537;0,1789585;0,7178324;2,612993;-0,006461201;0,5800676;2,586423;-0,03330014;0,2890822;2,578747;-0,02896091;0,05571002;2,496986;-0,02252323;-0,005635937;2,468324;0,375474;0,5872711;2,611303;0,4070461;0,2783805;2,578383;0,4231175;0,0429702;2,506355;0,4028169;-0,04139782;2,466042;0,1107321;0,1580599;2,51571;0,1420204;-0,4354579;2,557537;0,1599323;-0,8170857;2,560822;0,1597645;-0,9003969;2,470928;0,2807355;0,1650441;2,522705;0,273726;-0,4408222;2,562185;0,2495139;-0,810169;2,562924;0,2526201;-0,8942742;2,470854; 
0,1755153;0,9153492;2,564107;0,1932099;0,2456128;2,53562;0,1874328;0,3131735;2,601591;0,1801789;0,7170634;2,612921;-0,005902976;0,5801899;2,586651;-0,03279638;0,2891689;2,578985;-0,02885683;0,0557889;2,497063;-0,02272942;-0,005736994;2,468507;0,3757449;0,5872693;2,611301;0,4083784;0,2782886;2,578882;0,4242455;0,04280458;2,50691;0,4037072;-0,04101159;2,46706;0,1108899;0,1580358;2,515713;0,1444755;-0,4347392;2,55679;0,1602239;-0,817048;2,560854;0,1606358;-0,8999096;2,472649;0,2808641;0,1649235;2,522779;0,2738454;-0,4411968;2,562306;0,2492728;-0,810529;2,562859;0,2527493;-0,8941582;2,471017; 
0,1758901;0,9153025;2,564075;0,1939193;0,2453768;2,535739;0,188217;0,3129197;2,601742;0,1811609;0,7170234;2,613275;-0,005176854;0,5801837;2,586987;-0,03245697;0,2891417;2,579144;-0,02855822;0,0557947;2,496938;-0,02275879;-0,005757219;2,468508;0,37709;0,5869582;2,611681;0,4090872;0,2780557;2,579285;0,4255173;0,04249275;2,50761;0,4047789;-0,04133463;2,468032;0,1114508;0,1578206;2,515769;0,1441773;-0,4347406;2,55674;0,1605667;-0,8177277;2,560674;0,1608063;-0,8999673;2,472599;0,2815371;0,164535;2,522827;0,2740514;-0,4412401;2,562277;0,2499116;-0,8097438;2,563838;0,2527429;-0,8941465;2,470999; 
0,1770284;0,9150606;2,564345;0,1944593;0,2447105;2,535877;0,1891199;0,3123116;2,601883;0,1836719;0,7167523;2,613296;-0,004536378;0,5802718;2,587618;-0,03161269;0,2892663;2,579525;-0,02816151;0,05591053;2,49717;-0,02214438;-0,04997285;2,456462;0,3773098;0,5863215;2,611237;0,4096662;0,2782879;2,579689;0,4260402;0,04269154;2,507954;0,4182787;-0,04323661;2,478453;0,1117679;0,1574509;2,515959;0,1439991;-0,4347988;2,556834;0,1608663;-0,8176972;2,560851;0,1608135;-0,9000388;2,472383;0,2817731;0,1638413;2,522908;0,274052;-0,441321;2,562297;0,2494604;-0,8100538;2,563907;0,2523196;-0,8941321;2,471086; 
0,1771825;0,9152256;2,564481;0,1947306;0,2444938;2,535984;0,1895412;0,3121299;2,602017;0,1842121;0,7169223;2,613589;-0,003739887;0,5803065;2,588253;-0,03103522;0,2891362;2,579775;-0,02810555;0,05579424;2,497194;-0,02303198;-0,05015416;2,456445;0,3776517;0,5861291;2,61115;0,4103037;0,2785007;2,579753;0,4264584;0,04278259;2,508282;0,420795;-0,04307807;2,480668;0,1120319;0,1572433;2,516145;0,1449123;-0,4351758;2,556927;0,1608862;-0,8177674;2,56077;0,1606116;-0,8999512;2,472095;0,2818958;0,1636913;2,522911;0,2741692;-0,4414457;2,562309;0,2496345;-0,8100721;2,563801;0,2520066;-0,8942432;2,470946; 
0,1775992;0,9148023;2,564316;0,1951394;0,2443377;2,536259;0,1900736;0,3119967;2,602345;0,184993;0,7173029;2,614288;-0,003098148;0,5807092;2,588793;-0,03070554;0,2889439;2,580085;-0,02748;0,0554989;2,497714;-0,02347041;-0,01499214;2,474002;0,378858;0,5860911;2,611322;0,411016;0,278166;2,580029;0,427483;0,04244645;2,508461;0,4232467;-0,04255628;2,48211;0,1123298;0,157012;2,516615;0,1446869;-0,4354041;2,557067;0,1622384;-0,8182389;2,560843;0,161423;-0,900429;2,4737;0,2823054;0,1634426;2,52293;0,2745603;-0,4423574;2,562459;0,2498262;-0,8102672;2,563753;0,2527338;-0,8946197;2,470551; 
0,1778851;0,9148427;2,564419;0,1958841;0,2439253;2,536445;0,1909807;0,3116378;2,602557;0,185683;0,7172452;2,614549;-0,002266455;0,5808756;2,589604;-0,02985177;0,2884021;2,580276;-0,02700556;0,05496371;2,49771;-0,02323746;-0,01358148;2,474223;0,3791237;0,5858176;2,611134;0,4121058;0,2783855;2,580585;0,4280698;0,04268976;2,508587;0,4244824;-0,04176468;2,4829;0,1130658;0,1565901;2,517048;0,1472444;-0,436192;2,557325;0,1623212;-0,8182298;2,560924;0,1613892;-0,9004139;2,473269;0,2828957;0,1631652;2,522867;0,274783;-0,442473;2,562495;0,2495033;-0,8101856;2,563835;0,2511528;-0,8945919;2,470342; 
0,1789379;0,9143565;2,564355;0,1963799;0,2435618;2,536637;0,1916167;0,3113042;2,602742;0,186192;0,7170047;2,614616;-0,001572232;0,5811523;2,590476;-0,02941356;0,2895964;2,581029;-0,02667757;0,0561019;2,498498;-0,02335499;-0,01234697;2,475028;0,3796229;0,5858452;2,611214;0,4127092;0,278114;2,580629;0,4284671;0,04232514;2,508778;0,4297512;-0,06953472;2,48851;0,1135666;0,1561198;2,517424;0,1474479;-0,4363416;2,557428;0,1629161;-0,8183711;2,560967;0,1613831;-0,9004072;2,473211;0,2833091;0,1628398;2,522914;0,2748632;-0,4427275;2,562527;0,2498073;-0,8100289;2,563949;0,2505894;-0,8949044;2,469543; 
0,1796797;0,9143344;2,564472;0,1980501;0,2428783;2,537087;0,1932363;0,3107878;2,603152;0,1867497;0,7169229;2,614771;-0,001216613;0,5810466;2,591094;-0,02864813;0,2901582;2,582072;-0,02580758;0,05670419;2,499255;-0,02259616;-0,01163124;2,475276;0,3800986;0,585339;2,610849;0,4136559;0,2775633;2,580745;0,4291241;0,04172538;2,508842;0,4299843;-0,07018333;2,488393;0,1151865;0,1552432;2,518083;0,1483279;-0,4365038;2,557592;0,1637376;-0,8178272;2,561393;0,1622306;-0,9007089;2,472234;0,285376;0,1621681;2,52322;0,2749316;-0,4428158;2,562478;0,2495605;-0,8102431;2,563672;0,2503989;-0,8950911;2,468886; 
0,1808144;0,914066;2,564847;0,1986487;0,2428355;2,537254;0,1941184;0,3107001;2,603377;0,1879683;0,7168832;2,615329;-0,000787679;0,5817403;2,592165;-0,02726897;0,290671;2,582663;-0,02571589;0,05730021;2,499363;-0,02242652;-0,01062719;2,475127;0,3804031;0,5852693;2,610653;0,4141853;0,2776219;2,580735;0,4292609;0,04170738;2,508863;0,4134407;-0,04210239;2,475913;0,1156563;0,1551522;2,51833;0,1495409;-0,4369083;2,557794;0,1640801;-0,8178152;2,561572;0,1620041;-0,9006186;2,47192;0,2858807;0,1621506;2,523186;0,2748918;-0,4429793;2,562577;0,2495478;-0,8102468;2,563686;0,2504206;-0,8951874;2,468678; 
0,1815882;0,9140089;2,56496;0,1992664;0,242823;2,53745;0,1948513;0,310626;2,603554;0,1883415;0,7164825;2,615373;-0,0005090653;0,5823913;2,593307;-0,02619804;0,2910202;2,58318;-0,02506713;0,05764394;2,499746;-0,02216021;-0,004479001;2,475855;0,3807508;0,5851876;2,610591;0,4143929;0,2778757;2,580844;0,4297092;0,04191108;2,509071;0,413767;-0,04263937;2,475926;0,116298;0,154911;2,518693;0,1492302;-0,4367794;2,557794;0,1645549;-0,8181743;2,56147;0,1625117;-0,9006296;2,471752;0,2866019;0,1622422;2,523221;0,2750623;-0,4434515;2,562833;0,2496009;-0,8105043;2,563627;0,2500898;-0,8952754;2,468718; 
0,1832549;0,9130843;2,564299;0,1998003;0,2424863;2,537573;0,1955351;0,310129;2,603726;0,1889161;0,7154112;2,615915;-4,543643E-05;0,5821524;2,593984;-0,02479043;0,2901799;2,584117;-0,02444337;0,05697563;2,499947;-0,02194349;-0,02178077;2,470669;0,3813272;0,5839841;2,610248;0,4150051;0,2777348;2,580953;0,4300202;0,04176125;2,508968;0,4168266;-0,04259713;2,476804;0,1167807;0,1546252;2,518978;0,148652;-0,4366822;2,557935;0,1646503;-0,8171566;2,561977;0,1622458;-0,9005802;2,47252;0,287219;0,1618853;2,523027;0,2755403;-0,4432784;2,562924;0,2505167;-0,8093875;2,564053;0,2513959;-0,8949184;2,46932; 
0,1835697;0,9128767;2,564395;0,1999141;0,2423923;2,537652;0,1957063;0,3099866;2,603835;0,1889895;0,7151914;2,616215;0,0007516585;0,5814571;2,594656;-0,02408284;0,2904593;2,584494;-0,02392446;0,05704758;2,500896;-0,02223621;-0,02142543;2,47086;0,3825309;0,5841272;2,610748;0,4159087;0,2776555;2,581318;0,4305475;0,04171914;2,508916;0,4193332;-0,04224535;2,477566;0,1168859;0,1545104;2,519136;0,1491551;-0,4367863;2,557978;0,1651737;-0,8173636;2,561942;0,1636469;-0,9001056;2,474051;0,2873698;0,1617333;2,522969;0,2756492;-0,4434763;2,563023;0,248103;-0,8117262;2,56285;0,251764;-0,8950791;2,470114; 
0,1839522;0,9127772;2,564312;0,2002612;0,2421875;2,537875;0,1962308;0,3095887;2,604134;0,1902539;0,7142048;2,617125;0,0011668;0,581099;2,59514;-0,02281113;0,2944393;2,586869;-0,02378515;0,06134178;2,50209;-0,02174518;-0,01706201;2,471939;0,3832589;0,5839028;2,610974;0,4170622;0,277172;2,582146;0,4307805;0,04136407;2,508844;0,4158215;-0,04249052;2,476114;0,117134;0,154157;2,51953;0,1495544;-0,4367287;2,558099;0,1655652;-0,8177363;2,561975;0,1639489;-0,8999971;2,474767;0,2876311;0,1615968;2,522924;0,2760011;-0,4434844;2,563144;0,2487378;-0,8112407;2,563005;0,251877;-0,8950347;2,470112; 
0,1849175;0,9129579;2,56442;0,2009908;0,242321;2,538293;0,1970627;0,3097691;2,604543;0,1908835;0,7145091;2,617367;0,001463122;0,5814568;2,596004;-0,02253161;0,2945187;2,587053;-0,02358647;0,06136034;2,502363;-0,02185124;-0,01747353;2,47319;0,3837882;0,5841243;2,611159;0,4183022;0,2776665;2,583493;0,4316381;0,0420417;2,509222;0,4193159;-0,06757889;2,481461;0,1176652;0,1541786;2,519921;0,1495817;-0,4365523;2,558135;0,1659324;-0,8171813;2,562529;0,1632826;-0,8998535;2,475172;0,2884395;0,1616803;2,523291;0,2763329;-0,4432615;2,563258;0,2488349;-0,8110294;2,563047;0,251906;-0,8950262;2,470169; 
0,1855209;0,9124623;2,564485;0,2017695;0,241964;2,538653;0,1979176;0,3093607;2,605007;0,1916846;0,7144695;2,618569;0,002239003;0,5810602;2,596635;-0,02181609;0,293379;2,587452;-0,02355102;0,06016327;2,50285;-0,02165024;-0,0008076666;2,478234;0,3843518;0,5844336;2,611474;0,4184319;0,277605;2,583428;0,432025;0,04191242;2,509348;0,4202685;-0,0679932;2,482182;0,1184882;0,153721;2,520411;0,1487688;-0,4365774;2,558254;0,1659141;-0,8171941;2,562486;0,1632059;-0,8998726;2,474199;0,289086;0,1615102;2,523314;0,2765571;-0,4431658;2,563301;0,2491192;-0,8112698;2,5636;0,2517972;-0,8950112;2,470212; 
0,1860671;0,9123207;2,564405;0,2022929;0,2416587;2,538807;0,1986354;0,3090542;2,605176;0,1926302;0,7141966;2,618693;0,003693026;0,5819327;2,597729;-0,0215537;0,2932605;2,58771;-0,02314654;0,06009094;2,502816;-0,02145417;-0,001549491;2,477775;0,3847373;0,5842856;2,611549;0,4196513;0,2765343;2,584367;0,432601;0,04104261;2,509186;0,4022433;-0,05790315;2,461815;0,1190284;0,1534775;2,520664;0,1492688;-0,4363966;2,558284;0,1658953;-0,8171801;2,562627;0,1641322;-0,899708;2,4761;0,289354;0,1613645;2,523359;0,2768189;-0,4430001;2,563473;0,2495383;-0,8110173;2,563776;0,2528624;-0,894789;2,47048; 
0,1871091;0,9119538;2,56448;0,2031186;0,241107;2,539062;0,1994537;0,3086355;2,605396;0,1930685;0,7141252;2,618699;0,004728461;0,5814648;2,598205;-0,02095538;0,292472;2,588574;-0,02307343;0,05959798;2,50259;-0,02072107;-0,003221569;2,476907;0,3854558;0,5830497;2,611498;0,4211762;0,2768168;2,585658;0,4334684;0,04152641;2,509414;0,4184739;-0,06762647;2,480525;0,1199412;0,1531233;2,521157;0,1496801;-0,4363733;2,558372;0,1657391;-0,817156;2,562332;0,1640731;-0,8997496;2,476025;0,290077;0,1608248;2,52348;0,2769268;-0,4428763;2,563622;0,2497567;-0,8107523;2,563511;0,2531081;-0,8947008;2,470605; 
0,1873254;0,9117761;2,564546;0,2035269;0,2411855;2,539296;0,2000454;0,3086707;2,605679;0,1944528;0,7141162;2,619235;0,005334002;0,581802;2,598779;-0,02047235;0,2926311;2,589011;-0,02309075;0,05962165;2,503366;-0,01986332;-0,003418782;2,477526;0,385861;0,5830011;2,61167;0,4215954;0,2764737;2,586162;0,4342465;0,04119314;2,509807;0,4207981;-0,06852992;2,482074;0,1203054;0,1533085;2,521479;0,1503009;-0,4363831;2,558392;0,165937;-0,8165102;2,562539;0,1640409;-0,8995967;2,476007;0,2902946;0,1608426;2,523551;0,278486;-0,4416824;2,563657;0,2497269;-0,8107117;2,563501;0,253492;-0,8942467;2,47077; 
0,1880518;0,9119174;2,564807;0,205039;0,2407428;2,5399;0,2015741;0,3084618;2,606204;0,1955893;0,7145104;2,619295;0,005930553;0,5816143;2,599503;-0,02034764;0,2929542;2,589352;-0,02246016;0,05992812;2,503625;-0,01993746;-0,003624877;2,477628;0,3861435;0,5827874;2,611791;0,422549;0,2759798;2,587041;0,4368694;0,04051962;2,51162;0,4230271;-0,06914017;2,483504;0,1218433;0,1529606;2,522227;0,1508785;-0,4365935;2,558776;0,1660359;-0,8164281;2,562525;0,1525766;-0,9000409;2,476413;0,291813;0,1604054;2,524233;0,2785001;-0,4415531;2,563661;0,2506174;-0,810046;2,563337;0,2533624;-0,8942306;2,47081; 
0,1884268;0,9118103;2,564734;0,2057135;0,2404702;2,540329;0,2023196;0,3083026;2,606637;0,196193;0,7148305;2,619688;0,006572772;0,5815342;2,600138;-0,02009314;0,2934247;2,590108;-0,02217511;0,06042959;2,504157;-0,02023899;-0,003465018;2,47825;0,3864538;0,5828962;2,611912;0,4232032;0,2758424;2,587842;0,4374013;0,04053889;2,51164;0,4239786;-0,06927212;2,483582;0,1226596;0,1525895;2,522809;0,1518855;-0,437226;2,558939;0,1661449;-0,8165431;2,562509;0,157652;-0,8999459;2,472294;0,2923268;0,1603086;2,524544;0,2785738;-0,4415372;2,563682;0,2509728;-0,8105276;2,563264;0,2517741;-0,8942236;2,470162; 
0,189275;0,9120051;2,564852;0,2063796;0,2404244;2,540564;0,2032399;0,3083253;2,606879;0,1980449;0,715187;2,619751;0,007049012;0,581943;2,600702;-0,01954975;0,2928602;2,590487;-0,02183672;0,05996569;2,504084;-0,02027816;-0,00337551;2,478389;0,3866425;0,5830873;2,611871;0,4233607;0,2758498;2,588056;0,4380688;0,04062994;2,511504;0,4242284;-0,06916539;2,483251;0,1232893;0,1526677;2,523268;0,1523104;-0,4370057;2,55899;0,1661783;-0,8165056;2,562598;0,1595863;-0,8992853;2,47444;0,2927552;0,1602498;2,524626;0,2790529;-0,4415157;2,563898;0,2509008;-0,810523;2,563293;0,2520515;-0,8940924;2,470678; 
0,1899081;0,9119822;2,565093;0,2067661;0,2402504;2,540852;0,2036249;0,3081677;2,607154;0,1983267;0,7150541;2,619892;0,007634358;0,5817493;2,601137;-0,01950346;0,2928307;2,590903;-0,02063518;0,05985677;2,50461;-0,02046936;-0,00348825;2,480119;0,3879139;0,5832042;2,612421;0,4244764;0,2757245;2,588985;0,4404247;0,04067293;2,511956;0,4268913;-0,06912277;2,483217;0,1236363;0,1523387;2,523767;0,15343;-0,4382831;2,559739;0,1659647;-0,8168976;2,562649;0,1597134;-0,8997688;2,474131;0,2932043;0,1600951;2,524766;0,2795336;-0,4415765;2,56398;0,251966;-0,8113513;2,563043;0,2514297;-0,8947012;2,469896; 
0,1902862;0,9117466;2,565234;0,2075964;0,2400452;2,541432;0,2044733;0,3079823;2,607791;0,1987885;0,7152123;2,620866;0,008155107;0,581562;2,601636;-0,01878646;0,2913976;2,591378;-0,01993523;0,05851404;2,504665;-0,02070039;-0,02128552;2,47678;0,3881987;0,5832902;2,612482;0,4251115;0,2761236;2,589355;0,4410263;0,04111966;2,511993;0,4272331;-0,06875105;2,483378;0,1245141;0,152122;2,524386;0,1541287;-0,4386178;2,560002;0,1666732;-0,8160529;2,563528;0,1610323;-0,89911;2,474548;0,2940631;0,1599965;2,525182;0,2795925;-0,4416787;2,564061;0,2513401;-0,8117609;2,562964;0,252064;-0,8944013;2,470074; 
0,1906527;0,9117705;2,565254;0,2087186;0,2397418;2,541817;0,2056434;0,3077505;2,608222;0,1997038;0,7154308;2,621491;0,008861994;0,5820711;2,60226;-0,01862335;0,2917057;2,591567;-0,01923863;0,05870317;2,505107;-0,02066281;-0,02139857;2,47796;0,3885395;0,5829896;2,612445;0,4262434;0,2759141;2,589826;0,4424774;0,04082051;2,51274;0,4292298;-0,06930307;2,48455;0,1256497;0,1520234;2,524702;0,153134;-0,4381127;2,559944;0,1670364;-0,8162732;2,563334;0,1613154;-0,8989612;2,475025;0,2951571;0,1596348;2,52556;0,280046;-0,4416708;2,564288;0,2511435;-0,8116436;2,562773;0,2520792;-0,8943782;2,470086; 
0,1908692;0,9114755;2,565455;0,2091286;0,2396827;2,542068;0,2061165;0,3076625;2,608514;0,2002262;0,7154015;2,62201;0,009885299;0,5818818;2,603037;-0,01789539;0,290738;2,591783;-0,01885045;0,0577801;2,505053;-0,02047303;-0,02229669;2,477659;0,3900814;0,5831562;2,613108;0,4264589;0,2756948;2,589817;0,4437404;0,04064217;2,512711;0,4313453;-0,06966294;2,484516;0,1259681;0,1519428;2,524954;0,1531898;-0,4380484;2,56001;0,1666665;-0,8166849;2,563163;0,1613411;-0,8990538;2,4752;0,2956072;0,1595575;2,5257;0,2809856;-0,4412163;2,564277;0,2512495;-0,8112114;2,562618;0,2536164;-0,8943294;2,469982; 
0,1912673;0,9113045;2,565403;0,2101202;0,2394912;2,542597;0,2071256;0,3075313;2,60902;0,2008186;0,7153898;2,622317;0,01080559;0,5817453;2,603644;-0,017487;0,2901851;2,592533;-0,01853537;0,05736597;2,505222;-0,02026374;-0,02268732;2,477589;0,3912481;0,5832964;2,613295;0,4271209;0,2754568;2,589961;0,4444581;0,04036562;2,512867;0,4311853;-0,06960694;2,48348;0,1268672;0,1515577;2,525607;0,1537647;-0,4381971;2,560268;0,1664052;-0,8166124;2,563319;0,1615625;-0,8991491;2,474586;0,2968439;0,1594661;2,526159;0,2811148;-0,4411221;2,564322;0,2511444;-0,8114468;2,562804;0,2531015;-0,8943681;2,469809; 
0,1917639;0,9112678;2,565889;0,2106593;0,2399707;2,543093;0,2075071;0,3078968;2,609434;0,2009728;0,715333;2,622435;0,01164434;0,5826718;2,604472;-0,01692485;0,2896756;2,593013;-0,01811236;0,0569059;2,5054;-0,02000543;-0,02304934;2,47754;0,3938845;0,5836534;2,614561;0,4288598;0,2739465;2,590191;0,4450808;0,03897952;2,512157;0,4547803;-0,04435681;2,482349;0,1272203;0,1519352;2,526058;0,1539959;-0,4380677;2,56028;0,1664004;-0,8164204;2,563349;0,1662268;-0,8997726;2,475754;0,2975951;0,159657;2,5266;0,2814721;-0,4407243;2,564322;0,2513022;-0,8106046;2,562698;0,2537702;-0,8943164;2,470075; 
0,1919907;0,9113617;2,565881;0,2110368;0,2401413;2,543326;0,208008;0,3080972;2,609618;0,2013542;0,7154477;2,622322;0,01274248;0,5839402;2,605963;-0,01598028;0,2895311;2,59362;-0,0179775;0,05690461;2,505413;-0,02001931;-0,02302848;2,477552;0,395104;0,5834678;2,614929;0,4298903;0,2721763;2,59055;0,4457239;0,03736058;2,511678;0,45187;-0,04464069;2,481132;0,1275258;0,1520524;2,526329;0,1548302;-0,4385891;2,560752;0,1666247;-0,8166918;2,563221;0,1664148;-0,8998739;2,475461;0,2980331;0,1597182;2,526877;0,2813276;-0,4406625;2,564489;0,2522852;-0,8089834;2,564083;0,2529813;-0,8944442;2,469916; 
0,1927705;0,9114946;2,566726;0,2110963;0,2401327;2,543489;0,208223;0,3079814;2,609838;0,2028001;0,7149805;2,623102;0,01360992;0,5847099;2,606919;-0,0155695;0,2891914;2,593786;-0,01749658;0,05647655;2,505703;-0,01835607;-0,02401763;2,479238;0,3965495;0,5834287;2,61543;0,4300097;0,2722083;2,590439;0,4461477;0,03737745;2,51152;0,4378836;-0,07363041;2,484089;0,1274642;0,1520749;2,526557;0,154758;-0,438376;2,560798;0,1667979;-0,8163831;2,563385;0,1661561;-0,8995143;2,475539;0,2980569;0,1596077;2,526936;0,2814753;-0,4407106;2,564644;0,2521096;-0,8087122;2,564242;0,2531916;-0,8941119;2,4701; 
0,1927803;0,9114181;2,566531;0,2115355;0,2402603;2,543851;0,2087539;0,3080464;2,610129;0,2032135;0,7145171;2,623034;0,01408725;0,5852197;2,60769;-0,01454374;0,288589;2,594057;-0,0171985;0,05587699;2,505829;-0,0174268;-0,02476984;2,479601;0,3968893;0,5833796;2,615362;0,4307953;0,272227;2,590474;0,4465991;0,03729148;2,511678;0,4380219;-0,07374735;2,484087;0,1279707;0,1521754;2,527205;0,1547709;-0,4383558;2,560823;0,1668177;-0,8162919;2,563413;0,1662631;-0,8995042;2,475529;0,2984272;0,159668;2,527144;0,2816181;-0,4408254;2,564785;0,2524077;-0,8083321;2,564504;0,2545577;-0,8940499;2,469936; 
0,1931675;0,9114873;2,566149;0,2122186;0,2400343;2,544145;0,2097199;0,3077703;2,610408;0,2052108;0,7135851;2,622858;0,01503332;0,5848418;2,608104;-0,01436593;0,2885533;2,594345;-0,01693172;0,0558127;2,506048;-0,01665486;-0,02506592;2,480352;0,397124;0,5832376;2,61531;0,432997;0,2712197;2,590832;0,4472473;0,03650665;2,510674;0,4390486;-0,075089;2,484952;0,1285032;0,1519861;2,527559;0,1538467;-0,4384349;2,561189;0,1664836;-0,8160366;2,563291;0,1658238;-0,8997957;2,47465;0,2989068;0,159564;2,527404;0,281899;-0,4408388;2,564944;0,2513362;-0,80817;2,564593;0,2543361;-0,8939173;2,469858; 
0,1939;0,911266;2,565997;0,2135242;0,2398904;2,544696;0,2113808;0,3074179;2,611041;0,2082404;0,7124768;2,623941;0,01594567;0,5845063;2,608467;-0,01387989;0,2883295;2,594545;-0,01597924;0,05527976;2,507072;-0,01426252;-0,0255013;2,480927;0,3975845;0,5832638;2,615421;0,4337999;0,2716735;2,590806;0,4476057;0,03700279;2,510225;0,4396009;-0,07487895;2,485329;0,1294282;0,1518736;2,527989;0,1539547;-0,4383846;2,561254;0,1667596;-0,8158333;2,56344;0,1660017;-0,8996136;2,474917;0,3000133;0,1595302;2,527852;0,2817614;-0,4413071;2,565243;0,2514622;-0,8083385;2,564722;0,2546079;-0,8937685;2,470459; 
0,1945734;0,9112329;2,565908;0,2139578;0,2399926;2,545021;0,2118547;0,3075092;2,611279;0,2083207;0,7124261;2,623892;0,01668833;0,5856459;2,609341;-0,01319577;0,2880289;2,594697;-0,01526408;0,05472508;2,507885;-0,01265552;-0,02588096;2,481335;0,3977956;0,5832557;2,615326;0,4347097;0,2715638;2,590903;0,4480011;0,03694515;2,509848;0,4438977;-0,04834325;2,470544;0,1301072;0,1520143;2,528767;0,1550038;-0,4391404;2,561609;0,1668213;-0,8158343;2,56343;0,1662787;-0,8992184;2,475572;0,3003645;0,1596282;2,528029;0,2821762;-0,441019;2,565349;0,2520353;-0,8076439;2,564731;0,2538306;-0,8937322;2,470865; 
0,1950196;0,9111162;2,566188;0,2143839;0,2395045;2,545242;0,2123956;0,3070308;2,611517;0,2087196;0,7120828;2,624113;0,01759144;0,5848579;2,609684;-0,01196092;0,2856063;2,595822;-0,01497483;0,05262271;2,507829;-0,01195587;-0,02806384;2,481643;0,3978547;0,5832815;2,615268;0,4356923;0,2705989;2,591032;0,4493636;0,03658584;2,507735;0,4435968;-0,0480721;2,47015;0,1305582;0,1515808;2,529073;0,1564659;-0,4398051;2,562011;0,1670038;-0,8157724;2,563522;0,1655861;-0,8995994;2,474324;0,3005963;0,1594154;2,528126;0,282746;-0,4407275;2,565369;0,251827;-0,8086787;2,564192;0,2529723;-0,8937549;2,470122; 
0,195479;0,9111962;2,566263;0,2145722;0,238943;2,545411;0,2129199;0,3065802;2,611685;0,2106731;0,712084;2,624271;0,01847461;0,58448;2,610171;-0,01008589;0,2882245;2,596936;-0,01360373;0,05488853;2,509948;-0,0117522;-0,02555603;2,483002;0,3979899;0,5829139;2,614618;0,4367418;0,2707654;2,591176;0,4492216;0,03686608;2,507092;0,4421898;-0,04718779;2,469951;0,1306145;0,1512571;2,529422;0,157234;-0,4400119;2,562253;0,1671222;-0,8157824;2,563941;0,1656829;-0,8998215;2,473971;0,3005554;0,1589866;2,52815;0,283047;-0,4406126;2,565433;0,251375;-0,8096519;2,563481;0,250364;-0,8939701;2,469904; 
0,1961993;0,9112545;2,566215;0,2151649;0,2387427;2,545581;0,2134311;0,3064715;2,611778;0,2106458;0,7120761;2,624135;0,01879789;0,5842638;2,610502;-0,009013969;0,2893505;2,597851;-0,012218;0,0558483;2,511239;-0,009352585;-0,02425435;2,483234;0,3985222;0,5829491;2,614542;0,4376141;0,2702392;2,59126;0,4502167;0,03626937;2,507278;0,4436414;-0,07507514;2,479806;0,1313581;0,1507579;2,529703;0,1578951;-0,4402709;2,56233;0,1664622;-0,8160855;2,564346;0,1657486;-0,8998628;2,473875;0,3014185;0,1588734;2,528437;0,2833098;-0,440558;2,565459;0,2517108;-0,8094728;2,563652;0,250282;-0,8941922;2,46951; 
0,1974361;0,9112666;2,5663;0,2154521;0,2385799;2,545687;0,2139533;0,3063817;2,611887;0,2112987;0,7123609;2,62413;0,02048592;0,5846112;2,611073;-0,007318029;0,2977024;2,600186;-0,01184661;0,06399237;2,514211;-0,008636495;-0,01605133;2,485895;0,3992996;0,5823822;2,613892;0,4381069;0,2702373;2,590971;0,4532729;0,03617866;2,507691;0,4443271;-0,07498781;2,479832;0,1316429;0,150693;2,529959;0,1597601;-0,4403159;2,562182;0,1667964;-0,8163648;2,56401;0,1659583;-0,8997625;2,473592;0,3015268;0,1587962;2,528458;0,2835684;-0,4411092;2,565382;0,2517189;-0,8094957;2,56363;0,2499297;-0,8941557;2,469413; 
0,1995513;0,9112244;2,566378;0,2160994;0,2384401;2,545789;0,2149564;0,3062166;2,612006;0,2136816;0,7121031;2,624181;0,0214336;0,5844933;2,611174;-0,006682357;0,2989913;2,600012;-0,0110654;0,06499356;2,514866;-0,008366012;-0,01482902;2,485698;0,4001337;0,58253;2,613657;0,4394195;0,2696491;2,591124;0,4539027;0,0357801;2,506921;0,4448588;-0,07566184;2,479856;0,1321031;0,1507117;2,53026;0,1611769;-0,4399134;2,56225;0,1672615;-0,8155669;2,56418;0,166931;-0,8996597;2,474329;0,3019173;0,1586039;2,528357;0,2842499;-0,4412585;2,565314;0,2526374;-0,8097736;2,563571;0,2513388;-0,8942245;2,469436; 
0,2010366;0,9110211;2,566445;0,2173644;0,237976;2,546037;0,2163464;0,3058512;2,612171;0,2149964;0,711803;2,623751;0,02229537;0,584044;2,611312;-0,005875559;0,2980406;2,599924;-0,009911045;0,06389816;2,515126;-0,005422931;-0,007240915;2,486239;0,4016471;0,5820743;2,613531;0,4408447;0,2693371;2,59055;0,454679;0,03521928;2,506944;0,4480048;-0,07667392;2,48068;0,1331215;0,1500894;2,530766;0,1616546;-0,4399946;2,562502;0,1663604;-0,8155133;2,564416;0,1652575;-0,9001014;2,472711;0,3032564;0,1581444;2,528511;0,2845654;-0,4413053;2,565284;0,2505956;-0,8108822;2,563005;0,2512481;-0,8942443;2,469152; 
0,2027311;0,9106136;2,566782;0,2185733;0,2375017;2,546325;0,2173676;0,3055771;2,612398;0,2155288;0,7119877;2,623689;0,02393642;0,5840853;2,610904;-0,004634149;0,2999064;2,599966;-0,008653853;0,06557074;2,51571;-0,003934319;-0,009215532;2,485766;0,4032161;0,5815003;2,613625;0,4420525;0,2690518;2,590024;0,4568046;0,03469691;2,507317;0,4492682;-0,07712014;2,481018;0,1344438;0,1496882;2,531238;0,1622122;-0,4402706;2,562858;0,1663858;-0,8154163;2,564554;0,1660762;-0,9000222;2,472926;0,3044016;0,157603;2,52879;0,2850437;-0,4413186;2,565314;0,2506529;-0,8109039;2,562961;0,2508648;-0,8943356;2,468953; 
0,2053936;0,9100069;2,566577;0,2199728;0,2366584;2,546468;0,2187816;0,3048663;2,612554;0,2175578;0,7119617;2,623838;0,02640145;0,5836332;2,610156;-0,00316686;0,3024749;2,60046;-0,00609233;0,06800793;2,516493;-0,00548501;-0,01141705;2,485809;0,4049023;0,5813017;2,613783;0,4434158;0,2679956;2,58948;0,4593378;0,03357157;2,507175;0,4529609;-0,07837263;2,480738;0,1355591;0,1491;2,531487;0,1635495;-0,4410622;2,56385;0,1664198;-0,8154514;2,564611;0,1666388;-0,9002169;2,472474;0,3056051;0,1567811;2,528843;0,2870146;-0,4419177;2,565281;0,2518673;-0,8111554;2,562568;0,2507401;-0,8945335;2,468487; 
0,2080572;0,9097971;2,566628;0,2222827;0,2362663;2,546405;0,2208315;0,304745;2,612412;0,2190854;0,7125771;2,623224;0,0283155;0,5827465;2,609044;-0,0008500025;0,2974387;2,598811;-0,003537881;0,06305838;2,514414;-0,0006887189;-0,01052298;2,484597;0,407906;0,5803406;2,613616;0,4478773;0,2662073;2,589399;0,467966;0,03192078;2,507608;0,4591936;-0,07959628;2,480129;0,1378914;0,1483617;2,531474;0,1646349;-0,440995;2,564637;0,166481;-0,8146451;2,564768;0,1667393;-0,9002476;2,472664;0,3081944;0,1563936;2,528954;0,2880754;-0,4419746;2,56512;0,2511829;-0,8122205;2,561822;0,2506856;-0,8945005;2,467931; 
0,2127543;0,9104025;2,566543;0,2245615;0,2356924;2,546485;0,223003;0,3044977;2,612364;0,2214187;0,7131709;2,622279;0,03072216;0,5825933;2,608143;0,001634803;0,2948756;2,597529;-0,001135045;0,06039138;2,513353;0,00265804;-0,01337982;2,48273;0,4096487;0,5805485;2,613617;0,4541641;0,2661662;2,589401;0,4772373;0,03175972;2,508877;0,4679606;-0,07900233;2,478247;0,140468;0,1482632;2,531575;0,1657763;-0,4410264;2,565022;0,1662494;-0,8148819;2,564547;0,1668095;-0,9002572;2,472653;0,3101805;0,1554274;2,529407;0,288578;-0,4422517;2,565093;0,2515137;-0,8120147;2,561738;0,2507044;-0,8944674;2,467807; 
0,2154131;0,911357;2,567012;0,2262374;0,2358349;2,545969;0,2247876;0,3050053;2,611637;0,2241388;0,7141636;2,619605;0,032967;0,5829447;2,607361;0,003783393;0,2945992;2,596931;-0,0004594848;0,06003684;2,512946;0,005377184;-0,01532703;2,480312;0,411981;0,5801424;2,613181;0,4604136;0,2647425;2,588755;0,4945333;0,02931426;2,505848;0,4787608;-0,0811051;2,47633;0,1421403;0,1485804;2,531409;0,1665858;-0,4404971;2,564807;0,1663158;-0,8142292;2,565214;0,166274;-0,8986663;2,475697;0,3115574;0,155313;2,529031;0,2895623;-0,4423635;2,564159;0,2527242;-0,8113284;2,561813;0,2519847;-0,8943194;2,467834; 
0,2189472;0,9126073;2,56811;0,2290106;0,2361262;2,545527;0,2273753;0,3054476;2,611179;0,2274411;0,7153141;2,619238;0,03835023;0,5833429;2,604864;0,007093183;0,2973594;2,597004;0,000770607;0,06277335;2,513107;0,008406987;-0,01970103;2,477205;0,4157853;0,5822124;2,613214;0,4753761;0,2649173;2,586677;0,5217469;-0,004620459;2,48593;0,4919422;-0,1143527;2,466174;0,1447968;0,149096;2,531447;0,1665369;-0,4403171;2,564816;0,1650952;-0,8141437;2,56492;0,1661081;-0,898643;2,476008;0,3141783;0,1556437;2,528232;0,2930514;-0,4407768;2,562567;0,2533877;-0,8113122;2,561464;0,2532799;-0,8942993;2,468131; 
0,2223825;0,9149674;2,569158;0,2304302;0,2370927;2,544788;0,2287958;0,3068919;2,61031;0,2330268;0,7186908;2,617638;0,04396758;0,584947;2,601473;0,008753704;0,2970601;2,596766;0,001181635;0,06237489;2,513152;0,008017575;-0,01960933;2,476938;0,4206979;0,5848155;2,613566;0,5020192;0,2696975;2,58404;0,5498928;0,001380888;2,480555;0,5430945;-0,09931586;2,460335;0,1460668;0,1505379;2,531206;0,1663502;-0,4391585;2,56408;0,1629139;-0,8130392;2,5652;0,1518192;-0,895779;2,482001;0,3150206;0,1561757;2,527293;0,2956873;-0,4379797;2,560485;0,2541814;-0,811292;2,560331;0,257083;-0,8947549;2,467215; 
0,2270521;0,9161158;2,568392;0,2312259;0,2373077;2,5441;0,229728;0,3076068;2,609382;0,2376952;0,7207271;2,614914;0,05054777;0,5855339;2,598387;0,01049072;0,2970734;2,596506;0,0007332228;0,06240818;2,512919;0,007234369;-0,01919598;2,475748;0,4257473;0,5855991;2,612833;0,5262955;0,2788647;2,579543;0,5906075;0,0007349048;2,472615;0,5808502;-0,08245069;2,456593;0,1464383;0,15097;2,531087;0,1641218;-0,4375032;2,562247;0,1605153;-0,8127905;2,565746;0,1467485;-0,8958035;2,483665;0,3155193;0,1561594;2,526376;0,2971149;-0,4363015;2,558072;0,2549157;-0,8115637;2,55989;0,2605116;-0,8947977;2,466829; 
0,2320361;0,9190756;2,568039;0,2322245;0,2379581;2,5433;0,2309843;0,3086851;2,608338;0,2446883;0,7221283;2,612546;0,05831248;0,5872296;2,594885;0,01543244;0,2998798;2,596034;0,0009029908;0,0651096;2,513433;0,001324276;-0,004723191;2,481491;0,4351061;0,5898602;2,613133;0,5575142;0,2825904;2,571981;0,6369863;0,01982719;2,466887;0,6340156;-0,07088234;2,448065;0,1468823;0,1523352;2,530695;0,1504868;-0,4327022;2,555368;0,1555332;-0,8119521;2,566164;0,1429463;-0,8950884;2,484263;0,3159561;0,156161;2,525597;0,2998773;-0,4322174;2,553874;0,2566019;-0,8111775;2,559767;0,2622185;-0,8944061;2,466687; 
0,2373373;0,9222526;2,568818;0,232702;0,2382449;2,54261;0,232073;0,3094124;2,607396;0,2518994;0,7236619;2,610113;0,06350835;0,5889069;2,592542;0,0181352;0,2990272;2,594535;0,001270223;0,06422512;2,512342;0,0004333392;-0,00662215;2,479569;0,4386094;0,5922676;2,61157;0,5924606;0,2993112;2,572105;0,6834067;0,05176351;2,463068;0,6864997;-0,0494937;2,444849;0,1469242;0,1531286;2,530745;0,140545;-0,4287247;2,547971;0,147692;-0,8113033;2,565812;0,1354125;-0,8944936;2,485858;0,3158039;0,1560797;2,523952;0,3016975;-0,42988;2,551075;0,2589381;-0,8103976;2,558023;0,2638364;-0,8945084;2,466583; 
0,24274;0,9247229;2,568482;0,2338299;0,2388839;2,540984;0,2339449;0,3107601;2,605419;0,2575235;0,7272313;2,60672;0,07148123;0,591454;2,589334;0,01991165;0,299518;2,593265;0,001111384;0,06464137;2,511653;-0,002136772;-0,01349835;2,477927;0,4429218;0,5949796;2,608929;0,6095448;0,3224038;2,573371;0,7359957;0,07257058;2,462716;0,7578244;-0,009236074;2,439115;0,1476779;0,1546627;2,53051;0,1314888;-0,427697;2,544124;0,1214872;-0,8068129;2,567885;0,09645814;-0,8949552;2,480929;0,3158601;0,1563039;2,521229;0,3029627;-0,4264653;2,548646;0,2609307;-0,8092565;2,557901;0,2660263;-0,8946142;2,466801; 
0,24867;0,9250948;2,567165;0,2345587;0,2390698;2,539739;0,2351363;0,3110899;2,604026;0,2599413;0,727513;2,60492;0,07498412;0,5925868;2,587856;0,02316913;0,3004;2,591606;0,001015443;0,0657669;2,510014;-0,00239271;-0,01258434;2,476893;0,4490846;0,5940911;2,607182;0,6290863;0,3422385;2,57409;0,7887752;0,09984312;2,452436;0,8178036;0,01496514;2,427346;0,1478332;0,1553214;2,529891;0,1114028;-0,4555868;2,549503;0,07985426;-0,8092203;2,554708;0,04299414;-0,8888838;2,453074;0,31611;0,1558162;2,519975;0,3048341;-0,421946;2,544763;0,2614503;-0,8090612;2,557569;0,2660191;-0,8946558;2,466727; 
0,2530842;0,9258922;2,565535;0,2351816;0,2392105;2,538518;0,2363247;0,3116204;2,602494;0,2658523;0,7277133;2,601121;0,08033638;0,5940719;2,586098;0,02592486;0,3015726;2,589617;0,00133403;0,06741425;2,507075;-0,005289506;-0,006172165;2,472244;0,4548159;0,5934584;2,605998;0,662871;0,36762;2,577885;0,8000817;0,183697;2,474306;0,8522649;0,09027485;2,431451;0,1478675;0,1558231;2,529306;0,0979998;-0,4407452;2,547082;0,03292741;-0,8097981;2,539389;-0,01347372;-0,8815578;2,435699;0,3160557;0,1555343;2,518961;0,3055981;-0,4172724;2,541951;0,2536132;-0,8088003;2,554406;0,2657907;-0,8946643;2,466914; 
0,2567426;0,9264964;2,564907;0,2361861;0,2400496;2,537177;0,2374779;0,3127119;2,600973;0,2701052;0,7287979;2,599153;0,0857383;0,5949661;2,583411;0,03011816;0,304706;2,587441;-0,0004852321;0,07136299;2,5044;-0,01131493;-0,007119026;2,467188;0,4652417;0,5938261;2,60697;0,6906944;0,3839727;2,57837;0,8485745;0,2216901;2,469668;0,918691;0,1247165;2,414834;0,1479736;0,1566438;2,528354;0,07650273;-0,4405837;2,548649;-0,01789044;-0,8123116;2,516984;-0,07016619;-0,8763147;2,418526;0,3164112;0,155706;2,518061;0,3042346;-0,4136323;2,53879;0,2594116;-0,8076373;2,554734;0,2699479;-0,8948918;2,466902; 
0,2625098;0,9279094;2,563349;0,2385576;0,2410961;2,534599;0,2403042;0,3138064;2,598484;0,2768478;0,7304674;2,597895;0,09061491;0,5956576;2,580509;0,03208574;0,3043095;2,585132;-0,001970962;0,07134692;2,502336;-0,01371918;-0,007421832;2,465967;0,469749;0,5935509;2,606603;0,7006739;0,4039093;2,58182;0,8884451;0,2740211;2,477821;0,9109785;0,257523;2,460147;0,1491788;0,1581471;2,525813;0,04021701;-0,4450852;2,547817;-0,06793994;-0,8081791;2,499452;-0,1172407;-0,8592655;2,406618;0,3177862;0,1560208;2,515787;0,3039103;-0,4090734;2,534369;0,2612491;-0,8064644;2,553955;0,2711488;-0,8946513;2,46681; 
0,2670228;0,9271401;2,559856;0,2405735;0,2441302;2,531511;0,2423862;0,3160858;2,59567;0,2785236;0,7307709;2,596202;0,09471098;0,5965891;2,578914;0,03948377;0,311922;2,582076;-0,004360896;0,08054921;2,499448;-0,01568597;0,006285858;2,466998;0,4762163;0,5949846;2,60587;0,7135854;0,4348155;2,590017;0,9134793;0,3244402;2,486072;0,9638339;0,2637487;2,422085;0,1508245;0,1620228;2,523073;0,01316667;-0,4304292;2,543424;-0,1106386;-0,7727796;2,499915;-0,1714303;-0,8375677;2,398968;0,3189417;0,1575844;2,51228;0,3051922;-0,4011151;2,527901;0,2622469;-0,8059513;2,553071;0,2727777;-0,8947126;2,467083; 
0,2735686;0,9296308;2,559693;0,2422381;0,2472702;2,529134;0,2444711;0,3189742;2,593446;0,2818958;0,7328017;2,594699;0,09980071;0,5973639;2,57761;0,04329577;0,3161279;2,580962;-0,007336114;0,08630975;2,497809;-0,01955943;0,01187078;2,464727;0,4861642;0,5969224;2,60514;0,7251883;0,4556249;2,59167;0,9297534;0,3562334;2,485437;0,9975339;0,2938135;2,380121;0,1517172;0,1654692;2,520344;-0,01565595;-0,4092933;2,538084;-0,1453471;-0,7636638;2,498854;-0,2212669;-0,8105134;2,398106;0,3199659;0,159305;2,510077;0,305013;-0,3956136;2,522271;0,2645908;-0,8035632;2,552883;0,2733236;-0,8946227;2,467264; 
0,2774649;0,9328362;2,558249;0,2457025;0,2529405;2,52609;0,2485835;0,3237787;2,590482;0,2888027;0,734049;2,591502;0,1059234;0,5986264;2,576394;0,04441474;0,3127798;2,577268;-0,0196429;0,08717178;2,491405;-0,02677513;0,02942713;2,463881;0,4919445;0,6009327;2,603839;0,7373736;0,4783224;2,590535;0,9482327;0,4010045;2,477491;0,9983238;0,3671898;2,411042;0,1550178;0,1734954;2,517176;-0,03247827;-0,3659768;2,530096;-0,2006494;-0,7582858;2,49116;-0,279194;-0,789735;2,39275;0,3218298;0,1626675;2,507028;0,304882;-0,3924468;2,517288;0,2649593;-0,8026829;2,552462;0,2738947;-0,894565;2,467298; 
0,2830519;0,9336441;2,557256;0,2495971;0,2563071;2,523686;0,252959;0,3270766;2,588268;0,2964912;0,7374306;2,590997;0,1139801;0,600071;2,574303;0,04451697;0,3118614;2,574909;-0,02481004;0,08799854;2,488486;-0,03157189;0,02851122;2,460681;0,5027601;0,6070238;2,604185;0,7505643;0,4932449;2,592983;0,9604104;0,4189742;2,475499;1,027759;0,4181736;2,423325;0,1585098;0,1777709;2,514549;-0,04030667;-0,3529072;2,527815;-0,2573436;-0,7198885;2,471714;-0,3384345;-0,7612926;2,372533;0,3247664;0,164539;2,504064;0,3031533;-0,3889342;2,512039;0,2655134;-0,8006834;2,551979;0,2739793;-0,8945602;2,467253; 
0,2857055;0,9336053;2,556681;0,2506486;0,2583413;2,522599;0,254261;0,3289368;2,587199;0,3006553;0,7381594;2,58975;0,1201845;0,6001821;2,572222;0,04430779;0,3112991;2,573483;-0,02948168;0,08821563;2,489046;-0,03553769;0,02872279;2,461022;0,5086108;0,6097699;2,603699;0,7911115;0,5144365;2,58365;0,9986807;0,4472011;2,456976;1,004627;0,4479929;2,437373;0,1591066;0,1806775;2,513464;-0,06173215;-0,3295328;2,523399;-0,2652975;-0,6537211;2,497246;-0,3474837;-0,7084562;2,405725;0,3252424;0,1655813;2,502841;0,3017893;-0,388947;2,508889;0,2659946;-0,8004489;2,551105;0,2739983;-0,8949674;2,467398; 
0,2890027;0,9339948;2,555129;0,2528949;0,2618028;2,520133;0,2570233;0,3315248;2,584786;0,3066311;0,7363431;2,58636;0,1226992;0,6000776;2,571657;0,04684805;0,3183418;2,570225;-0,04213774;0,09973961;2,489416;-0,05704116;0,01194238;2,452675;0,5112648;0,6110243;2,602895;0,7922597;0,5180191;2,583944;1,004132;0,4615217;2,459399;1,06867;0,4508037;2,404912;0,1610097;0,1849883;2,51091;-0,07336698;-0,3074532;2,52199;-0,3071849;-0,6650592;2,479047;-0,3918927;-0,7073987;2,3833;0,3263066;0,1678491;2,50037;0,2989773;-0,3857616;2,504569;0,2658943;-0,7999505;2,55066;0,2740017;-0,8947854;2,467592; 
0,2920177;0,9325604;2,553424;0,2543092;0,2633479;2,518242;0,2588981;0,3327534;2,582903;0,308698;0,7364166;2,584982;0,125718;0,5995498;2,571158;0,04604771;0,3187629;2,569305;-0,04397235;0,1003247;2,489497;-0,05795315;0,01466245;2,453363;0,514599;0,6115036;2,601299;0,7581906;0,5489886;2,598378;0,9748961;0,5009577;2,479495;1,038721;0,4897781;2,424313;0,1619706;0,1868481;2,50947;-0,08044219;-0,2989393;2,521532;-0,317938;-0,6545374;2,486163;-0,4160825;-0,6763962;2,396443;0,3276608;0,1689008;2,497489;0,2973042;-0,3853178;2,502968;0,2660584;-0,8001621;2,550115;0,2740803;-0,8950008;2,468067; 
0,29485;0,932821;2,552677;0,2576187;0,2659158;2,516458;0,2626404;0,334729;2,581222;0,3130369;0,7363805;2,584092;0,1296783;0,5987254;2,570216;0,04605328;0,3196368;2,56939;-0,04577826;0,1019825;2,489625;-0,05970052;0,01622435;2,453478;0,5187738;0,6130737;2,59972;0,7581931;0,5489581;2,598729;0,9761349;0,5056632;2,480442;1,039898;0,4945522;2,425219;0,1657386;0,1905744;2,50692;-0,0865106;-0,2743984;2,519428;-0,3238073;-0,6304218;2,492041;-0,4211278;-0,6625914;2,404426;0,3297463;0,1703566;2,495968;0,2963217;-0,3848961;2,501829;0,2661011;-0,8000075;2,550138;0,2740767;-0,8949241;2,468185; 
0,2983193;0,9333932;2,551182;0,2630522;0,2699907;2,514118;0,2680891;0,3377434;2,579085;0,3174789;0,7363815;2,583134;0,1317352;0,5985374;2,570036;0,04585865;0,3207622;2,569042;-0,0473082;0,1032273;2,49076;-0,06150506;0,01668357;2,45433;0,5260221;0,6149716;2,599561;0,8136895;0,5466089;2,585824;1,024654;0,5001259;2,455089;1,088362;0,4890623;2,399839;0,1693865;0,1936873;2,50449;-0,08878139;-0,2691821;2,519219;-0,3718771;-0,5901286;2,480055;-0,4572918;-0,6566277;2,399608;0,3359933;0,173423;2,492965;0,2951868;-0,3819076;2,501553;0,2662538;-0,7995846;2,550034;0,2741119;-0,8944321;2,469115; 
0,3023999;0,9341892;2,5489;0,2650215;0,2718268;2,513406;0,2703587;0,3393361;2,578325;0,3203725;0,7365903;2,582231;0,1346991;0,5993465;2,569581;0,04542934;0,3238622;2,570052;-0,05485959;0,106871;2,501595;-0,0643768;0,02983243;2,467126;0,5286204;0,6158214;2,598314;0,8137851;0,5467451;2,585832;1,029191;0,5121179;2,459195;1,098327;0,5121779;2,409734;0,1709122;0,1960298;2,5035;-0,09448802;-0,2645514;2,519498;-0,3773703;-0,5858821;2,478959;-0,4663004;-0,6542852;2,404097;0,3381394;0,1747726;2,492335;0,2949539;-0,3816821;2,501794;0,2661515;-0,799337;2,550012;0,2740815;-0,8941755;2,469541; 
0,3074957;0,9346985;2,546997;0,2670048;0,2730215;2,51268;0,2723206;0,3406794;2,577453;0,3239125;0,7374152;2,580685;0,139944;0,6000668;2,56744;0,04436024;0,3275017;2,570771;-0,06349599;0,1135601;2,504807;-0,06306449;0,05475362;2,474493;0,5322409;0,6166515;2,598261;0,8146608;0,5480234;2,586528;1,030697;0,5163438;2,460222;1,011317;0,5220865;2,459699;0,1725901;0,197594;2,502554;-0,1129569;-0,2471436;2,513918;-0,3971711;-0,5676292;2,476115;-0,4753544;-0,6478345;2,405804;0,3401462;0,1756732;2,49191;0,2944709;-0,3801121;2,502776;0,2661251;-0,7992927;2,550003;0,2739277;-0,8940597;2,46982; 
0,3113258;0,9344019;2,546045;0,2675114;0,273264;2,512099;0,2731878;0,3410475;2,576813;0,3262049;0,7381656;2,579757;0,1440197;0,6024401;2,567082;0,04336214;0,3321989;2,571833;-0,06417028;0,117659;2,507728;-0,0614811;0,06356639;2,478145;0,534524;0,6161046;2,596389;0,8161163;0,5489866;2,586879;1,03346;0,5196112;2,4625;1,098392;0,5105793;2,408524;0,17289;0,1980692;2,501986;-0,1160208;-0,2440176;2,517441;-0,4011279;-0,5637971;2,47557;-0,4797463;-0,641284;2,410804;0,3406235;0,1759485;2,491341;0,2940718;-0,3796446;2,503931;0,2660896;-0,8005532;2,549141;0,2734106;-0,8945258;2,470099; 
0,3169194;0,9349808;2,544405;0,2691523;0,2742935;2,51147;0,2751219;0,3421676;2,576192;0,3298448;0,7395962;2,579458;0,1468079;0,6032805;2,565867;0,04284078;0,3343276;2,574159;-0,0663456;0,1182677;2,511793;-0,08411873;0,0233486;2,472966;0,5376934;0,6164746;2,595504;0,8175301;0,5500318;2,587262;1,035442;0,5243536;2,463075;1,100575;0,5109658;2,410335;0,1742559;0,1996039;2,500912;-0,1155135;-0,241635;2,517571;-0,4018475;-0,560545;2,47625;-0,4841002;-0,635033;2,411805;0,3420357;0,1765963;2,491002;0,2936239;-0,3795064;2,505116;0,2661618;-0,800729;2,549138;0,2722519;-0,894998;2,47118; 
0,3204241;0,9350547;2,542541;0,2694006;0,2745218;2,511312;0,2756267;0,3425883;2,576012;0,3335085;0,7411244;2,579422;0,1488935;0,6036576;2,565059;0,04176338;0,3365259;2,575561;-0,06769936;0,1155972;2,511757;-0,08547257;0,02067794;2,472929;0,5391608;0,6160473;2,594893;0,8375283;0,5538021;2,585896;1,050075;0,5247559;2,452287;1,008403;0,5304346;2,463418;0,1741641;0,20033;2,500313;-0,1169496;-0,2398008;2,517146;-0,4078662;-0,5547609;2,476182;-0,4870186;-0,6309593;2,41159;0,3422123;0,176725;2,491047;0,2934594;-0,3790248;2,506965;0,2658657;-0,8004141;2,549489;0,2719051;-0,8947064;2,471621; 
0,3220057;0,9352466;2,542032;0,2715592;0,2750302;2,510365;0,2778379;0,3430609;2,575094;0,335579;0,7413839;2,578866;0,1509381;0,6041153;2,564181;0,04105259;0,3374017;2,576741;-0,07185537;0,1099288;2,51339;-0,08962865;0,01500946;2,474562;0,5405585;0,6160841;2,594664;0,837226;0,5536559;2,586116;1,049779;0,5279258;2,451706;1,080078;0,5088773;2,292324;0,175564;0,200978;2,499167;-0,1179249;-0,2373246;2,516825;-0,4103371;-0,5510982;2,476024;-0,4882921;-0,627174;2,4116;0,3449487;0,1773553;2,490379;0,2917217;-0,3822433;2,510363;0,2646491;-0,8025712;2,549319;0,2707077;-0,8947132;2,472659; 
0,3250678;0,9340969;2,541652;0,2732781;0,2755718;2,510263;0,2793457;0,3434935;2,575098;0,3372139;0,7414869;2,579494;0,1526062;0,6041754;2,562942;0,03939445;0,3382332;2,577759;-0,07688047;0,1033542;2,515878;-0,09465376;0,00843479;2,477051;0,544259;0,6158819;2,595429;0,8385581;0,5541063;2,58604;1,051346;0,5296105;2,451748;1,081002;0,5117455;2,296669;0,1765306;0,2014651;2,498423;-0,1183835;-0,2356269;2,516959;-0,4114132;-0,5490034;2,475722;-0,4900093;-0,627274;2,411042;0,3474104;0,1776516;2,49081;0,2901404;-0,3828348;2,512549;0,2646584;-0,8025885;2,5494;0,2706743;-0,8947784;2,472652; 
0,3265423;0,9346759;2,541656;0,2738454;0,2754149;2,510202;0,2796874;0,3433977;2,575036;0,3375103;0,7414858;2,579476;0,1538782;0,6043023;2,562042;0,03883848;0,3389136;2,579182;-0,07705076;0,1032502;2,516329;-0,09482404;0,008330843;2,477501;0,5452114;0,6156978;2,595905;0,8364665;0,554115;2,587927;1,049752;0,5320275;2,45402;1,081434;0,5134256;2,298163;0,1769674;0,2013356;2,498211;-0,1188178;-0,2349173;2,517535;-0,4119679;-0,5483173;2,474891;-0,4905974;-0,6272281;2,410743;0,348087;0,1775078;2,490933;0,2873372;-0,3874208;2,517185;0,2642223;-0,8027265;2,549757;0,2705892;-0,8950068;2,473412; 
0,3283201;0,9353645;2,542209;0,273324;0,2753254;2,510351;0,2791285;0,3434056;2,575082;0,3377708;0,7410991;2,579105;0,1551555;0,6045394;2,561142;0,03870285;0,3392605;2,58076;-0,07865551;0,1019472;2,520069;-0,09642881;0,007027816;2,481242;0,5459322;0,6149099;2,596722;0,8346213;0,5543128;2,589582;1,047918;0,5346008;2,455243;1,081754;0,5168289;2,301072;0,1764029;0,2015629;2,498208;-0,1189119;-0,2347845;2,517619;-0,409365;-0,5507663;2,472187;-0,4912145;-0,6285096;2,410903;0,3464584;0,1770826;2,491851;0,286592;-0,3899061;2,520942;0,2640331;-0,8027422;2,550328;0,2695124;-0,894974;2,474382; 
0,3293403;0,9353523;2,542272;0,2731178;0,2750739;2,510658;0,2787898;0,3433459;2,575269;0,3384662;0,7411284;2,579091;0,1566946;0,6042189;2,55997;0,03819587;0,3390096;2,582016;-0,07138813;0,1200658;2,540672;-0,08916141;0,02514644;2,501844;0,5464036;0,6145978;2,597394;0,8343768;0,5543042;2,589957;1,048473;0,5366382;2,456706;1,101254;0,5186439;2,392836;0,1762647;0,2016185;2,498329;-0,1192873;-0,2356683;2,518126;-0,4087731;-0,5526559;2,470913;-0,4915659;-0,6288881;2,410529;0,3456941;0,1764553;2,49284;0,2861651;-0,388805;2,522376;0,2631475;-0,8013197;2,552051;0,2694096;-0,8947208;2,474697; 
0,3295865;0,935498;2,542714;0,273047;0,2751113;2,511278;0,2785042;0,3434841;2,575738;0,3388658;0,7411322;2,57918;0,157056;0,6042547;2,559623;0,03855974;0,3390877;2,583183;-0,07146537;0,1199647;2,541191;-0,08923865;0,02504532;2,502363;0,5482717;0,613948;2,599209;0,8343624;0,5543265;2,590108;1,049594;0,5385705;2,458641;1,102607;0,520037;2,395146;0,1759264;0,2017201;2,498809;-0,1193619;-0,2361118;2,518087;-0,4080116;-0,553906;2,467937;-0,396505;-0,5948129;2,358622;0,3456886;0,1762818;2,493936;0,2859604;-0,3890118;2,523212;0,2630296;-0,8012878;2,552156;0,2693987;-0,8948901;2,475145; 
0,3300146;0,9354011;2,54303;0,2729512;0,2750217;2,511556;0,2782837;0,3434741;2,575955;0,3389139;0,7411295;2,579203;0,1573521;0,6039395;2,558929;0,03843728;0,3389634;2,584357;-0,07001583;0,1207975;2,543077;-0,08775522;0,02594624;2,504258;0,5486882;0,6133381;2,599646;0,8339229;0,554525;2,590332;1,049373;0,5426808;2,458778;1,000857;0,5430282;2,467045;0,1759158;0,201723;2,498852;-0,1195456;-0,236956;2,517848;-0,4076956;-0,5553646;2,466796;-0,3958802;-0,5962985;2,357536;0,3452963;0,1759644;2,494729;0,2853556;-0,3883512;2,523644;0,2627613;-0,8009812;2,552229;0,2689895;-0,8945463;2,475458; 
0,3302088;0,9352333;2,543053;0,2723651;0,2746209;2,512266;0,2779298;0,3433281;2,576463;0,3394445;0,7411973;2,579247;0,1576668;0,6038599;2,558517;0,03875323;0,3390773;2,585863;-0,06929795;0,1200384;2,54452;-0,0870712;0,02511904;2,505692;0,5484515;0,613088;2,599571;0,833416;0,5550194;2,59064;1,048146;0,5459728;2,457482;1,014618;0,5396005;2,452049;0,175537;0,2018811;2,499141;-0,1193329;-0,2376864;2,517792;-0,4089758;-0,5550176;2,468054;-0,3970489;-0,5960148;2,35883;0,3437059;0,1750482;2,496664;0,2846774;-0,3880293;2,52393;0,2625825;-0,8009396;2,552253;0,2684555;-0,8942105;2,475579; 
0,3302695;0,9352934;2,543117;0,2722294;0,2746193;2,512528;0,2777006;0,343369;2,576645;0,3392474;0,7410719;2,57904;0,1576772;0,6038016;2,558335;0,03897271;0,3387048;2,587124;-0,06841229;0,1198309;2,547178;-0,08565074;0,02600148;2,508472;0,5488239;0,6125779;2,600002;0,8328722;0,5552533;2,591265;1,047149;0,5467705;2,457219;1,007089;0,5437473;2,46266;0,1752848;0,2018615;2,499572;-0,1194886;-0,2389936;2,51776;-0,409331;-0,5563699;2,468606;-0,495379;-0,6371446;2,403329;0,3436932;0,1750122;2,496823;0,2838206;-0,3869143;2,523759;0,2621544;-0,7998511;2,552403;0,2678211;-0,8926626;2,476344; 
0,3303082;0,9352544;2,542995;0,2719017;0,2745595;2,512717;0,2772695;0,3433881;2,576756;0,3390135;0,7409124;2,578616;0,1577308;0,6037589;2,55782;0,03935449;0,3388723;2,587933;-0,06802839;0,1194343;2,553538;-0,07973519;0,03691183;2,515776;0,5491593;0,6120441;2,600411;0,8349056;0,5572947;2,591129;1,048255;0,5470281;2,455533;1,088797;0,535706;2,309792;0,1747809;0,201787;2,499631;-0,1194462;-0,2401265;2,517269;-0,406221;-0,5602764;2,464746;-0,3938642;-0,6013636;2,355605;0,3434425;0,174886;2,497258;0,2835482;-0,385645;2,523228;0,2613694;-0,7982526;2,552509;0,2677835;-0,8923989;2,476462; 
0,3302114;0,9349644;2,542673;0,2706924;0,2744017;2,513186;0,2760322;0,3432719;2,577142;0,3379349;0,7405491;2,578306;0,1573607;0,603951;2,557669;0,03982214;0,3391543;2,588455;-0,06542069;0,1185911;2,555;-0,07136743;0,04845726;2,518187;0,5486742;0,6117085;2,600351;0,8335373;0,5588378;2,59136;1,046519;0,5488914;2,455063;1,088764;0,5357065;2,309797;0,1737415;0,2015981;2,499999;-0,1193853;-0,2412731;2,51676;-0,408475;-0,5596726;2,466353;-0,4957454;-0,6387461;2,400619;0,3422222;0,1748731;2,497852;0,2830676;-0,3850943;2,522988;0,2611796;-0,7981699;2,552531;0,2677938;-0,8922849;2,476518; 
0,3298177;0,934733;2,542895;0,2702726;0,2742212;2,513224;0,2756086;0,3430636;2,577169;0,3375636;0,7400554;2,57808;0,156818;0,6039194;2,557465;0,04004397;0,3389522;2,589072;-0,06534083;0,1184637;2,555377;-0,07404266;0,04252385;2,518113;0,5481111;0,611305;2,600072;0,8335688;0,562681;2,593577;1,044588;0,5488933;2,454228;1,08865;0,5357769;2,309712;0,1731044;0,2013609;2,499919;-0,1195553;-0,242357;2,51579;-0,4085529;-0,5611199;2,466856;-0,4956563;-0,6390564;2,399544;0,3419788;0,1747642;2,497924;0,2826516;-0,3852957;2,523003;0,2611283;-0,7982181;2,55271;0,2675181;-0,8922138;2,476767; 
0,3285357;0,9348915;2,543338;0,2687114;0,2744955;2,513226;0,2740909;0,3433102;2,577199;0,3363498;0,7402183;2,578036;0,1554564;0,6040576;2,557349;0,04030458;0,3383818;2,589901;-0,06537193;0,1181874;2,554306;-0,07551105;0,03917502;2,516929;0,5469371;0,6110436;2,599798;0,8309374;0,5630768;2,592903;1,043305;0,5512067;2,455659;1,104837;0,5386885;2,398962;0,1714079;0,2016452;2,499923;-0,1193443;-0,2431205;2,514805;-0,4085687;-0,5620454;2,469373;-0,4942186;-0,6381503;2,398176;0,3405966;0,1750651;2,497753;0,2819483;-0,3840287;2,522756;0,2611057;-0,7981029;2,552667;0,2669454;-0,8924829;2,476397