;0,07328434;0,7149383;2,605483;0,08917365;0,09609893;2,508561;0,08967737;0,1546995;2,571001;0,08997901;0,5196769;2,591276;-0,1147924;0,4032838;2,585547;-0,399908;0,3704019;2,619227;-0,6323693;0,3570265;2,649039;-0,6989283;0,3520617;2,656454;0,2765728;0,4147237;2,584193;0,5548393;0,3848716;2,618734;0,788534;0,3762719;2,64285;0,8574349;0,3851041;2,654432;0,002380286;0,007683249;2,487621;-0,02055211;-0,4969696;2,51338;-0,03897296;-0,8432329;2,50832;-0,08275566;-0,9037447;2,437475;0,1764519;0,0129694;2,489997;0,2118526;-0,5007352;2,51522;0,2397649;-0,8324674;2,510947;0,2799209;-0,8997076;2,442958; 
0,07376462;0,7149651;2,606375;0,08925767;0,0961573;2,508535;0,08976953;0,1547617;2,570984;0,09001034;0,5197567;2,591346;-0,1147439;0,4032817;2,585676;-0,3995806;0,3703262;2,619091;-0,6322899;0,3565985;2,647945;-0,698726;0,3520359;2,656281;0,2768168;0,4147594;2,584273;0,5548559;0,3848058;2,618637;0,7886533;0,376081;2,642637;0,8511549;0,3782054;2,651744;0,002422433;0,007695336;2,487606;-0,0205246;-0,4968494;2,51329;-0,03902525;-0,8433046;2,50801;-0,08275979;-0,9037135;2,437383;0,1765528;0,01302304;2,489916;0,2117056;-0,5003731;2,515103;0,2393939;-0,8316946;2,511056;0,27991;-0,8997145;2,442881; 
0,07443269;0,7140477;2,607085;0,08938961;0,09650052;2,508786;0,09004895;0,1549322;2,571353;0,09134179;0,519897;2,593235;-0,1146559;0,4033168;2,585727;-0,3996354;0,3703564;2,619016;-0,6325316;0,3566952;2,647254;-0,6991892;0,3544972;2,654263;0,2771543;0,4147027;2,584197;0,5509678;0,3827713;2,617612;0,784863;0,3763102;2,641886;0,8517238;0,3768223;2,651406;0,002579571;0,008062666;2,487891;-0,02061888;-0,4968737;2,513124;-0,03906687;-0,8433148;2,507959;-0,08266319;-0,903686;2,437359;0,1764491;0,0132309;2,489898;0,2116822;-0,5003667;2,515044;0,2395122;-0,8317217;2,510904;0,280053;-0,8997275;2,442849; 
0,07464182;0,7136624;2,606893;0,08955936;0,09672292;2,50879;0,09028243;0,1551186;2,571379;0,09175837;0,519912;2,593354;-0,1146651;0,4033211;2,585836;-0,3998764;0,3711377;2,616941;-0,633608;0,3604062;2,641571;-0,6889904;0,3876454;2,615511;0,2773106;0,4149271;2,584281;0,547249;0,3806433;2,614489;0,7816455;0,3756729;2,63617;0,8510991;0,3733588;2,644883;0,002589403;0,008279822;2,48775;-0,02059942;-0,4968885;2,513136;-0,0390804;-0,8433317;2,507932;-0,08262105;-0,9036801;2,437395;0,1766095;0,01335327;2,489954;0,2117069;-0,5003248;2,515047;0,2401587;-0,8309329;2,511262;0,2798333;-0,8993468;2,444866; 
0,07469526;0,713645;2,606728;0,0895861;0,09678825;2,508819;0,09030348;0,1551755;2,571404;0,09179496;0,5198959;2,593354;-0,1146511;0,4033347;2,585836;-0,3988582;0,3719664;2,614569;-0,6335565;0,3646418;2,634167;-0,6860473;0,365241;2,63476;0,2775202;0,4150818;2,584446;0,5496967;0,3817217;2,614522;0,7846195;0,3738107;2,632388;0,8483639;0,3700946;2,640104;0,002565852;0,008335167;2,487733;-0,0205638;-0,496871;2,513156;-0,03874203;-0,8436782;2,508009;-0,08311516;-0,9040358;2,437631;0,1766403;0,0133785;2,49001;0,2117252;-0,5003136;2,515032;0,2400256;-0,8310554;2,511227;0,279874;-0,8993573;2,44472; 
0,07467734;0,7136377;2,606697;0,08958451;0,09680062;2,508929;0,09034484;0,155223;2,571508;0,09202942;0,5200805;2,5934;-0,114596;0,4034993;2,585948;-0,3977714;0,3725785;2,611957;-0,6325924;0,365025;2,630967;-0,6945142;0,3869611;2,618194;0,2776792;0,4150932;2,584455;0,5500146;0,3821903;2,614144;0,7854365;0,3709693;2,628865;0,856562;0,3659024;2,637854;0,002532854;0,008357924;2,487905;-0,02053657;-0,4968986;2,513155;-0,03869566;-0,8437464;2,508122;-0,08313044;-0,9039812;2,437577;0,1765416;0,01332302;2,490138;0,2116791;-0,5000648;2,515048;0,2398882;-0,8305203;2,511261;0,279851;-0,8993383;2,444625; 
0,07479668;0,7135597;2,606527;0,08960187;0,0966977;2,509049;0,09035726;0,1551511;2,5716;0,09190563;0,5199544;2,593356;-0,114589;0,4035125;2,58599;-0,3975747;0,3727295;2,61153;-0,6326112;0,3649115;2,629204;-0,694693;0,3868151;2,617532;0,2777249;0,4151344;2,584446;0,5487522;0,38059;2,612855;0,7885158;0,3696382;2,62719;0,859547;0,3642179;2,636305;0,00254414;0,008268384;2,488046;-0,02051106;-0,4969584;2,513241;-0,03871685;-0,8437955;2,508024;-0,08300355;-0,9043909;2,437479;0,1765784;0,01309901;2,490332;0,2116807;-0,4999787;2,515091;0,2395945;-0,8301806;2,511314;0,2798367;-0,8992264;2,444124; 
0,07494032;0,7132429;2,606074;0,08968137;0,09666963;2,509099;0,09043563;0,1551378;2,571629;0,09200652;0,5198153;2,593203;-0,1145903;0,403516;2,585979;-0,3976611;0,3724934;2,610971;-0,6327903;0,3635237;2,627876;-0,6994879;0,3605571;2,630587;0,277858;0,4151357;2,584483;0,5465856;0,3792145;2,611683;0,7860571;0,3701999;2,625556;0,8570428;0,3645495;2,634767;0,002556614;0,008239123;2,488096;-0,02045205;-0,4969389;2,513295;-0,03886789;-0,8437317;2,508117;-0,08253939;-0,9043258;2,437843;0,1767422;0,01296944;2,490434;0,2116882;-0,4999725;2,515077;0,2396295;-0,8302495;2,511341;0,2799405;-0,8992672;2,444031; 
0,07446079;0,7139835;2,605009;0,08966447;0,0966567;2,509129;0,0904272;0,1551762;2,571637;0,09182286;0,5198897;2,592911;-0,1146052;0,4034765;2,58596;-0,3966496;0,3713897;2,610237;-0,632013;0,3594409;2,624372;-0,6985431;0,354926;2,627797;0,2778539;0,4151521;2,584435;0,5439081;0,3774096;2,610311;0,7818438;0,3689805;2,622039;0,8527089;0,3630805;2,631296;0,002528476;0,008206557;2,488177;-0,02032868;-0,4968401;2,513356;-0,03886135;-0,8439292;2,508226;-0,08256889;-0,9043633;2,437841;0,1767072;0,01293465;2,490521;0,211674;-0,4998857;2,515087;0,2395601;-0,830311;2,511375;0,2799165;-0,8992665;2,44395; 
0,07467363;0,7138693;2,604792;0,0896817;0,09654469;2,509125;0,09039936;0,1551212;2,571619;0,09153688;0,5197823;2,592635;-0,1143506;0,4031353;2,585686;-0,3977396;0,3661134;2,609188;-0,6330827;0,352986;2,623168;-0,69965;0,349743;2,626567;0,2778715;0,4151116;2,584414;0,5441674;0,3740486;2,609004;0,7800459;0,3669772;2,620584;0,8489075;0,3549874;2,624327;0,002558082;0,008131257;2,488192;-0,02030154;-0,4968433;2,513422;-0,03896556;-0,8438347;2,508419;-0,08259036;-0,9044073;2,437865;0,1767399;0,01281886;2,490551;0,2117107;-0,4999982;2,515122;0,2395976;-0,8302857;2,511361;0,2797616;-0,8992907;2,443996; 
0,07469166;0,7138905;2,604683;0,08965556;0,09619643;2,509135;0,09030647;0,1549278;2,571588;0,09111156;0,5196778;2,59211;-0,1139989;0,4028475;2,58534;-0,3969729;0,359626;2,608077;-0,6319869;0,3353853;2,61723;-0,6815412;0,3231762;2,619619;0,2778287;0,4150463;2,584395;0,5424811;0,3645178;2,605735;0,7824861;0,3513144;2,615239;0,8577737;0,3324667;2,61529;0,002591232;0,007892298;2,488357;-0,02033477;-0,4969058;2,513517;-0,03902413;-0,8439918;2,508428;-0,08260451;-0,9044335;2,43784;0,1767102;0,01254218;2,490576;0,2117242;-0,5001571;2,515249;0,2392844;-0,8308476;2,51101;0,2798643;-0,8993317;2,443731; 
0,07463994;0,7133904;2,603617;0,08952998;0,09570803;2,509144;0,09017018;0,1544868;2,571599;0,09091299;0,519389;2,592123;-0,1138404;0,4026972;2,585253;-0,3941661;0,3414816;2,607743;-0,6283085;0,304261;2,606374;-0,6941482;0,3022611;2,596117;0,2774995;0,4145024;2,584263;0,5376077;0,3566737;2,604532;0,7715369;0,3175532;2,601272;0,8335581;0,304467;2,601306;0,002530493;0,007676153;2,488347;-0,0203208;-0,496891;2,513665;-0,0390163;-0,8442751;2,508189;-0,08321545;-0,904923;2,438171;0,1765515;0,01215376;2,490644;0,2122873;-0,499623;2,515284;0,2393241;-0,8307642;2,511116;0,2798757;-0,8993247;2,443707; 
0,07488189;0,7130749;2,602835;0,08939644;0,0951302;2,50915;0,09000237;0,1540264;2,57159;0,09088597;0,519245;2,592053;-0,1130872;0,4023819;2,584703;-0,3752161;0,3149856;2,605328;-0,6092644;0,275398;2,595399;-0,6749297;0,2668957;2,588065;0,277402;0,4141749;2,584215;0,5351301;0,3383107;2,602228;0,7662709;0,2841199;2,58937;0,824942;0,2706488;2,589123;0,002507382;0,007440165;2,488305;-0,02036784;-0,4969587;2,513787;-0,03896379;-0,8441999;2,508222;-0,083194;-0,9049156;2,438172;0,1761992;0,01160128;2,490875;0,2122577;-0,5001818;2,515381;0,2394866;-0,8311226;2,511462;0,2799938;-0,8994048;2,443741; 
0,07523683;0,7128997;2,60205;0,08948871;0,09417679;2,509356;0,08998535;0,1532761;2,571713;0,09088517;0,5188955;2,591824;-0,1119741;0,4017024;2,583963;-0,3541738;0,299251;2,607356;-0,5808457;0,2289185;2,590744;-0,6396284;0,2167459;2,579589;0,2769485;0,4134641;2,584188;0,5268492;0,3150963;2,597311;0,7539109;0,2459932;2,58297;0,8436445;0,2369725;2,584084;0,00273835;0,006876179;2,488558;-0,02038666;-0,4969395;2,513844;-0,03895545;-0,8442447;2,5083;-0,08306636;-0,9048728;2,43844;0,1760878;0,01101016;2,491272;0,2123523;-0,5004131;2,515525;0,2394394;-0,8313972;2,511619;0,2802606;-0,8996399;2,443774; 
0,07511058;0,7135655;2,59919;0,0892334;0,09225579;2,509303;0,08951168;0,1520305;2,571627;0,09076288;0,5189588;2,591634;-0,109132;0,3993725;2,581852;-0,3456143;0,2710819;2,607473;-0,5625345;0,1758773;2,579595;-0,6216088;0,1531639;2,5694;0,2761675;0,4098025;2,583709;0,5131276;0,2937749;2,595394;0,729798;0,1980225;2,567382;0,7947505;0,1799218;2,55299;0,002779817;0,005952595;2,488721;-0,02031288;-0,4970656;2,513946;-0,03920382;-0,8443961;2,50804;-0,08299801;-0,9048341;2,438273;0,17556;0,009664763;2,491495;0,2123203;-0,5005012;2,515586;0,2394389;-0,8313956;2,51162;0,2805309;-0,8998533;2,443496; 
0,07520312;0,7130989;2,598142;0,08914261;0,09059793;2,509121;0,08930168;0,1506919;2,571382;0,09079922;0,5186732;2,591111;-0,1065678;0,3983936;2,580752;-0,3161717;0,2473968;2,608507;-0,5210982;0,1303251;2,570645;-0,5720747;0,1033046;2,555841;0,2756579;0,4079491;2,58356;0,4998057;0,2681729;2,588973;0,7012495;0,1473501;2,541844;0,7820134;0,1094722;2,527478;0,002979355;0,005252538;2,488637;-0,02047206;-0,4973003;2,514121;-0,03920015;-0,8443968;2,508037;-0,08289319;-0,9048275;2,43829;0,1749933;0,008447115;2,491823;0,2122717;-0,5019775;2,516345;0,23944;-0,831349;2,511623;0,2807111;-0,8997967;2,44345; 
0,07541665;0,7129617;2,597713;0,08938354;0,08877058;2,508919;0,08924444;0,1492153;2,571063;0,09083743;0,5181472;2,59006;-0,104276;0,3972668;2,579597;-0,3019013;0,2171857;2,608481;-0,4837302;0,07029144;2,554221;-0,5181428;0,03297424;2,529909;0,2750013;0,4057536;2,584043;0,4901138;0,239911;2,590516;0,6691338;0,09339663;2,52405;0,7153915;0,05397984;2,515953;0,003510806;0,004210251;2,488629;-0,02057256;-0,4971099;2,514136;-0,03927701;-0,8438568;2,507648;-0,08502159;-0,906077;2,438776;0,174852;0,007269197;2,492104;0,2120523;-0,5030296;2,516707;0,2396702;-0,8339093;2,511769;0,2803488;-0,9002188;2,443227; 
0,07525073;0,7108314;2,594784;0,08975829;0,08541188;2,50859;0,08895028;0,146571;2,570734;0,09064822;0,517863;2,589769;-0,09950473;0,3963653;2,576234;-0,2713654;0,1984234;2,607418;-0,4343628;0,03226879;2,547835;-0,4629239;-0,01668701;2,526764;0,2734339;0,4029725;2,583853;0,4718144;0,2042415;2,593134;0,632044;0,04202585;2,513736;0,6629436;-0,007516128;2,495685;0,004738375;0,002399847;2,488485;-0,02057813;-0,4970583;2,514238;-0,03940324;-0,8433326;2,507821;-0,08463251;-0,9058791;2,438944;0,1744947;0,005500791;2,492401;0,2120537;-0,5030294;2,516706;0,2396917;-0,8336084;2,511765;0,2803701;-0,9002164;2,443238; 
0,07528352;0,7105901;2,593961;0,08987821;0,08345804;2,508134;0,08843815;0,1448449;2,570197;0,09047852;0,5172125;2,588848;-0,09465459;0,3947811;2,572126;-0,2545249;0,1796243;2,604082;-0,3808255;-0,01451279;2,538836;-0,3943348;-0,07566805;2,526054;0,2731141;0,4014167;2,583872;0,4558266;0,1790493;2,587319;0,5777152;-0,01149847;2,501813;0,6098601;-0,0667822;2,482484;0,005243977;0,001384147;2,48822;-0,02078249;-0,4973194;2,514297;-0,03927627;-0,8432319;2,508074;-0,08443535;-0,9057822;2,439073;0,1742562;0,004318257;2,492473;0,2119957;-0,5030801;2,5167;0,2392429;-0,8334678;2,511941;0,2803455;-0,9001689;2,443295; 
0,07532029;0,7105061;2,59336;0,09004847;0,08082681;2,508365;0,08841559;0,1426655;2,570344;0,09051505;0,5167834;2,588637;-0,09309997;0,3935169;2,570867;-0,2106353;0,1747665;2,597795;-0,3322416;-0,03824315;2,534223;-0,3439618;-0,1036109;2,513952;0,2713929;0,3989738;2,583576;0,4335801;0,1611636;2,584994;0,5284494;-0,04551053;2,503641;0,5449756;-0,10605;2,481043;0,006269607;-0,0004880193;2,48848;-0,02082676;-0,49742;2,51436;-0,03921439;-0,8432878;2,508124;-0,0843063;-0,9057352;2,439045;0,1736019;0,002618223;2,49324;0,2120031;-0,5028461;2,516688;0,2393795;-0,8331423;2,512191;0,2802812;-0,9001219;2,443323; 
0,07521696;0,7105718;2,592958;0,08980963;0,07860027;2,507886;0,08819164;0,1408356;2,569889;0,09070171;0,5164989;2,588251;-0,09173363;0,391599;2,570025;-0,1958718;0,1614503;2,595491;-0,2836917;-0,05725497;2,524042;-0,2910593;-0,1343815;2,502528;0,269623;0,3974284;2,583526;0,3958753;0,1483504;2,58934;0,4768972;-0,06539205;2,512359;0,4856023;-0,1339188;2,490774;0,006511379;-0,001691206;2,488268;-0,02072719;-0,4976133;2,514433;-0,03916913;-0,8430618;2,508205;-0,08416504;-0,9056537;2,438962;0,1727184;0,001117718;2,493148;0,2117826;-0,503161;2,51694;0,2391734;-0,8329629;2,512268;0,279972;-0,8999717;2,443425; 
0,07536073;0,7094954;2,59157;0,08928376;0,07532182;2,507312;0,08817475;0,138112;2,569331;0,09064564;0,5160105;2,587711;-0,09110345;0,3903482;2,57018;-0,1777229;0,1453729;2,592002;-0,2455209;-0,07860672;2,522132;-0,2391576;-0,1508973;2,504384;0,2631004;0,3943616;2,580277;0,3824952;0,1423282;2,590885;0,4402227;-0,0792288;2,515424;0,4439875;-0,1413868;2,495884;0,007146893;-0,003526913;2,488207;-0,02081377;-0,497853;2,514592;-0,03921007;-0,843073;2,508244;-0,08386628;-0,9054511;2,439049;0,1709312;-0,0008763189;2,492948;0,2117993;-0,5033665;2,516983;0,2389154;-0,8330405;2,51227;0,2801993;-0,9000954;2,443529; 
0,07552274;0,7089022;2,590519;0,0892567;0,07421491;2,507053;0,08810867;0,1370393;2,569054;0,0906314;0,5154841;2,587292;-0,09038351;0,389714;2,570243;-0,1668413;0,1373456;2,589701;-0,198542;-0,1078044;2,513772;-0,2107271;-0,1719629;2,500907;0,2625675;0,3939593;2,580617;0,3578749;0,1348409;2,590515;0,3861876;-0,09883931;2,506909;0,3903811;-0,1632851;2,490801;0,007621802;-0,004397098;2,488049;-0,02117187;-0,4985895;2,514808;-0,0392432;-0,8431678;2,508457;-0,08377229;-0,9052927;2,43922;0,1704434;-0,00158686;2,492865;0,2117103;-0,5033967;2,516955;0,2389247;-0,8330095;2,51227;0,2795311;-0,8995347;2,445268; 
0,07541437;0,708768;2,590033;0,08929186;0,07374024;2,506816;0,08801541;0,1365752;2,568784;0,09026614;0,515049;2,586643;-0,08992011;0,3890681;2,570362;-0,1555423;0,1274614;2,585344;-0,1817683;-0,1001405;2,510641;-0,1807284;-0,162559;2,494135;0,2621337;0,3936409;2,581273;0,350751;0,129245;2,591238;0,3727311;-0,1017115;2,508351;0,3809445;-0,1648496;2,489284;0,007990409;-0,004837453;2,487867;-0,02125765;-0,4990035;2,51487;-0,03926902;-0,8431328;2,508495;-0,08366494;-0,9051569;2,439195;0,1703146;-0,001850478;2,492754;0,2116369;-0,5035895;2,516937;0,2390984;-0,8329685;2,512139;0,2800464;-0,8996227;2,444298; 
0,07477672;0,7076981;2,588007;0,08914272;0,07336736;2,50658;0,08787195;0,1361993;2,568571;0,09015815;0,5149037;2,586516;-0,08963311;0,3887447;2,570635;-0,1494901;0,1281538;2,58252;-0,1672117;-0,09898973;2,503112;-0,1713489;-0,1547846;2,495242;0,261837;0,3935464;2,581536;0,3405508;0,1134461;2,589063;0,3594864;-0,1133349;2,508739;0,3553227;-0,1761633;2,487708;0,008044642;-0,005063885;2,487715;-0,02151524;-0,4991871;2,514836;-0,03921595;-0,8433456;2,509142;-0,08366601;-0,9051921;2,439125;0,1699034;-0,00215508;2,492498;0,2115089;-0,5036012;2,516809;0,2390781;-0,8329457;2,512121;0,2803102;-0,8995643;2,444757; 
0,07434186;0,707382;2,586937;0,0890196;0,07321957;2,50647;0,08762182;0,1360602;2,568419;0,09029477;0,5144611;2,58582;-0,08941919;0,3885954;2,570832;-0,1466791;0,128675;2,580585;-0,1616593;-0,0981534;2,499361;-0,1675232;-0,1545987;2,492328;0,2622338;0,3929085;2,582633;0,3386417;0,1117531;2,589332;0,3477939;-0,1149958;2,5068;0,3403745;-0,1696678;2,485103;0,008016653;-0,005188179;2,487693;-0,02158965;-0,4994197;2,514827;-0,03929694;-0,8431649;2,509169;-0,08366366;-0,9051719;2,439127;0,1694554;-0,002465537;2,492309;0,2113489;-0,5036272;2,516639;0,2390789;-0,8329421;2,512092;0,2809539;-0,9000412;2,443872; 
0,07378491;0,7063156;2,585912;0,08901031;0,07314734;2,506285;0,08762228;0,1359496;2,568251;0,09032084;0,5143205;2,585716;-0,08914769;0,3886046;2,571331;-0,1447106;0,1293291;2,579729;-0,1573571;-0,09636199;2,494255;-0,1625203;-0,1544136;2,481578;0,2621095;0,3924592;2,583004;0,3365284;0,1084851;2,587892;0,3434429;-0,1183711;2,505396;0,3334627;-0,2009687;2,471496;0,008078193;-0,005232937;2,487545;-0,02160602;-0,499418;2,514809;-0,03928436;-0,8431457;2,509156;-0,08348153;-0,9052444;2,438975;0,1693488;-0,002506042;2,492063;0,2112674;-0,5037101;2,516557;0,2390967;-0,8329386;2,512091;0,281281;-0,9001416;2,443788; 
0,07382788;0,7064784;2,585162;0,08898693;0,07310574;2,506254;0,08759318;0,1358814;2,568215;0,09044655;0,5141137;2,585641;-0,08905479;0,388605;2,571496;-0,144647;0,1288638;2,578835;-0,1573629;-0,09647806;2,492231;-0,1631443;-0,1581004;2,476291;0,2621307;0,3923143;2,583262;0,3343376;0,1090653;2,586851;0,341543;-0,1177588;2,504231;0,3340308;-0,1794982;2,476508;0,008107948;-0,005277084;2,487521;-0,02169539;-0,4995123;2,514723;-0,03909775;-0,8431234;2,509313;-0,08424152;-0,9055822;2,438769;0,1691512;-0,002586867;2,491991;0,2109814;-0,5037538;2,516447;0,2389494;-0,8332562;2,511757;0,281614;-0,899983;2,443307; 
0,07358792;0,7066463;2,583913;0,08892822;0,07309652;2,50617;0,08749222;0,1358254;2,56814;0,09033258;0,5138444;2,5856;-0,08897762;0,3888141;2,57158;-0,1457066;0,1287154;2,578073;-0,1600794;-0,09600556;2,489812;-0,1659452;-0,1565004;2,474103;0,2621865;0,3922009;2,583562;0,3344247;0,1081963;2,586111;0,3418767;-0,1187515;2,503873;0,3404671;-0,1646638;2,483175;0,008098632;-0,005307244;2,487445;-0,02195712;-0,49986;2,514767;-0,03910039;-0,843134;2,509306;-0,08424743;-0,9055744;2,438612;0,1690199;-0,002579554;2,491847;0,210957;-0,5037159;2,516422;0,2387502;-0,8330866;2,511687;0,2818773;-0,8998238;2,444226; 
0,07385103;0,7065107;2,583352;0,08878162;0,07308649;2,506139;0,08733457;0,1357509;2,568099;0,09012388;0,5131253;2,585363;-0,08897369;0,3888275;2,571671;-0,1483012;0,1304349;2,577279;-0,1665327;-0,09344123;2,487287;-0,1691504;-0,1569063;2,471619;0,2622698;0,3923323;2,583755;0,3343703;0,1084617;2,585568;0,342307;-0,1185017;2,503392;0,3410965;-0,1609412;2,483453;0,008051262;-0,005312453;2,487405;-0,02199673;-0,4998605;2,514801;-0,03911037;-0,8431492;2,509284;-0,08414458;-0,9055414;2,438546;0,1686602;-0,00269442;2,491855;0,2108329;-0,5037586;2,516439;0,238848;-0,8332297;2,511751;0,281963;-0,899849;2,444101; 
0,07387827;0,7053285;2,581565;0,08877292;0,07303211;2,506068;0,08729269;0,1356719;2,568023;0,09008902;0,5130382;2,585296;-0,08898098;0,3888036;2,571605;-0,152838;0,1334696;2,575723;-0,1730607;-0,0903976;2,484379;-0,1770571;-0,1599107;2,470448;0,2623203;0,392152;2,583852;0,3354248;0,1079269;2,584581;0,3438973;-0,118781;2,501595;0,3440497;-0,1601687;2,482305;0,008057908;-0,005417645;2,487113;-0,02219272;-0,5001539;2,514978;-0,03916565;-0,8432242;2,509228;-0,08415709;-0,9055422;2,438542;0,1686631;-0,002802502;2,491867;0,2106532;-0,5038741;2,516411;0,2387429;-0,8334075;2,511667;0,282044;-0,9001817;2,443729; 
0,07413309;0,7049092;2,579992;0,08878013;0,07298185;2,505931;0,08725864;0,1355648;2,56789;0,08988407;0,5126815;2,585178;-0,08900482;0,3889042;2,571593;-0,1548617;0,1364658;2,575467;-0,1833558;-0,09038691;2,480766;-0,1870845;-0,1604411;2,468665;0,2622241;0,3919853;2,583914;0,337906;0,1151105;2,583117;0,3473791;-0,1118596;2,501207;0,3468235;-0,1733004;2,476549;0,008197711;-0,005470204;2,486591;-0,02231831;-0,5001846;2,514978;-0,03917442;-0,8430818;2,509026;-0,08397114;-0,9053224;2,438624;0,1686664;-0,002843632;2,491855;0,2106522;-0,5038797;2,516404;0,2388083;-0,8333583;2,511664;0,2824373;-0,900008;2,442879; 
0,07443263;0,7054458;2,578508;0,08875291;0,07295412;2,505871;0,08711317;0,1355273;2,567796;0,08932044;0,512367;2,584754;-0,08893364;0,3889913;2,571295;-0,1575507;0,1378583;2,574302;-0,1886004;-0,0913425;2,480067;-0,1926747;-0,1602249;2,467024;0,2622631;0,3919958;2,584092;0,3390756;0,1165023;2,582689;0,3498763;-0,1099891;2,499475;0,3479941;-0,1715022;2,475285;0,008271031;-0,00552552;2,486331;-0,02239049;-0,500249;2,514987;-0,03910119;-0,8431624;2,509114;-0,08348738;-0,9050148;2,43918;0,1686353;-0,002898145;2,491907;0,2106423;-0,5038777;2,516396;0,2388064;-0,8333279;2,511613;0,2823671;-0,8999433;2,44265; 
0,07400496;0,7048599;2,577337;0,08873108;0,07295626;2,505861;0,08697053;0,1355189;2,567771;0,0893406;0,5119135;2,584476;-0,0891298;0,3890359;2,570527;-0,1586445;0,1387492;2,572544;-0,1951382;-0,08962923;2,480052;-0,2006145;-0,1608752;2,462411;0,2623131;0,392029;2,584123;0,3396656;0,1174765;2,582576;0,3519412;-0,1087497;2,498842;0,3493936;-0,1701116;2,474512;0,008259952;-0,005538789;2,4863;-0,02240641;-0,5002171;2,514976;-0,0390537;-0,843075;2,509597;-0,08332225;-0,9048482;2,439349;0,1685645;-0,002950074;2,491955;0,2105906;-0,5039041;2,516402;0,2388183;-0,833702;2,511535;0,2823848;-0,9004909;2,441389; 
0,07359107;0,7047723;2,57589;0,08872271;0,07300562;2,50581;0,08685396;0,1355548;2,567711;0,08884522;0,5116292;2,58414;-0,08922383;0,3888972;2,570177;-0,1592215;0,1392422;2,571856;-0,1999333;-0,08459754;2,478854;-0,2031737;-0,1601585;2,45979;0,2625288;0,392173;2,584394;0,3395951;0,1180797;2,582476;0,3536049;-0,1079228;2,49845;0,3501308;-0,1686886;2,4753;0,008301787;-0,005513324;2,48611;-0,02241483;-0,5002699;2,515008;-0,03906859;-0,8430834;2,509654;-0,0832935;-0,9048337;2,439349;0,1685839;-0,002950882;2,491978;0,2104804;-0,5039853;2,51651;0,2391204;-0,8332016;2,511867;0,2817139;-0,9001374;2,443209; 
0,07367311;0,7039847;2,575051;0,0887457;0,07289112;2,505679;0,08676398;0,1353901;2,567546;0,08867272;0,5113038;2,583863;-0,08940798;0,3887909;2,569349;-0,1599675;0,1398659;2,570313;-0,2020396;-0,08180963;2,478098;-0,2053982;-0,1583517;2,457252;0,2624051;0,3918211;2,584094;0,3397464;0,1180498;2,582681;0,3543037;-0,1078986;2,498709;0,3513258;-0,167026;2,475754;0,008413074;-0,005703238;2,485781;-0,0224269;-0,5002463;2,515013;-0,03914859;-0,8430383;2,509476;-0,08329768;-0,9048114;2,439276;0,1686277;-0,003085448;2,491987;0,2104156;-0,5040006;2,516478;0,2390561;-0,8326114;2,511622;0,2816323;-0,9001406;2,44276; 
0,07358606;0,7030994;2,572034;0,08868463;0,07278199;2,505394;0,08647725;0,1352741;2,567194;0,08843639;0,5111215;2,583224;-0,08917301;0,3885149;2,568138;-0,1604894;0,1402643;2,569783;-0,2010842;-0,08415858;2,476894;-0,2050936;-0,1583444;2,457775;0,2624263;0,3918145;2,584225;0,3397644;0,1172585;2,58303;0,3547832;-0,1084814;2,498595;0,3530006;-0,1670115;2,477287;0,008495948;-0,00581861;2,485265;-0,02244611;-0,5003826;2,515013;-0,03921589;-0,842918;2,509426;-0,08317613;-0,9046549;2,439272;0,1685537;-0,003188706;2,491951;0,210384;-0,5040215;2,516497;0,2389939;-0,8325697;2,511551;0,2820047;-0,9005967;2,441777; 
0,0732994;0,7027596;2,57029;0,08861021;0,07271201;2,505144;0,08631206;0,1351952;2,566891;0,08866213;0,5108309;2,58257;-0,08916765;0,3884357;2,567463;-0,160398;0,1404548;2,569338;-0,2004732;-0,08506285;2,476146;-0,2040901;-0,1589183;2,457504;0,2626942;0,3914468;2,584268;0,3397168;0,1176441;2,583353;0,3551608;-0,1081701;2,499371;0,3529043;-0,168252;2,477881;0,008385701;-0,005951857;2,484805;-0,02269831;-0,5002847;2,514979;-0,03918661;-0,8428824;2,509439;-0,08328512;-0,9046687;2,438967;0,1684604;-0,003341185;2,491896;0,2102785;-0,5041041;2,516558;0,2390118;-0,832344;2,511766;0,2816086;-0,8997725;2,442922; 
0,0734851;0,7024692;2,568519;0,08849357;0,0725393;2,504884;0,08604494;0,1350168;2,566534;0,08840728;0,5103243;2,581584;-0,08926096;0,388373;2,566572;-0,1607302;0,1396351;2,568057;-0,1971748;-0,08777659;2,474892;-0,2021613;-0,1594542;2,456693;0,262673;0,3913257;2,584161;0,3394759;0,1177607;2,583468;0,354807;-0,1081691;2,499952;0,3530929;-0,1707412;2,477627;0,008356591;-0,006135236;2,484551;-0,02283699;-0,500397;2,514978;-0,03917674;-0,8429145;2,509449;-0,08302119;-0,9045787;2,439211;0,1683125;-0,003545048;2,491822;0,2105459;-0,5047362;2,516674;0,2389763;-0,8316965;2,511542;0,2818401;-0,8999778;2,442449; 
0,07354398;0,7024509;2,567562;0,08842397;0,07250043;2,504636;0,0857929;0,1349523;2,566281;0,08820745;0,5102907;2,581405;-0,08920845;0,3883524;2,56549;-0,1601656;0,1386819;2,567189;-0,1920161;-0,090161;2,474653;-0,1974404;-0,1604857;2,457584;0,262652;0,3914222;2,584163;0,3393379;0,1170803;2,583636;0,3552137;-0,109062;2,501044;0,353718;-0,1704589;2,477983;0,00838533;-0,006175787;2,484139;-0,0230822;-0,5003149;2,514884;-0,0391637;-0,8427398;2,509293;-0,08299904;-0,9046053;2,439023;0,1682577;-0,003581618;2,491756;0,2104465;-0,5046967;2,51664;0,2388971;-0,831141;2,511503;0,2820656;-0,9003117;2,441809; 
0,07282041;0,7014749;2,565192;0,0880927;0,07205229;2,504071;0,08537268;0,1345873;2,565595;0,08770233;0,5099902;2,579899;-0,0892109;0,3880918;2,564726;-0,1594607;0,1372854;2,565908;-0,1863081;-0,09020189;2,473174;-0,1922794;-0,1596644;2,456159;0,2622705;0,3910268;2,583682;0,3393113;0,1170156;2,583715;0,3552183;-0,1090718;2,501038;0,3542664;-0,1697053;2,478122;0,008185079;-0,006516207;2,483619;-0,02318254;-0,5003465;2,514913;-0,0391567;-0,842703;2,509308;-0,08289135;-0,9045819;2,438595;0,1679348;-0,003955103;2,491589;0,2105696;-0,505575;2,51693;0,2392328;-0,8311604;2,511266;0,282425;-0,9005044;2,441469; 
0,07271297;0,7010461;2,564006;0,08802822;0,07183895;2,503576;0,08516842;0,1344028;2,565002;0,08766431;0,5096979;2,578788;-0,08936085;0,3881012;2,563404;-0,157768;0,1366753;2,564776;-0,1802481;-0,08865168;2,472587;-0,1868258;-0,1579808;2,456487;0,2618279;0,3912536;2,5833;0,3388651;0,1168422;2,583662;0,3553303;-0,1091697;2,500953;0,3542282;-0,169661;2,478157;0,008225452;-0,006671051;2,483268;-0,02328879;-0,5003284;2,514857;-0,03900877;-0,8425777;2,509644;-0,08290698;-0,9045803;2,438592;0,1678012;-0,004100875;2,491314;0,210535;-0,5057768;2,516915;0,2403687;-0,834599;2,511353;0,2822418;-0,9012997;2,441196; 
0,07254051;0,7009981;2,563129;0,08787585;0,07180615;2,503066;0,08481763;0,1344003;2,564434;0,08697579;0,5097488;2,577936;-0,0895869;0,3879932;2,562456;-0,1565627;0,135186;2,564224;-0,1749882;-0,08790186;2,473031;-0,179567;-0,1540001;2,457585;0,2618254;0,3912537;2,583231;0,3381826;0,1177129;2,583989;0,358422;-0,1077227;2,50048;0,3590303;-0,1692746;2,479502;0,008167465;-0,006803935;2,48274;-0,02390857;-0,5003915;2,514678;-0,03904083;-0,8425224;2,509575;-0,08303221;-0,9048026;2,438737;0,167712;-0,004162845;2,491011;0,2104257;-0,5057694;2,51692;0,2403995;-0,8344515;2,511481;0,2822095;-0,9013309;2,441175; 
0,07273684;0,7007345;2,561396;0,08764374;0,0714754;2,502384;0,08444253;0,134107;2,563698;0,08629457;0,5095926;2,576958;-0,08955042;0,38799;2,56138;-0,1549303;0,1347827;2,563287;-0,1719491;-0,08845545;2,472292;-0,1743206;-0,1559151;2,455501;0,261299;0,391114;2,582564;0,3378019;0,1193728;2,584365;0,3645402;-0,1044392;2,497951;0,3630466;-0,1683969;2,477406;0,008136098;-0,007021752;2,482099;-0,02395239;-0,5004219;2,514717;-0,03899013;-0,8425714;2,509563;-0,08304898;-0,9048529;2,438702;0,1674789;-0,004389782;2,490636;0,2103433;-0,5056486;2,516951;0,2406046;-0,8336101;2,511761;0,2820516;-0,9011442;2,440972; 
0,07249771;0,7002266;2,560155;0,0874292;0,07121758;2,501737;0,08411033;0,1337863;2,563016;0,08538476;0,5089439;2,576153;-0,08961698;0,3879226;2,560784;-0,1533555;0,1345405;2,56196;-0,1696476;-0,08894451;2,471657;-0,1720077;-0,1556607;2,455783;0,2607521;0,3910781;2,582078;0,3387219;0,124939;2,584708;0,3713893;-0,09807334;2,498394;0,3760937;-0,1609714;2,478741;0,008086751;-0,007250214;2,481292;-0,02401273;-0,5004711;2,514642;-0,03899148;-0,8426006;2,509692;-0,08305746;-0,9048628;2,43869;0,1673243;-0,004520901;2,49029;0,2102621;-0,5057061;2,516938;0,240448;-0,8358572;2,511394;0,2819079;-0,9013581;2,440992; 
0,07258856;0,7006432;2,558928;0,08744234;0,07112345;2,501437;0,08395959;0,1336667;2,562734;0,08509051;0,5088093;2,57597;-0,0895195;0,3877645;2,559963;-0,1525437;0,132422;2,560471;-0,1687396;-0,09115833;2,470548;-0,170136;-0,1543292;2,455499;0,2607192;0,3910801;2,582047;0,3407093;0,1262263;2,584563;0,3821677;-0,09544893;2,498773;0,3831622;-0,1597201;2,477701;0,008249621;-0,007436785;2,480787;-0,02408523;-0,5004618;2,514618;-0,03896613;-0,8426947;2,509564;-0,08306798;-0,9049389;2,438656;0,1673365;-0,004541683;2,49014;0,210173;-0,5058796;2,517032;0,2404523;-0,8356519;2,511521;0,2819453;-0,9013473;2,441025; 
0,07247785;0,7010269;2,557494;0,08741103;0,07102011;2,501085;0,08374918;0,1336032;2,562337;0,08437809;0,5088018;2,57525;-0,08963356;0,3876522;2,558953;-0,1521413;0,1326457;2,559831;-0,167228;-0,09082331;2,46951;-0,1690922;-0,1543618;2,454354;0,2604326;0,3911515;2,58173;0,3426985;0,1312751;2,585927;0,3868271;-0,08954445;2,499261;0,3930678;-0,1568943;2,478473;0,008351427;-0,007589949;2,480423;-0,02417557;-0,5004567;2,514568;-0,03903138;-0,8428472;2,509643;-0,08313388;-0,9049933;2,438582;0,1673297;-0,004563342;2,489955;0,2102099;-0,505847;2,516995;0,2402382;-0,8354688;2,511519;0,2822129;-0,9012874;2,44128; 
0,07230796;0,7005426;2,55632;0,08719406;0,07085239;2,500583;0,08344174;0,133458;2,561833;0,08415014;0,5088546;2,574851;-0,08967059;0,3876151;2,557829;-0,1520558;0,1320696;2,558686;-0,1672008;-0,09160912;2,469156;-0,1686057;-0,1556533;2,453458;0,259866;0,391327;2,581122;0,3454538;0,1335553;2,585926;0,394797;-0,08632599;2,499941;0,4044516;-0,154972;2,48054;0,008265257;-0,00770715;2,480075;-0,02449059;-0,50016;2,514252;-0,03893333;-0,8429503;2,510037;-0,08324709;-0,9051157;2,439025;0,1670379;-0,004612046;2,489477;0,2102239;-0,5059078;2,516969;0,2400835;-0,8350734;2,511481;0,2822661;-0,9013245;2,441405; 
0,07146875;0,6999813;2,554501;0,08714759;0,0707521;2,500127;0,08319927;0,1334186;2,561303;0,08386238;0,5089;2,573944;-0,08971806;0,3874951;2,556681;-0,1522679;0,1310145;2,557566;-0,1671712;-0,09277922;2,468486;-0,1688284;-0,1559062;2,453292;0,2598788;0,3913313;2,581047;0,3479579;0,1349542;2,586514;0,4065369;-0,08263871;2,500662;0,4155328;-0,1509163;2,485066;0,008251464;-0,007902838;2,479661;-0,0245258;-0,500132;2,514229;-0,03903674;-0,842812;2,509938;-0,08308727;-0,9051387;2,438383;0,1670303;-0,004686639;2,489142;0,2102017;-0,5057731;2,516945;0,2399013;-0,835045;2,511541;0,2824269;-0,901446;2,441546; 
0,07135392;0,700087;2,553562;0,08692443;0,07037979;2,499459;0,08313746;0,1331463;2,560646;0,08336704;0,5090655;2,573201;-0,08964392;0,3872507;2,555641;-0,1524349;0,1307365;2,557065;-0,1672536;-0,09303817;2,468078;-0,1689039;-0,1560309;2,45341;0,2594155;0,3899826;2,578321;0,3492661;0,1362035;2,586318;0,4098105;-0,08138818;2,502295;0,4194999;-0,1489892;2,485566;0,008135124;-0,008176447;2,479197;-0,02480427;-0,5000662;2,513993;-0,03901172;-0,8428736;2,509729;-0,08305272;-0,9051254;2,438387;0,1668346;-0,005010775;2,48851;0,2103778;-0,5064237;2,516906;0,2399762;-0,8363717;2,511346;0,2819666;-0,9017114;2,441622; 
0,07108739;0,7004077;2,551693;0,08681557;0,07043236;2,49903;0,08285543;0,1331647;2,560193;0,08280452;0,5088737;2,572671;-0,08953685;0,3876199;2,554658;-0,1524878;0,1309312;2,556664;-0,1672947;-0,09262009;2,467176;-0,1697689;-0,1565484;2,452462;0,259442;0,390228;2,578034;0,3513731;0,1374233;2,586201;0,4125945;-0,07970174;2,501498;0,4272116;-0,1490896;2,482022;0,00805829;-0,00811024;2,47835;-0,02525444;-0,4997238;2,513695;-0,03900412;-0,842873;2,509726;-0,08300319;-0,9050727;2,438502;0,1668123;-0,00499723;2,48837;0,2103597;-0,5059695;2,516595;0,2398974;-0,8361764;2,511543;0,2813767;-0,9009761;2,443229; 
0,07096288;0,7008417;2,551064;0,08662923;0,07046153;2,498643;0,08269504;0,1332361;2,559745;0,08227435;0,5089092;2,571854;-0,08968963;0,3877778;2,554159;-0,1529225;0,1309741;2,555685;-0,167263;-0,09266917;2,466538;-0,1709131;-0,157112;2,451344;0,2588645;0,390762;2,576998;0,3526203;0,1383125;2,586177;0,4157951;-0,07862142;2,502791;0,4307636;-0,1488117;2,480991;0,00793817;-0,008099617;2,478024;-0,02530079;-0,4995381;2,513687;-0,0390158;-0,8427583;2,509534;-0,08306821;-0,9051112;2,438462;0,1666743;-0,004923401;2,488115;0,2103781;-0,5057644;2,516438;0,2393838;-0,8350289;2,511417;0,2810266;-0,9006637;2,444484; 
0,07133228;0,7007475;2,549994;0,0865522;0,07026067;2,498236;0,08258672;0,1330434;2,559311;0,08222425;0,5087544;2,571374;-0,08971069;0,3876151;2,55288;-0,1532221;0,1309462;2,554979;-0,1679634;-0,09287982;2,466632;-0,1725574;-0,1573701;2,451391;0,2585064;0,3904703;2,575841;0,3540627;0,1405387;2,585273;0,4241765;-0,0744919;2,502822;0,4376881;-0,1454357;2,480034;0,007909379;-0,008253711;2,477639;-0,02544943;-0,4995273;2,513564;-0,03890473;-0,8430032;2,509389;-0,08301213;-0,9051374;2,438411;0,1665731;-0,005073738;2,487828;0,2103685;-0,5055469;2,516276;0,2393948;-0,8349679;2,511421;0,2812678;-0,9008616;2,444219