;0,07454375;0,6982438;2,829021;0,03841135;0,15466;2,746044;0,04099749;0,2042757;2,801973;0,05674242;0,5219246;2,829155;-0,09813783;0,4388788;2,807373;-0,2497371;0,6412656;2,654561;-0,2242019;0,9176612;2,589369;-0,2236318;0,9937137;2,593936;0,1832796;0,474052;2,8176;0,3990238;0,6292152;2,716889;0,392201;0,9127789;2,658082;0,3891042;1,003592;2,661113;-0,0235865;0,09382655;2,727843;-0,01698159;-0,4797991;2,789377;-0,01743086;-0,8535039;2,776808;-0,01314533;-0,9288731;2,713937;0,09473644;0,09085511;2,731346;0,2244596;-0,4799985;2,754184;0,2449973;-0,8476937;2,759167;0,2573175;-0,918572;2,698483; 
0,07541571;0,6983839;2,830598;0,03868469;0,1552294;2,746386;0,04110709;0,2045906;2,802527;0,05719164;0,5227581;2,83225;-0,09754855;0,4382884;2,807414;-0,2511841;0,6406628;2,655266;-0,2268029;0,918106;2,592588;-0,2256187;0,9938376;2,595775;0,1845664;0,4738951;2,819476;0,3747153;0,5629221;2,748498;0,3877026;0,8435291;2,675257;0,3887304;1,00351;2,663235;-0,02350348;0,09441578;2,726957;-0,01696768;-0,4799674;2,789191;-0,01747529;-0,8534214;2,776779;-0,01329278;-0,9286882;2,713636;0,09547665;0,09180322;2,733169;0,224661;-0,4798602;2,754315;0,2450229;-0,8478526;2,759493;0,2573379;-0,9187269;2,698941; 
0,07556733;0,69844;2,832495;0,0391025;0,155722;2,746817;0,04149328;0,2050374;2,803072;0,0573188;0,5232322;2,833112;-0,09762874;0,4383948;2,807969;-0,251989;0,6404969;2,655289;-0,2281022;0,917452;2,593582;-0,2266781;0,9931254;2,596506;0,1847238;0,4741309;2,820313;0,3959405;0,6289867;2,718535;0,3924877;0,9131657;2,661983;0,3891945;1,002937;2,665479;-0,02287652;0,09477022;2,726864;-0,01685508;-0,4799775;2,789169;-0,0174717;-0,8534686;2,776785;-0,01104015;-0,9282212;2,714001;0,09568402;0,09236276;2,734;0,2251445;-0,4805743;2,754627;0,2450435;-0,847829;2,759497;0,2574424;-0,9187235;2,698784; 
0,07589405;0,6989977;2,834113;0,03939627;0,1552802;2,747163;0,04168664;0,204694;2,803479;0,05699286;0,5237135;2,834126;-0,09761722;0,4384063;2,808056;-0,2527143;0,6399637;2,655643;-0,2283855;0,9171578;2,594514;-0,2271512;0,9930193;2,597263;0,1839795;0,4733822;2,820349;0,3745499;0,5664757;2,746467;0,3883905;0,8479931;2,676771;0,390277;1,003022;2,665969;-0,02229914;0,09463444;2,726563;-0,01675019;-0,4801924;2,789121;-0,01734832;-0,8532251;2,776864;-0,01217663;-0,9277791;2,714046;0,09592304;0,09138461;2,735505;0,2253051;-0,4810567;2,755067;0,2449194;-0,8478377;2,759117;0,2573974;-0,9187782;2,69884; 
0,07612853;0,6992353;2,834538;0,03981364;0,1569069;2,747528;0,04187189;0,2059886;2,80397;0,05686365;0,5242842;2,834938;-0,09762957;0,4383446;2,808076;-0,2531626;0,6395681;2,65595;-0,2292316;0,9174547;2,595437;-0,2291017;0,993373;2,598849;0,1843323;0,473104;2,821299;0,3746365;0,565878;2,746346;0,3887871;0,8475211;2,677315;0,3901911;1,002656;2,667617;-0,0215039;0,09821135;2,725535;-0,01677351;-0,4804781;2,78919;-0,01743648;-0,8533101;2,777133;-0,0126481;-0,9275842;2,713334;0,09613747;0,09182119;2,736015;0,2253719;-0,4810156;2,755123;0,2449205;-0,847858;2,759152;0,2574829;-0,9189046;2,699106; 
0,07604582;0,6993827;2,835762;0,03943426;0,158199;2,747757;0,04155315;0,2068433;2,804285;0,05661662;0,5242644;2,835557;-0,09754715;0,4384093;2,808192;-0,2532951;0,6395928;2,655947;-0,2295133;0,9172795;2,595424;-0,22961;0,9932527;2,598948;0,1843704;0,4732518;2,82162;0,3754058;0,5744334;2,743449;0,3896975;0,856428;2,676107;0,3912196;1,002678;2,669832;-0,02243912;0,100471;2,724637;-0,01571733;-0,4792356;2,789355;-0,0174671;-0,8530774;2,777361;-0,01267867;-0,9275068;2,713372;0,09593748;0,0925338;2,736605;0,2256052;-0,4813571;2,755303;0,2450162;-0,8481926;2,758791;0,25812;-0,919567;2,699031; 
0,07630466;0,6994721;2,836685;0,03933913;0,1579376;2,747819;0,04138756;0,2066894;2,804374;0,05661824;0,5244385;2,835872;-0,0974103;0,4382595;2,80824;-0,2541107;0,639733;2,655958;-0,2295972;0,916738;2,595883;-0,2290448;0,9918987;2,599831;0,1852967;0,4728805;2,822325;0,3756182;0,5712745;2,74388;0,3896854;0,8533524;2,676811;0,3916132;1,002418;2,669564;-0,02300249;0,09969956;2,724698;-0,01630563;-0,4803306;2,78935;-0,01749719;-0,8532799;2,777509;-0,01323341;-0,9277911;2,713799;0,0959887;0,09225841;2,736649;0,2257403;-0,4811765;2,755327;0,2454188;-0,8486803;2,759156;0,2585686;-0,9198732;2,698341; 
0,07781012;0,6999744;2,836807;0,03954844;0,1578215;2,748082;0,04158312;0,2065207;2,804724;0,05662087;0,5244413;2,836794;-0,09752066;0,438291;2,808567;-0,2545708;0,6399574;2,655899;-0,2299946;0,9167184;2,596065;-0,229022;0,9918697;2,599836;0,1853831;0,4722455;2,822571;0,3758902;0,5698735;2,743417;0,3901275;0,8521207;2,677157;0,392001;1,002766;2,670062;-0,02246777;0,09907184;2,724798;-0,01642263;-0,4805402;2,789291;-0,01747178;-0,8535334;2,777361;-0,01331829;-0,9281865;2,714197;0,0961253;0,09231957;2,737022;0,2260184;-0,4808224;2,755767;0,2454029;-0,8486403;2,759186;0,2587045;-0,9198539;2,69832; 
0,07801143;0,6997339;2,836993;0,03966958;0,1577434;2,748341;0,04151252;0,2063357;2,805041;0,05581998;0,5240189;2,837741;-0,09755446;0,438443;2,808667;-0,254722;0,6397594;2,655935;-0,2300542;0,9166648;2,59605;-0,2294691;0,9917956;2,599765;0,1860048;0,4726053;2,82357;0,3981018;0,6311153;2,714524;0,3946229;0,9165236;2,664569;0,3923481;1,003311;2,671829;-0,02212978;0,09857281;2,724908;-0,01600569;-0,4801827;2,789248;-0,01750294;-0,8535985;2,777389;-0,0133251;-0,9279394;2,714145;0,09629656;0,09231555;2,737384;0,2260452;-0,4812085;2,75606;0,245379;-0,8486425;2,759177;0,2587069;-0,9197479;2,697852; 
0,07824371;0,6995915;2,83658;0,03994568;0,1574918;2,748557;0,04168642;0,2062287;2,805256;0,05593269;0,524295;2,837897;-0,09754917;0,4383705;2,808733;-0,2548135;0,6395207;2,656091;-0,2304255;0,9160718;2,596007;-0,2302693;0,990993;2,599494;0,186654;0,4725659;2,823909;0,3764698;0,5624632;2,744821;0,3906061;0,8449669;2,678758;0,3927693;1,00343;2,671689;-0,02170448;0,09773485;2,725103;-0,01623844;-0,4807516;2,789444;-0,01768642;-0,8538225;2,777212;-0,01363614;-0,9276678;2,713976;0,09659104;0,09209725;2,737655;0,2260614;-0,4812377;2,756099;0,2453624;-0,8487883;2,759093;0,2587117;-0,9197569;2,697871; 
0,07875033;0,7000926;2,837133;0,0401107;0,1576361;2,74865;0,04200226;0,2063472;2,805416;0,05695828;0,5245318;2,838473;-0,09742425;0,4386267;2,809105;-0,2550688;0,6393561;2,656034;-0,231157;0,9155558;2,596171;-0,2306151;0,9910384;2,599514;0,1866925;0,4725824;2,823927;0,3764739;0,5624589;2,744812;0,390762;0,8449816;2,678855;0,3864049;0,9150417;2,685608;-0,02152442;0,0982753;2,724987;-0,0172206;-0,4815357;2,790007;-0,01772317;-0,8537573;2,777176;-0,01416887;-0,9285257;2,711855;0,09665932;0,09206356;2,737789;0,2260344;-0,4813779;2,756086;0,2454412;-0,8488951;2,758988;0,2588843;-0,9197758;2,697792; 
0,07920322;0,7000546;2,837168;0,04002725;0,1571313;2,748693;0,04194568;0,2059227;2,805516;0,05688446;0,5243795;2,838616;-0,09738218;0,4387265;2,809229;-0,2552131;0,6392962;2,656088;-0,2311734;0,9153625;2,596119;-0,2306267;0,9910009;2,599481;0,1864382;0,4724938;2,823876;0,3766118;0,5631408;2,744492;0,390833;0,8456999;2,678661;0,3877075;0,915696;2,686118;-0,02153409;0,0982309;2,725142;-0,0168909;-0,4800349;2,789556;-0,01769409;-0,8533955;2,777154;-0,01369184;-0,9274119;2,712641;0,09639715;0,09114363;2,737532;0,2260689;-0,4813848;2,756188;0,2452394;-0,8493379;2,758122;0,2589957;-0,9199196;2,697695; 
0,07897688;0,7005109;2,837524;0,04008848;0,1571085;2,748761;0,04220019;0,2059104;2,805582;0,05713925;0,52425;2,838405;-0,09749687;0,4390251;2,809697;-0,255637;0,6392969;2,655977;-0,2311777;0,9149802;2,595874;-0,2298099;0,9899004;2,599428;0,1858883;0,4717207;2,822895;0,3989094;0,6334504;2,717671;0,395418;0,9186009;2,664182;0,3918346;0,9884972;2,671756;-0,02134993;0,09798902;2,725148;-0,01656137;-0,4804688;2,789646;-0,01784465;-0,8536573;2,777083;-0,01416642;-0,92734;2,712775;0,09635543;0,09137204;2,737919;0,2261479;-0,4817929;2,756267;0,2452762;-0,849387;2,758137;0,2589845;-0,9200494;2,697874; 
0,07920225;0,7005425;2,837248;0,04057938;0,1580486;2,749214;0,04261602;0,2065903;2,80594;0,05795793;0,524021;2,838298;-0,09738848;0,4390842;2,809867;-0,2557774;0,6393045;2,656073;-0,2317678;0,9125074;2,595222;-0,2303304;0,9864223;2,598761;0,1866564;0,4717601;2,823643;0,3778763;0,56289;2,744146;0,391487;0,8456726;2,678171;0,3877549;0,9154888;2,685788;-0,02099017;0,09890158;2,725204;-0,01659202;-0,4806065;2,789722;-0,01776015;-0,8531544;2,777298;-0,01073407;-0,9273404;2,713446;0,09662633;0,09189665;2,738638;0,2263982;-0,4819002;2,756252;0,2453341;-0,8487296;2,759696;0,2589644;-0,9200413;2,697898; 
0,07919362;0,7001522;2,837352;0,04059712;0,1580725;2,749261;0,04263031;0,2065991;2,805984;0,05805039;0,5237287;2,838199;-0,0973672;0,4390568;2,809867;-0,2559448;0,639408;2,655988;-0,2317301;0,9114981;2,595392;-0,230198;0,9843856;2,598533;0,1867456;0,4718507;2,823706;0,3945943;0,6302052;2,71275;0,3953434;0,9160715;2,662831;0,3916201;0,9857913;2,670764;-0,02098052;0,0991367;2,725296;-0,01664645;-0,480619;2,789748;-0,01749056;-0,853535;2,777205;-0,01109834;-0,9275771;2,713893;0,09664299;0,09180723;2,738712;0,226391;-0,4818878;2,756256;0,2453251;-0,8486806;2,759543;0,2585924;-0,9198986;2,698316; 
0,07961228;0,7006582;2,837778;0,04064699;0,1585592;2,749557;0,04270034;0,2070328;2,806323;0,05801537;0,523947;2,838555;-0,09725003;0,4389989;2,81027;-0,2560314;0,6388978;2,655948;-0,2317458;0,9114476;2,595397;-0,2299691;0,9839827;2,598536;0,1869319;0,4718702;2,824004;0,3777093;0,5611272;2,74534;0,3915194;0,8437226;2,677389;0,3878306;0,9133824;2,685296;-0,02097209;0,09922346;2,725358;-0,01667555;-0,4803544;2,789616;-0,0173785;-0,8528963;2,777451;-0,0113369;-0,9274818;2,713956;0,09672177;0,09278089;2,739186;0,2263922;-0,4817008;2,756135;0,2454622;-0,8483972;2,760108;0,2578993;-0,9190341;2,699364; 
0,07999557;0,6998882;2,836226;0,04066646;0,158863;2,749796;0,04267433;0,207239;2,806597;0,05795978;0,5238913;2,839015;-0,09721509;0,4390182;2,810319;-0,2560603;0,6388068;2,655944;-0,2320979;0,910718;2,595699;-0,2300268;0,9838936;2,598585;0,1870953;0,4725406;2,82454;0,3778596;0,5612048;2,74505;0,3915735;0,8438427;2,677255;0,3879077;0,913437;2,685244;-0,02091455;0,09983844;2,72558;-0,01667393;-0,4802311;2,789551;-0,01738129;-0,8529193;2,777535;-0,01151686;-0,9276163;2,713791;0,09670882;0,09286349;2,739305;0,2264144;-0,4816889;2,756132;0,2454407;-0,8483772;2,760014;0,2584216;-0,9191105;2,699005; 
0,07995091;0,6999681;2,836191;0,04085341;0,1590114;2,749952;0,04279489;0,2073663;2,806732;0,05798431;0,5238904;2,839012;-0,09713064;0,4390218;2,810419;-0,2561315;0,6386046;2,655799;-0,2322034;0,9108441;2,595791;-0,2299888;0,9838119;2,598706;0,1875474;0,472698;2,824922;0,3777669;0,5615028;2,744656;0,3916226;0,8440298;2,676298;0,3882054;0,9135122;2,68487;-0,0206861;0,1002658;2,725419;-0,01652738;-0,4801649;2,789538;-0,0175055;-0,8522249;2,777596;-0,0116067;-0,9274235;2,713857;0,09707256;0,09249333;2,740031;0,2265357;-0,481651;2,756374;0,2453414;-0,8485165;2,759846;0,2590885;-0,9194106;2,698372; 
0,08021109;0,7002119;2,835958;0,04100642;0,1583451;2,749948;0,04336949;0,2070094;2,806776;0,0579819;0,5241455;2,839094;-0,0971609;0,4391447;2,810448;-0,2561964;0,6384939;2,65578;-0,2323902;0,9104427;2,595728;-0,2301684;0,9835182;2,598537;0,1834348;0,4691242;2,820883;0,3788138;0,5621524;2,74396;0,3922679;0,8447298;2,675637;0,3883267;0,9142275;2,683304;-0,02006263;0,09924392;2,725386;-0,0144435;-0,4798301;2,789212;-0,0174364;-0,8517843;2,777753;-0,01182503;-0,9271826;2,713715;0,09703011;0,09248178;2,74009;0,2266963;-0,4820912;2,756567;0,24536;-0,8484029;2,759763;0,2589229;-0,9192882;2,698256; 
0,0810274;0,7002669;2,835552;0,04094806;0,1582973;2,749942;0,04315352;0,206962;2,806786;0,0583584;0,5244078;2,839511;-0,09711874;0,4393439;2,810558;-0,2562678;0,6383078;2,655605;-0,2325038;0,9104677;2,595737;-0,2302482;0,9835225;2,598618;0,1849663;0,4699938;2,822491;0,4020013;0,6335443;2,70978;0,3964665;0,9196479;2,660105;0,3927806;0,989163;2,667182;-0,02079769;0,09879852;2,725635;-0,01482664;-0,4785258;2,788982;-0,01747824;-0,8516731;2,77785;-0,01205073;-0,9268159;2,714016;0,09703791;0,09251186;2,739856;0,2268134;-0,4812911;2,756511;0,2454432;-0,8484073;2,759912;0,259769;-0,91954;2,698086; 
0,08087377;0,7001082;2,835272;0,04081247;0,1580704;2,749952;0,0430338;0,2067639;2,806823;0,05844068;0,5242967;2,839565;-0,09699683;0,4394464;2,810855;-0,2568153;0,6377195;2,655187;-0,2323958;0,9103358;2,59561;-0,2300234;0,9832014;2,59839;0,1856518;0,4695911;2,822936;0,3752154;0,5518328;2,745575;0,3910141;0,8344996;2,677363;0,3874428;0,9039551;2,684546;-0,02145603;0,09815932;2,726048;-0,0148332;-0,4785036;2,788966;-0,01748488;-0,8515396;2,777869;-0,01248471;-0,9264272;2,714316;0,09700498;0,09243736;2,739642;0,2269133;-0,4812493;2,756531;0,2453288;-0,8483734;2,759252;0,2597438;-0,9196677;2,698065; 
0,08156186;0,6995757;2,834043;0,04062086;0,156322;2,749529;0,04294703;0,2052416;2,806439;0,06011705;0,5230348;2,838839;-0,0970059;0,4390662;2,810462;-0,2572626;0,6359977;2,654919;-0,2328133;0,9097325;2,594997;-0,2302622;0,9830987;2,598133;0,1852073;0,4698455;2,823921;0,412108;0,6251534;2,71112;0,4030732;0,9104015;2,654609;0,3979575;0,9800415;2,653061;-0,02218693;0,09666574;2,726364;-0,01564022;-0,4801194;2,788713;-0,0170679;-0,8532025;2,777338;-0,01251345;-0,9266133;2,714578;0,09686253;0,091125;2,73866;0,2268975;-0,4813781;2,756476;0,2453357;-0,848225;2,759434;0,2599937;-0,9199063;2,698583; 
0,08258755;0,6996526;2,833123;0,04292572;0,1563718;2,749139;0,04485243;0,2049564;2,80624;0,06068507;0,5223147;2,839269;-0,0970022;0,439068;2,810486;-0,2576786;0,6351929;2,654415;-0,2328463;0,9088879;2,594265;-0,229897;0,9785759;2,595735;0,1852108;0,4699963;2,823991;0,4123019;0,6252636;2,710867;0,4053062;0,910623;2,653238;0,400481;0,9802028;2,651607;-0,01826462;0,09719978;2,725677;-0,01567751;-0,4802592;2,788582;-0,01709054;-0,8531245;2,777318;-0,01265723;-0,9267266;2,714452;0,09885475;0,09118282;2,737935;0,2269429;-0,4811394;2,756462;0,2453229;-0,848287;2,759372;0,2595522;-0,919579;2,697418; 
0,08348641;0,6991149;2,831504;0,04498785;0,1578258;2,749248;0,04640559;0,2058456;2,806292;0,06104925;0,5219753;2,839177;-0,09700585;0,4390738;2,810497;-0,2579879;0,6342782;2,654349;-0,2329637;0,908532;2,593958;-0,2305009;0,9781546;2,595906;0,1854382;0,4714447;2,825108;0,4129148;0,625711;2,710507;0,4064253;0,9110214;2,651105;0,40239;0,9805959;2,650593;-0,01521599;0,0995945;2,725388;-0,01583315;-0,4803691;2,788707;-0,01735101;-0,8524045;2,777924;-0,01291406;-0,9269267;2,71422;0,1004194;0,09189657;2,738156;0,2267512;-0,4810341;2,75631;0,2452918;-0,8483647;2,759309;0,2597535;-0,9197823;2,697414; 
0,08547062;0,6987299;2,831225;0,04615841;0,1572133;2,749238;0,04740902;0,2053669;2,806315;0,06113657;0,5218973;2,839209;-0,09696227;0,4391825;2,810609;-0,2581133;0,6342561;2,6542;-0,2330618;0,9085157;2,593794;-0,2308489;0,9786289;2,596146;0,1854389;0,4714637;2,82513;0,413173;0,6256691;2,710383;0,4074245;0,9110622;2,650075;0,4033291;0,9805647;2,649654;-0,0132709;0,09769228;2,725339;-0,01574126;-0,4801755;2,788679;-0,01760438;-0,852043;2,778349;-0,01306874;-0,9270073;2,71399;0,1014752;0,09203415;2,738185;0,226594;-0,4819392;2,756202;0,245385;-0,8481683;2,759267;0,2597788;-0,9198605;2,697419; 
0,08751312;0,6979102;2,831203;0,04671547;0,1569588;2,748986;0,04799826;0,2051221;2,806087;0,06158228;0,5217678;2,839108;-0,09686215;0,4391785;2,810634;-0,2583333;0,6340325;2,653788;-0,2331958;0,908592;2,593724;-0,231108;0,9789475;2,596244;0,1853901;0,4715003;2,825287;0,3794827;0,5452107;2,746299;0,4054056;0,8237355;2,659521;0,4038094;0,9176133;2,667183;-0,01283676;0,09782095;2,72548;-0,01565554;-0,4799891;2,788524;-0,01761212;-0,8522089;2,7782;-0,01305875;-0,927269;2,713637;0,102139;0,09159741;2,73736;0,226416;-0,4821365;2,756221;0,2454068;-0,8481705;2,759273;0,2591023;-0,9194881;2,699444; 
0,08798482;0,6982862;2,831182;0,04652805;0,1567877;2,74915;0,04764809;0,2050516;2,806214;0,06183709;0,5218043;2,839227;-0,09689359;0,4391735;2,81053;-0,2583811;0,6335227;2,653795;-0,2333997;0,9077539;2,593557;-0,2315354;0,9792852;2,596339;0,1883531;0,4743227;2,827837;0,3881281;0,5515801;2,740143;0,4093649;0,8322954;2,660402;0,4143273;0,9858917;2,650216;-0,0141273;0,09630369;2,726371;-0,01563515;-0,4799982;2,788534;-0,01769891;-0,8523872;2,778097;-0,0130884;-0,9272786;2,713639;0,10206;0,09155339;2,737337;0,2264283;-0,4821013;2,7562;0,2452795;-0,8483596;2,75932;0,2591076;-0,9196993;2,699444; 
0,08911821;0,6979376;2,831213;0,0470755;0,1566917;2,74932;0,04822603;0,2049519;2,806438;0,06205356;0,5218177;2,839633;-0,09680249;0,4390546;2,810862;-0,2587705;0,6324712;2,653449;-0,2334836;0,9068165;2,593124;-0,2313439;0,9788774;2,596476;0,1884111;0,4744249;2,827883;0,3900916;0,5535792;2,738306;0,4100361;0,8346292;2,659473;0,415872;0,9880228;2,648875;-0,01330062;0,09582597;2,726415;-0,01668647;-0,481031;2,788937;-0,0177354;-0,8524324;2,778081;-0,01408224;-0,9273874;2,713077;0,1026191;0,09176698;2,737479;0,2263706;-0,4826453;2,756199;0,2453655;-0,8483953;2,759529;0,2585835;-0,9189708;2,700685; 
0,08909902;0,6977299;2,831016;0,04737385;0,156786;2,749433;0,04845791;0,2049777;2,806527;0,06207303;0,5214777;2,83958;-0,09683236;0,4390719;2,810889;-0,2589269;0,632172;2,653116;-0,2337348;0,9064798;2,592942;-0,2315043;0,9788348;2,596227;0,1884087;0,4744353;2,827914;0,3903705;0,5546601;2,737224;0,4102518;0,835881;2,658989;0,4118345;0,9798607;2,64674;-0,01284365;0,09569272;2,726169;-0,01670316;-0,4809993;2,78894;-0,01751015;-0,8527516;2,777972;-0,01415779;-0,9270915;2,713249;0,1030811;0,09208544;2,738005;0,2263652;-0,4826436;2,756202;0,2452759;-0,8484765;2,759286;0,2591817;-0,9193941;2,699307; 
0,0892208;0,6977137;2,831265;0,04777743;0,1569847;2,749596;0,04890368;0,2051456;2,806694;0,06228694;0,5214788;2,839659;-0,09680745;0,4391167;2,810926;-0,2592092;0,6320173;2,652784;-0,2338763;0,9064063;2,591811;-0,2319403;0,9782249;2,594867;0,1885067;0,4744016;2,827698;0,418311;0,6222;2,706792;0,4155462;0,9071688;2,642231;0,4145337;0,9820251;2,645605;-0,01235036;0,09569949;2,726024;-0,01607173;-0,4796268;2,788964;-0,01742342;-0,8526399;2,778164;-0,01419676;-0,9270803;2,713612;0,1034577;0,09248869;2,738456;0,2264192;-0,4827484;2,756255;0,2452708;-0,8484844;2,759343;0,2594271;-0,9195667;2,699151; 
0,09008282;0,697685;2,830781;0,04807953;0,1568813;2,749453;0,04920485;0,2050095;2,806597;0,06241507;0,5213389;2,839715;-0,09671254;0,4390174;2,810994;-0,2597008;0,6321207;2,651931;-0,2346853;0,9046557;2,589792;-0,2327124;0,9739978;2,59376;0,188567;0,4743931;2,827712;0,4009735;0,5626754;2,72984;0,4122933;0,8455817;2,655676;0,4108254;0,914938;2,659071;-0,01214399;0,09579767;2,726185;-0,01592417;-0,4795918;2,789022;-0,01740156;-0,8526621;2,777869;-0,01420483;-0,9271272;2,713583;0,1042094;0,09208497;2,737272;0,2265115;-0,4827754;2,756219;0,2452721;-0,8484901;2,759341;0,2594285;-0,9195994;2,699153; 
0,09081269;0,6972462;2,830559;0,04778669;0,154934;2,749347;0,04647263;0,2035833;2,806466;0,06256717;0,5208983;2,839795;-0,04504816;0,4058571;2,79057;-0,2331499;0,6016131;2,664056;-0,2353304;0,884806;2,589251;-0,2299507;0,9540013;2,588983;0,1907959;0,4745325;2,829;0,4009705;0,5626695;2,729851;0,4122263;0,8448856;2,65168;0,406107;0,9693743;2,64278;-0,0116056;0,09614509;2,725859;-0,01616373;-0,4805079;2,789164;-0,01740346;-0,8526429;2,777831;-0,01410992;-0,9269639;2,713683;0,1019025;0,08974674;2,738762;0,2266059;-0,4831559;2,756306;0,2453255;-0,8486279;2,759271;0,2594253;-0,9196261;2,699158; 
0,09097442;0,6973343;2,830806;0,0503398;0,1489775;2,748312;0,04864594;0,1987436;2,805812;0,06284573;0,5200126;2,840058;-0,04523024;0,4058319;2,790997;-0,2348654;0,5983127;2,660572;-0,2387045;0,878382;2,572231;-0,2317908;0,9473305;2,574367;0,1908176;0,4739796;2,828699;0,4010973;0,5626438;2,730066;0,4118827;0,8454639;2,653531;0,4036191;0,914242;2,656277;-0,005872475;0,09202182;2,724927;-0,01606144;-0,4803332;2,789006;-0,01753262;-0,8518916;2,778;-0,01413186;-0,9269013;2,7137;0,1020861;0,08886441;2,738735;0,2269549;-0,4850341;2,757211;0,245396;-0,8486424;2,759427;0,2594474;-0,9196536;2,699294; 
0,09147022;0,6970542;2,831197;0,04985497;0,1496273;2,748508;0,05209962;0,1987687;2,806019;0,06305047;0,5191749;2,840264;-0,0901121;0,4319002;2,817681;-0,2655414;0,6076093;2,642704;-0,2376837;0,8726082;2,55077;-0,2322562;0,941403;2,545243;0,1907961;0,4738373;2,828727;0,4010051;0,5625908;2,730144;0,4117894;0,8456231;2,654187;0,4034585;0,9143109;2,656494;-0,007671355;0,0930334;2,725554;-0,01590207;-0,4804706;2,788903;-0,01741187;-0,8513211;2,77788;-0,01421914;-0,927037;2,713664;0,1020602;0,08883917;2,738591;0,2272313;-0,4840899;2,757233;0,2454009;-0,8487562;2,759397;0,2596371;-0,9196492;2,699295; 
0,09129266;0,697313;2,830758;0,04932151;0,150637;2,749037;0,05214037;0,1991848;2,806395;0,06387728;0,5183816;2,840892;-0,09074643;0,4317796;2,819865;-0,2661116;0,5906907;2,635998;-0,2453271;0,8097785;2,529513;-0,242279;0,9031472;2,522845;0,1925621;0,4743288;2,829535;0,420718;0,6190099;2,705743;0,4134922;0,9047489;2,641619;0,4057673;0,9735144;2,643518;-0,01025281;0,0944486;2,726908;-0,01590317;-0,4804704;2,788912;-0,0174642;-0,8511588;2,777791;-0,01055253;-0,9271954;2,712782;0,1021545;0,08852716;2,738289;0,2272336;-0,484097;2,757237;0,245532;-0,8491901;2,75929;0,2595196;-0,9197075;2,699111; 
0,09160853;0,6972622;2,830871;0,04881331;0,1443598;2,748526;0,05115569;0,1942298;2,806223;0,06460283;0,5171685;2,841373;-0,0444937;0,4024896;2,807356;-0,2487206;0,5517501;2,639925;-0,267797;0,7444987;2,509073;-0,2406304;0,8754548;2,486335;0,1929829;0,4742534;2,829968;0,3888841;0,5383664;2,745269;0,4073394;0,8198695;2,663547;0,4166941;0,9846311;2,648145;-0,008909436;0,08907861;2,728241;-0,01576887;-0,4827454;2,789009;-0,01791854;-0,8511132;2,776856;-0,01118036;-0,9275795;2,712313;0,100658;0,08601396;2,736978;0,227325;-0,4841686;2,7572;0,2456012;-0,849472;2,759225;0,2594196;-0,9204389;2,700245; 
0,09244601;0,6968797;2,830933;0,05248164;0,1453982;2,749427;0,05102362;0,1947948;2,806864;0,06539073;0,5163113;2,841692;-0,04355085;0,3990669;2,805918;-0,2565096;0,5186028;2,623668;-0,2521157;0,725477;2,477947;-0,2472758;0,8101873;2,446491;0,2303641;0,4886211;2,851788;0,420909;0,6249667;2,702539;0,4125229;0,9066291;2,643411;0,409611;0,9776276;2,648781;-0,00531088;0,08810391;2,727439;-0,01541006;-0,481382;2,78879;-0,01789478;-0,851056;2,776766;-0,01164656;-0,9274673;2,712686;0,1063142;0,08474109;2,738501;0,2279082;-0,4848051;2,757045;0,2458969;-0,8493378;2,758987;0,259429;-0,9203386;2,700269; 
0,09341959;0,6961406;2,831187;0,05276171;0,1442024;2,749741;0,05162919;0,1936759;2,807252;0,06618249;0,5157146;2,842346;-0,04277195;0,3941237;2,805807;-0,2575813;0,4879948;2,609469;-0,2485843;0,6713482;2,440649;-0,2395517;0,7182188;2,418855;0,2304558;0,4888234;2,851833;0,4105018;0,5514275;2,728235;0,4112866;0,8363109;2,658561;0,4034248;0,9049442;2,662761;-0,005607369;0,08479849;2,729584;-0,01531918;-0,4812885;2,788762;-0,01783355;-0,8510811;2,776734;-0,01213523;-0,9276766;2,713153;0,1071908;0,08117662;2,736417;0,2283691;-0,4854231;2,756891;0,2458949;-0,849336;2,758994;0,2594396;-0,9203729;2,700212; 
0,09435208;0,6956314;2,831742;0,05515626;0,1446621;2,750332;0,05398208;0,193563;2,807827;0,06789452;0,5134294;2,843137;-0,04157797;0,391569;2,80586;-0,2522762;0,4112777;2,629428;-0,2474388;0,5936778;2,408597;-0,2454879;0,6361884;2,378491;0,2301756;0,4889817;2,851802;0,4174729;0,5862007;2,715572;0,4118147;0,8720362;2,651278;0,4045465;0,9406494;2,655004;-0,002284703;0,08484165;2,729075;-0,01538165;-0,4812916;2,78893;-0,01806171;-0,850854;2,776658;-0,01282181;-0,9277218;2,712903;0,1090064;0,08138172;2,73719;0,2284281;-0,485567;2,756852;0,2457894;-0,8487375;2,758903;0,2595579;-0,919763;2,698665; 
0,09530195;0,6947234;2,831965;0,05669121;0,1442573;2,750866;0,05568893;0,1928446;2,808384;0,06908132;0,5114622;2,843763;-0,03815817;0,3899552;2,806297;-0,2471755;0,3801257;2,611715;-0,2480368;0,4814992;2,409878;-0,2413111;0,5307795;2,362663;0,2302183;0,4887626;2,851517;0,4048263;0,5626963;2,726117;0,4097107;0,8476117;2,657196;0,402429;0,9161723;2,660993;-8,350145E-05;0,08482222;2,728853;-0,01515898;-0,4829559;2,789251;-0,0179963;-0,8513889;2,776377;-0,01282775;-0,9277201;2,712909;0,1102606;0,08060234;2,738239;0,2285549;-0,4856149;2,756803;0,2457423;-0,8487284;2,758891;0,2595205;-0,9197698;2,698532; 
0,0957227;0,6946861;2,831866;0,05717437;0,1433976;2,75113;0,05627105;0,1919667;2,808741;0,06941979;0,5109339;2,844524;-0,03823487;0,3898426;2,806658;-0,2206883;0,3179359;2,658154;-0,2546808;0,3659735;2,439216;-0,2451735;0,4010957;2,378321;0,2308787;0,4887406;2,851538;0,4051919;0,562801;2,725965;0,4096679;0,8476154;2,657312;0,4037607;0,9163055;2,660449;0,0001779243;0,08342718;2,729865;-0,01540268;-0,484394;2,789574;-0,01796532;-0,8513981;2,776381;-0,01278147;-0,9277219;2,713175;0,1112172;0,07898696;2,737319;0,2285678;-0,4869593;2,75623;0,2457154;-0,848688;2,758958;0,2594987;-0,9197745;2,698586; 
0,09413747;0,6729468;2,83556;0,05839542;0,143878;2,752063;0,05758888;0,1901964;2,809082;0,06814191;0,45544;2,832458;-0,03801659;0,3895237;2,806843;-0,2018236;0,3081725;2,670217;-0,2363533;0,2903342;2,44676;-0,2266146;0,3303307;2,387368;0,2332733;0,4884878;2,851381;0,406715;0,5632935;2,725191;0,4099983;0,8480283;2,657151;0,4042313;0,9167045;2,66017;0,001955683;0,08452315;2,729565;-0,01526874;-0,484598;2,789679;-0,0178993;-0,8513355;2,776444;-0,01322509;-0,9274714;2,713279;0,1127931;0,07747778;2,739775;0,2290982;-0,4873159;2,756524;0,2457249;-0,8488677;2,759053;0,2593861;-0,9197593;2,698083; 
0,09537426;0,6731315;2,837408;0,05896906;0,1429494;2,752607;0,05814573;0,1868927;2,809512;0,06782815;0,4552911;2,832592;-0,03891353;0,3870501;2,805454;-0,1973976;0,2998002;2,665933;-0,2137487;0,2102504;2,442165;-0,2272615;0,1867122;2,378876;0,2337549;0,4891526;2,85124;0,4073798;0,563161;2,725096;0,4100801;0,8477272;2,657223;0,4045916;0,9163111;2,660114;0,00253047;0,08372208;2,729166;-0,01466831;-0,4873013;2,789821;-0,01788768;-0,851279;2,77647;-0,01325108;-0,9275751;2,713401;0,1141498;0,07338753;2,74169;0,2290805;-0,4870977;2,756547;0,2456054;-0,8489963;2,758907;0,2596458;-0,9198821;2,698097; 
0,09672785;0,6731647;2,837676;0,05920672;0,1418552;2,753052;0,05812359;0,1845123;2,809619;0,06778052;0,4551717;2,832381;-0,0409519;0,3862121;2,803918;-0,185819;0,2648432;2,678711;-0,2010558;0,1352774;2,461267;-0,2001828;0,0660193;2,398754;0,233427;0,4897684;2,851273;0,4117461;0,556255;2,728592;0,4120715;0,8395497;2,655908;0,4073933;0,9691811;2,648818;0,002827993;0,08170529;2,729275;-0,01420589;-0,486807;2,789905;-0,01787987;-0,8512364;2,776529;-0,01382628;-0,9274244;2,714184;0,1141628;0,07212062;2,742269;0,2289618;-0,4870057;2,756685;0,2456053;-0,8488565;2,759137;0,2599072;-0,9200219;2,698157; 
0,1012098;0,6961561;2,836098;0,05942902;0,1420065;2,753243;0,05762907;0,1863973;2,810178;0,06785769;0,5135234;2,844905;-0,03930896;0,38256;2,799356;-0,165877;0,2280617;2,698147;-0,1807491;0,03830135;2,474014;-0,1822354;-0,04377333;2,429626;0,2340185;0,4904829;2,851652;0,4111455;0,558695;2,728382;0,4130485;0,841818;2,656083;0,4078633;0,9103987;2,661327;0,002938791;0,08171134;2,728836;-0,01437533;-0,48689;2,790085;-0,01769657;-0,8509985;2,776524;-0,01370892;-0,9276141;2,714559;0,1147194;0,07203766;2,743256;0,2293219;-0,4865198;2,757059;0,2457123;-0,848067;2,759243;0,2599472;-0,9199589;2,698065; 
0,09811816;0,6725692;2,837837;0,0594148;0,1378671;2,752859;0,05716226;0,180986;2,808981;0,06365135;0,4542579;2,826;-0,03662921;0,381152;2,79709;-0,1547624;0,1894346;2,666108;-0,1681594;-0,03820438;2,500098;-0,1718545;-0,1111;2,477706;0,2262388;0,4942323;2,849289;0,4075495;0,5573093;2,730489;0,4130137;0,8401284;2,657521;0,4079294;0,9086218;2,663234;0,004614334;0,07888739;2,728309;-0,01419072;-0,4872351;2,790204;-0,01754816;-0,8511555;2,776345;-0,01375046;-0,9276891;2,714521;0,1130658;0,06980625;2,74359;0,2295683;-0,4863858;2,757234;0,245684;-0,8479468;2,75922;0,2599643;-0,9200059;2,698135; 
0,09861773;0,6723284;2,837527;0,0593398;0,1368542;2,752823;0,05659294;0,1794276;2,808502;0,06289363;0,4539015;2,825353;-0,03784441;0,3819031;2,795958;-0,1527857;0,181534;2,674773;-0,1530427;-0,07247501;2,53819;-0,1620267;-0,1640089;2,527173;0,2247622;0,496012;2,849216;0,4345449;0,6270777;2,70934;0,4147682;0,9062278;2,64319;0,4100753;0,9748898;2,646405;0,00516741;0,07648323;2,727147;-0,01225505;-0,4908421;2,790576;-0,01748879;-0,8513072;2,776316;-0,01383364;-0,9277132;2,714689;0,1126918;0,0685671;2,744531;0,2300775;-0,4852616;2,757977;0,2456734;-0,8479306;2,759253;0,2599009;-0,9200307;2,698197; 
0,09632488;0,6561037;2,837604;0,05940174;0,1359846;2,753355;0,05596333;0,1771949;2,808542;0,06194004;0,4364067;2,818334;-0,0392238;0,3824434;2,794478;-0,1469899;0,1733778;2,698294;-0,1400684;-0,0583252;2,591081;-0,1397171;-0,1511382;2,581511;0,2281704;0,4943773;2,849542;0,434636;0,6270525;2,70923;0,4162113;0,90626;2,64291;0,410471;0,9749522;2,645062;0,005554123;0,07442313;2,727596;-0,01201976;-0,4910392;2,790637;-0,01748366;-0,8512506;2,776299;-0,01403801;-0,9279834;2,71399;0,1124918;0,0666756;2,746132;0,2305839;-0,4846357;2,75855;0,245627;-0,8477163;2,759256;0,2599609;-0,9198132;2,698105; 
0,1026009;0,6964167;2,8338;0,05949363;0,1381521;2,752542;0,05514014;0,1853153;2,807353;0,06253316;0,5139617;2,827785;-0,03882659;0,3834049;2,793053;-0,1398658;0,1590926;2,707526;-0,1340798;-0,07002893;2,599433;-0,1317444;-0,1630225;2,591671;0,2306659;0,4918938;2,849372;0,4123761;0,5566647;2,732526;0,4158065;0,8389584;2,657052;0,4086802;0,9075506;2,654901;0,005268362;0,07681768;2,72698;-0,009957374;-0,490498;2,790455;-0,01742999;-0,8514669;2,776099;-0,00934422;-0,92794;2,714182;0,1129238;0,06896578;2,745258;0,2309991;-0,4834446;2,759571;0,2454786;-0,8476584;2,759446;0,2600541;-0,9198256;2,698143; 
0,1022451;0,696396;2,832548;0,05936334;0,1383481;2,751895;0,0559129;0,1864125;2,806666;0,06166945;0,5143983;2,827566;-0,04009051;0,3840411;2,792363;-0,1380334;0,1640749;2,721523;-0,1279746;-0,07160421;2,612044;-0,1171773;-0,1643197;2,614875;0,2169878;0,4957011;2,841449;0,4105279;0,5561802;2,733419;0,4163074;0,8380959;2,656835;0,4087125;0,90667;2,65479;0,005283826;0,07723264;2,726429;-0,00735449;-0,4900403;2,790207;-0,0173826;-0,851458;2,776164;-0,009774806;-0,9281004;2,714357;0,1127934;0,06989614;2,744724;0,2313471;-0,4835823;2,760256;0,2454869;-0,8472291;2,760048;0,2600818;-0,9196849;2,698482; 
0,101302;0,6960034;2,828665;0,05903539;0,1372773;2,750933;0,05615977;0,1862309;2,806224;0,06163718;0,5144362;2,827441;-0,04052176;0,3841386;2,792178;-0,1373378;0,1683678;2,733398;-0,1244103;-0,07072373;2,623298;-0,106995;-0,1625339;2,622191;0,21053;0,4835319;2,835547;0,4105729;0,5561239;2,733392;0,4206026;0,8369718;2,653129;0,4095007;0,9051432;2,652288;0,005190727;0,07713469;2,726145;-0,006570748;-0,4893168;2,790108;-0,01730195;-0,8517898;2,775986;-0,01021725;-0,9283344;2,714402;0,112505;0,0698531;2,744429;0,2315798;-0,4832563;2,760603;0,2454805;-0,8472373;2,760075;0,2599227;-0,9198733;2,69873; 
0,1012282;0,6957548;2,825657;0,05929055;0,1388937;2,750574;0,05653236;0,188572;2,805687;0,06160086;0,5144901;2,826734;-0,04169716;0,38495;2,791726;-0,1374001;0,1698412;2,738394;-0,1208476;-0,0641816;2,636184;-0,1027786;-0,1556904;2,628638;0,2142176;0,4903142;2,835819;0,4104202;0,5558842;2,733169;0,4213352;0,8357579;2,649507;0,4210417;0,9744303;2,636046;0,004999006;0,07813045;2,725991;-0,006935117;-0,4891781;2,790016;-0,01728812;-0,8518215;2,775946;-0,01063191;-0,9281104;2,71395;0,113305;0,07147308;2,74414;0,2325296;-0,4831396;2,761554;0,2454556;-0,8472747;2,760064;0,2598862;-0,9198269;2,698685; 
0,09888924;0,6952485;2,820571;0,05932235;0,1401348;2,750328;0,05632543;0,1905302;2,805338;0,06189112;0,5153497;2,826119;-0,04401807;0,3862316;2,791233;-0,1370154;0,1451802;2,736903;-0,1193175;-0,06250216;2,640471;-0,09968241;-0,1537849;2,632663;0,2207963;0,4899645;2,837009;0,4103896;0,5556741;2,732403;0,4219241;0,8355199;2,648969;0,4194666;0,9690021;2,633569;0,004236302;0,07875958;2,726089;-0,006706635;-0,4888559;2,789671;-0,01704995;-0,851276;2,775951;-0,011057;-0,928161;2,713567;0,1140685;0,07242136;2,743554;0,2325579;-0,4833134;2,76153;0,2453593;-0,8472387;2,760141;0,2597581;-0,9197234;2,698376; 
0,09907507;0,6953878;2,819283;0,05966344;0,1408407;2,75018;0,05631956;0,1913208;2,805127;0,06251016;0,5149778;2,825442;-0,04430982;0,3867241;2,790753;-0,1372599;0,1493852;2,739072;-0,1193962;-0,05974926;2,644037;-0,09787879;-0,1506538;2,635787;0,2239924;0,4896775;2,838716;0,410033;0,5548564;2,732039;0,4224441;0,8341855;2,647037;0,4151066;0,9029967;2,643058;0,004177158;0,07897879;2,726069;-0,006752624;-0,4888805;2,789563;-0,01664313;-0,8524484;2,775559;-0,01135739;-0,9286258;2,714135;0,1148046;0,07313826;2,743339;0,2329467;-0,4832646;2,7615;0,2451752;-0,8470211;2,759583;0,2597876;-0,9197408;2,6984; 
0,1005727;0,6954653;2,818377;0,05993504;0,140937;2,750341;0,05640722;0,1915011;2,805228;0,06347473;0,5135198;2,824455;-0,04412778;0,3870975;2,790184;-0,1364289;0,1569541;2,745123;-0,1187887;-0,06014377;2,644874;-0,09752655;-0,1511572;2,63603;0,224339;0,4899271;2,838876;0,4110433;0,5542271;2,729912;0,4257371;0,8333429;2,644864;0,4334519;0,9775285;2,626345;0,004690138;0,0791811;2,726341;-0,006372392;-0,4861515;2,78747;-0,01660212;-0,8524464;2,775588;-0,0114835;-0,9286221;2,714153;0,114873;0,07316954;2,743594;0,2331032;-0,4829702;2,761208;0,2451364;-0,8469806;2,75963;0,2598098;-0,9197875;2,698555; 
0,1019012;0,6957991;2,816759;0,06012985;0,1407622;2,750394;0,05654623;0,1915912;2,805237;0,06440735;0,5131397;2,822988;-0,0428582;0,3870666;2,789095;-0,1335344;0,1462924;2,74226;-0,1178379;-0,06198102;2,644972;-0,09688367;-0,1531266;2,635837;0,2239814;0,4922845;2,838099;0,4123831;0,5542631;2,72851;0,4271567;0,8333073;2,643451;0,4345419;0,9764872;2,624907;0,00529778;0,07907026;2,726945;-0,00861105;-0,4865782;2,78677;-0,01582062;-0,852006;2,775284;-0,01206487;-0,9286432;2,713324;0,1148448;0,07313858;2,743632;0,2342404;-0,4812443;2,7593;0,2450899;-0,8470153;2,759565;0,2599349;-0,9198213;2,698613; 
0,1045913;0,6857027;2,816712;0,06096144;0,1407382;2,750766;0,05751188;0,1904683;2,80534;0,07262971;0,4672971;2,811965;-0,04156245;0,3877619;2,78835;-0,1336563;0,1595159;2,748065;-0,1172316;-0,06250694;2,645905;-0,09661696;-0,1537749;2,636421;0,2267742;0,4924825;2,838605;0,4559647;0,6243998;2,69789;0,4314595;0,9019802;2,624991;0,4345257;0,9753412;2,624262;0,006160781;0,07920212;2,72744;-0,008779406;-0,484345;2,785506;-0,01555617;-0,8521753;2,77485;-0,01205731;-0,9285703;2,713369;0,1152697;0,07292883;2,744066;0,2377888;-0,4752955;2,755881;0,2450518;-0,8473399;2,759551;0,2596799;-0,9196557;2,698561; 
0,1070364;0,6852979;2,814623;0,06196168;0,1384207;2,751097;0,05843793;0,1866333;2,805104;0,07264154;0,4673693;2,811841;-0,03820648;0,3905662;2,787505;-0,132552;0,1607734;2,748756;-0,1175032;-0,06243445;2,647057;-0,09785102;-0,1539152;2,636422;0,2294653;0,4925446;2,839135;0,4570432;0,6252408;2,697325;0,438549;0,8845195;2,623687;0,4347327;0,9750097;2,624295;0,006678922;0,07867664;2,728779;-0,008884067;-0,4866684;2,784174;-0,01562998;-0,8527148;2,77459;-0,01330744;-0,9295425;2,71311;0,1163515;0,06857586;2,743809;0,2392849;-0,4747604;2,754345;0,2450515;-0,847442;2,759511;0,2592228;-0,9192847;2,699105; 
0,1150751;0,6847879;2,815652;0,0624475;0,1388062;2,751448;0,05898495;0,1866885;2,805235;0,07456985;0,4674854;2,811428;-0,03329119;0,3927499;2,786575;-0,1290216;0,1810621;2,752088;-0,1161722;-0,0664878;2,650155;-0,09802596;-0,1580682;2,63726;0,2305083;0,4940072;2,837568;0,4595112;0,5993104;2,708911;0,4403505;0,8787966;2,625964;0,4334932;0,9619986;2,620941;0,008057855;0,0799686;2,730757;-0,007820387;-0,4887223;2,782949;-0,01561897;-0,8524868;2,774375;-0,01356013;-0,9294605;2,712713;0,115843;0,06990039;2,744036;0,2415687;-0,4726798;2,752309;0,2448839;-0,8475147;2,758851;0,2590526;-0,9191905;2,698915; 
0,1217433;0,684333;2,815257;0,06650464;0,1280987;2,751165;0,06301815;0,1770272;2,804651;0,07654335;0,4678389;2,811683;-0,0276268;0,3929581;2,784868;-0,1243429;0,1600219;2,747118;-0,1146618;-0,07080411;2,65391;-0,1003089;-0,1633213;2,642374;0,2373833;0,4927012;2,836531;0,4643415;0,591135;2,713373;0,4450988;0,8701953;2,628627;0,4432271;0,9682473;2,625391;0,01167638;0,06496668;2,744159;-0,00468419;-0,4948982;2,778898;-0,01530821;-0,853162;2,772607;-0,01334482;-0,9295638;2,712384;0,1203653;0,05722627;2,731317;0,2463053;-0,4714506;2,748724;0,2451137;-0,8478619;2,757583;0,2589986;-0,9192327;2,698578; 
0,1346132;0,702027;2,810465;0,07250443;0,1328554;2,75331;0,07085106;0,1852606;2,807184;0,1015098;0,5153421;2,818825;-0,02028765;0,3940206;2,783915;-0,1211991;0,1796639;2,753913;-0,1146932;-0,07231546;2,656501;-0,1015736;-0,1654931;2,648486;0,2962541;0,4780496;2,836804;0,4794978;0,5928836;2,712738;0,4519255;0,8709221;2,626994;0,4477365;0,9705158;2,627641;0,01345589;0,06828906;2,743755;0,0002291058;-0,4941252;2,772326;-0,01509831;-0,8533835;2,772217;-0,01322131;-0,9296887;2,711851;0,1277897;0,06005262;2,736194;0,2486024;-0,4718345;2,747272;0,2450777;-0,8479379;2,75739;0,2588159;-0,9193162;2,699311; 
0,1370862;0,6852881;2,813347;0,0844413;0,1399847;2,759786;0,07943507;0,1879203;2,81087;0,1042334;0,4663602;2,809769;-0,01586536;0,3938351;2,783665;-0,1193117;0,1803153;2,754284;-0,1136222;-0,07483636;2,660569;-0,1040202;-0,1686268;2,65445;0,3079617;0,4767226;2,83636;0,4930947;0,5960068;2,710857;0,4612854;0,8748832;2,630415;0,4522186;0,9441202;2,629648;0,02272053;0,07488316;2,73921;0,006587968;-0,494685;2,759969;-0,01489848;-0,8545665;2,770984;-0,01239331;-0,9315434;2,713169;0,1460909;0,0549743;2,760883;0,2540935;-0,4710448;2,7455;0,2463772;-0,8475838;2,757483;0,2588094;-0,919287;2,69931; 
0,1490606;0,7014263;2,810632;0,08669993;0,1453591;2,761815;0,08411227;0,1968038;2,813806;0,1198928;0,5136386;2,817563;-0,008871347;0,3938519;2,783108;-0,1109488;0,1842521;2,758239;-0,11258;-0,07709352;2,665434;-0,1054002;-0,1711346;2,659287;0,3193865;0,4712672;2,836603;0,5093012;0,6448282;2,694382;0,4639648;0,8825512;2,628223;0,4554236;0,9537632;2,625268;0,02151071;0,0821578;2,737063;0,01655369;-0,4869095;2,728971;-0,01293046;-0,8538338;2,763106;-0,01232138;-0,9308928;2,711604;0,1468168;0,05625654;2,762684;0,2627504;-0,4622051;2,743837;0,2472191;-0,8473812;2,757262;0,258884;-0,9194247;2,699087; 
0,157816;0,7009609;2,812731;0,09134087;0,1460894;2,763891;0,09012389;0,1984851;2,816208;0,1220118;0,5144492;2,818619;-0,002873339;0,3923175;2,78456;-0,09152519;0,1173442;2,752772;-0,1130039;-0,08380145;2,671552;-0,1059163;-0,1777758;2,664233;0,3302476;0,4715026;2,837611;0,5097454;0,6444911;2,694526;0,4697162;0,8855016;2,627222;0,4600844;0,9546484;2,624529;0,02415212;0,08273657;2,738472;0,01951108;-0,4815348;2,696289;-0,01486699;-0,8503851;2,750225;-0,01327974;-0,9251631;2,704302;0,1495408;0,05580249;2,763394;0,2673202;-0,4573019;2,744479;0,2488573;-0,8454533;2,756113;0,2588954;-0,9194113;2,698931; 
0,1749551;0,6989961;2,816494;0,09292376;0,1466759;2,767136;0,09347214;0,1994141;2,819505;0,1314733;0,5143439;2,821326;0,007113188;0,3903757;2,787445;-0,08798584;0,1173666;2,755436;-0,1114847;-0,08411023;2,675417;-0,1053412;-0,1782202;2,668867;0,3363898;0,4669554;2,835026;0,5151359;0,643047;2,694239;0,477705;0,8851227;2,62725;0,4632529;0,9534582;2,625254;0,0241587;0,08511066;2,742795;0,03437513;-0,4231678;2,65899;-0,01527873;-0,8410388;2,714576;-0,01028327;-0,9126142;2,678492;0,149894;0,05564431;2,765745;0,2716254;-0,4549727;2,744926;0,2493026;-0,8450415;2,755897;0,2588372;-0,9194474;2,698873; 
0,1769166;0,6989937;2,816009;0,09522504;0,150954;2,772482;0,09695929;0,2033657;2,823505;0,1339548;0,5142483;2,820872;0,01191378;0,389823;2,790366;-0,08313476;0,1165129;2,763152;-0,1059252;-0,09222339;2,684227;-0,1029546;-0,1800205;2,674344;0,3433463;0,4647058;2,831293;0,523183;0,6430364;2,692818;0,485639;0,8861012;2,62692;0,4686589;0,9537789;2,623509;0,02333457;0,0917441;2,750202;0,04492845;-0,4023244;2,638126;-0,009237669;-0,8184981;2,700516;-0,0085625;-0,9029286;2,662344;0,1523924;0,05795605;2,771284;0,2763189;-0,4516646;2,74468;0,2489848;-0,8428712;2,755612;0,2586769;-0,9195887;2,69887; 
0,1784054;0,6984897;2,814915;0,096756;0,1519856;2,775931;0,1008981;0,2053265;2,826963;0,1493254;0,5176561;2,821179;0,01798099;0,3899183;2,79413;-0,07756259;0,1165626;2,770784;-0,09545124;-0,0902558;2,70605;-0,100247;-0,1810286;2,680056;0,3507882;0,4556995;2,826371;0,5276626;0,6413878;2,689916;0,4935262;0,8771706;2,622429;0,4783692;0,9471368;2,62061;0,02179422;0,09668609;2,757376;0,0494386;-0,3736586;2,600374;-0,009215496;-0,7841494;2,685182;-0,01482374;-0,8663234;2,647518;0,1534733;0,05752814;2,773907;0,2791007;-0,4496287;2,744575;0,2491242;-0,8415226;2,755473;0,2586789;-0,9196564;2,698751; 
0,1814761;0,6974399;2,814542;0,0995103;0,1542093;2,780873;0,1053907;0,2076287;2,831506;0,1567062;0,5166361;2,822907;0,0231957;0,3891784;2,796683;-0,0702728;0,1149328;2,777993;-0,09260734;-0,09153184;2,712894;-0,08757481;-0,1781955;2,70169;0,3546271;0,4500875;2,824088;0,5318073;0,6398181;2,686527;0,4969233;0,8748884;2,619567;0,4808489;0,9461117;2,617862;0,02212566;0,1013547;2,762079;0,06072356;-0,3264268;2,571587;-0,0004984774;-0,7312293;2,675494;-0,004347873;-0,8176908;2,630222;0,1557208;0,05767913;2,779368;0,2833017;-0,4433128;2,744645;0,2493269;-0,8416196;2,755299;0,25877;-0,9196268;2,697799; 
0,1894424;0,6955428;2,814764;0,1028493;0,1597792;2,783474;0,1100266;0,2123281;2,833749;0,1621768;0,5165784;2,823584;0,02718774;0,3914474;2,799886;-0,06224572;0,1157235;2,784786;-0,08549538;-0,09102802;2,720539;-0,07511561;-0,1717997;2,715963;0,3580265;0,4518039;2,822968;0,5370808;0,6379111;2,683616;0,5036534;0,8805481;2,611631;0,4827811;0,9471108;2,607831;0,0226821;0,1093532;2,768237;0,07254738;-0,289715;2,538119;0,01215868;-0,6869206;2,66494;0,009957109;-0,7672691;2,64018;0,1590904;0,0620327;2,779131;0,2846167;-0,4422466;2,744763;0,2494239;-0,8417395;2,755324;0,2588449;-0,9196863;2,697774; 
0,1908277;0,6951565;2,814558;0,1040273;0,161337;2,785;0,1126746;0,2136896;2,835256;0,1679884;0,5163909;2,82474;0,0300521;0,3917855;2,803611;-0,03607512;0,1441316;2,818608;-0,07825145;-0,08820552;2,73261;-0,06959691;-0,1673437;2,728445;0,3602916;0,4506564;2,821011;0,5386141;0,6358982;2,678893;0,5049374;0,8809306;2,602451;0,5047336;0,9573213;2,598283;0,02251519;0,1119708;2,772227;0,07565818;-0,2767139;2,525007;0,02053664;-0,6330965;2,681;0,02577126;-0,6982208;2,635633;0,1600241;0,06329367;2,779083;0,2860774;-0,439765;2,745444;0,250375;-0,8413979;2,755553;0,2589274;-0,9197417;2,69791; 
0,195916;0,6946937;2,814921;0,104905;0,1624297;2,786157;0,1156413;0,214605;2,836575;0,1748997;0,5178963;2,82698;0,03376597;0,3920238;2,805316;-0,03590609;0,1582827;2,822765;-0,06605376;-0,1127783;2,73754;-0,06245743;-0,1823288;2,732843;0,3711419;0,4479222;2,813681;0,5425937;0,6347933;2,673445;0,5069166;0,8796479;2,597175;0,5060195;0,9552733;2,594773;0,02200972;0,113836;2,776969;0,06798237;-0,2881057;2,547931;0,03265578;-0,5850245;2,670924;0,03459578;-0,6613136;2,638043;0,1606164;0,06394224;2,778125;0,2868058;-0,4379033;2,746321;0,2510723;-0,841511;2,755403;0,2583171;-0,9201499;2,700369; 
0,1982809;0,6939962;2,814503;0,2052952;0,177141;2,823623;0,2036774;0,2320857;2,866436;0,1847705;0,5194055;2,829694;0,03658319;0,3948353;2,808942;-0,04213589;0,1838522;2,82411;-0,0642821;-0,09734805;2,743408;-0,05770648;-0,1667571;2,740228;0,3714421;0,4477871;2,81312;0,5450953;0,6296525;2,668316;0,5098654;0,8751609;2,587959;0,498537;0,9415388;2,569612;0,1384753;0,1127703;2,830961;0,06706062;-0,290577;2,554977;0,04636511;-0,5673016;2,684318;0,04052303;-0,6139043;2,620146;0,2759545;0,08974136;2,806605;0,2870427;-0,4378321;2,746497;0,2515645;-0,841334;2,755751;0,2586611;-0,9202526;2,700583; 
0,2014631;0,6927459;2,816363;0,2052185;0,1777976;2,823852;0,2043968;0,2324118;2,864479;0,188353;0,5200316;2,832794;0,03936907;0,3948121;2,811841;-0,027788;0,1325701;2,821917;-0,06548686;-0,1125959;2,740127;-0,05819505;-0,1819485;2,73705;0,3759952;0,4479518;2,810156;0,548367;0,6297128;2,665879;0,512096;0,8738412;2,583806;0,4997884;0,9411943;2,570223;0,1381992;0,1131061;2,831218;0,0766882;-0,1987703;2,487613;0,05269157;-0,5093681;2,661998;0,04195253;-0,5855592;2,627064;0,2760665;0,09003168;2,806491;0,2872844;-0,4378542;2,746515;0,2539803;-0,8404968;2,755657;0,258545;-0,9159407;2,702548; 
0,2044223;0,6914775;2,817546;0,2052109;0,1778422;2,823845;0,2045962;0,2323632;2,862575;0,1893716;0,5169626;2,833846;0,04140385;0,3954989;2,813859;-0,02564939;0,1408329;2,824966;-0,05646829;-0,06184883;2,748811;-0,04503379;-0,1305773;2,744938;0,3779345;0,4477993;2,810101;0,551367;0,6303116;2,662982;0,5137254;0,8739564;2,580111;0,5209767;0,9564036;2,572494;0,138257;0,1130815;2,831335;0,0727881;-0,2684049;2,539042;0,04947913;-0,531669;2,689956;0,04519381;-0,553296;2,613586;0,2761092;0,09005124;2,806267;0,2875142;-0,4384406;2,745994;0,2552525;-0,8415442;2,755828;0,2579648;-0,9151204;2,702877; 
0,2056203;0,6915796;2,819222;0,2052313;0,1781364;2,824023;0,205387;0,2327123;2,861123;0,2027856;0,5197217;2,834693;0,04645494;0,3978123;2,816108;-0,02501958;0,1389221;2,823744;-0,05255113;-0,0749205;2,750937;-0,0411242;-0,1436035;2,747065;0,3806613;0,4454144;2,807897;0,5538754;0,6289022;2,659558;0,5147096;0,8739496;2,578545;0,5159726;0,944165;2,56937;0,137241;0,1138361;2,832814;0,07305783;-0,2676574;2,542495;0,05132345;-0,5249097;2,702063;0,04384433;-0,5399165;2,608682;0,275881;0,0902717;2,80603;0,2880051;-0,4378276;2,745095;0,2571695;-0,8408628;2,755685;0,257426;-0,9127263;2,70391; 
0,2077722;0,6899754;2,820968;0,2053714;0,1793104;2,823923;0,2063774;0,2336426;2,859607;0,2048481;0,5198683;2,834917;0,04862768;0,3988705;2,819486;-0,02558929;0,1355556;2,8227;-0,06133425;-0,06508876;2,742185;-0,04991625;-0,1337181;2,738317;0,3839259;0,4420846;2,805536;0,5574163;0,6276857;2,656713;0,5161267;0,8740764;2,577149;0,5155213;0,9432209;2,568547;0,1367865;0,1145017;2,833484;0,07203412;-0,2656343;2,544744;0,05175955;-0,5243513;2,702168;0,04295456;-0,5230815;2,609311;0,2756965;0,09160677;2,804309;0,2888095;-0,4361529;2,743008;0,2580317;-0,8411379;2,755311;0,2575303;-0,9129861;2,703819; 
0,2091085;0,6906533;2,822464;0,2057546;0,1801686;2,823567;0,2072541;0,2341409;2,858222;0,2073357;0,5189931;2,835834;0,05236449;0,3983938;2,821173;-0,02511493;0,1344761;2,821944;-0,05712955;-0,06692304;2,741579;-0,04634162;-0,1599808;2,730635;0,3867967;0,4424418;2,804567;0,5589558;0,6099581;2,660028;0,5183789;0,8743432;2,577383;0,5152752;0,9436119;2,57016;0,1367508;0,1146886;2,833682;0,07198244;-0,2645668;2,547838;0,04837052;-0,5264673;2,699986;0,04263481;-0,5186816;2,605345;0,2758818;0,09306424;2,80126;0,2889966;-0,4339511;2,740722;0,2586357;-0,8421183;2,755466;0,2576402;-0,9134;2,703912; 
0,2156403;0,6911188;2,824399;0,2070797;0,1807494;2,823054;0,2097546;0,2346396;2,856817;0,2138918;0,5191506;2,836493;0,05554314;0,3999733;2,823526;-0,02464675;0,1339607;2,820825;-0,0574267;-0,0673445;2,740313;-0,04608401;-0,159814;2,725621;0,3891666;0,4417712;2,803349;0,5606354;0,6090272;2,661145;0,519948;0,87397;2,577242;0,5146363;0,9431846;2,570866;0,1376194;0,1147436;2,834081;0,06840418;-0,1487595;2,455214;0,05445828;-0,4463833;2,644081;0,04274365;-0,5162508;2,600823;0,2763456;0,09353854;2,799053;0,2889425;-0,4313367;2,738632;0,2598275;-0,8432566;2,75533;0,257115;-0,9122056;2,70476; 
0,2210041;0,6892606;2,828472;0,2140848;0,185775;2,821657;0,218588;0,2382553;2,855704;0,2300574;0,518406;2,839956;0,05808213;0,400487;2,824776;-0,02433044;0,1334897;2,819848;-0,056393;-0,0678961;2,739017;-0,04491245;-0,1603406;2,724347;0,3942509;0,4388792;2,801468;0,5618185;0,6078724;2,661885;0,5224757;0,8743568;2,578565;0,5146551;0,943261;2,571535;0,1408213;0,1175215;2,835544;0,0645895;-0,102159;2,430238;0,0522054;-0,4474685;2,640501;0,04122068;-0,5152458;2,594874;0,2827834;0,09724022;2,791763;0,2891411;-0,4295382;2,73727;0,2602739;-0,8435494;2,755537;0,2570658;-0,9121304;2,704992; 
0,2220453;0,692849;2,832305;0,2173615;0,1877615;2,820561;0,2232656;0,2398725;2,854398;0,240015;0,5182759;2,839259;0,06205918;0,4028994;2,827086;-0,006348218;0,1820657;2,826875;-0,04901729;-0,02298928;2,749696;-0,03682845;-0,1014458;2,735879;0,3966739;0,4370558;2,801173;0,5703778;0,6212823;2,657151;0,5246464;0,8760178;2,579756;0,5142944;0,9445726;2,572884;0,1430475;0,1194635;2,836441;0,06588639;-0,1023369;2,432644;0,04914555;-0,4361914;2,632831;0,03879355;-0,514727;2,590949;0,284348;0,09828056;2,788645;0,2897028;-0,4278286;2,736394;0,2601646;-0,845758;2,755642;0,2571772;-0,9130422;2,705002; 
0,2261815;0,6918367;2,83409;0,2171045;0,1878724;2,820807;0,2232659;0,2399847;2,854321;0,2377544;0,5183141;2,839269;0,06414068;0,4005776;2,829813;-0,006230579;0,1820255;2,827415;-0,04899815;-0,02029065;2,750196;-0,03706875;-0,1000125;2,736389;0,3971025;0,4370068;2,800936;0,5717051;0,6236392;2,657182;0,5257883;0,8768399;2,580778;0,5140129;0,9450928;2,573504;0,142803;0,1189812;2,839393;0,06685255;-0,1009729;2,434453;0,04897006;-0,4388724;2,63254;0,0377339;-0,5154404;2,589609;0,2837526;0,09828732;2,788147;0,2899689;-0,4259016;2,735607;0,2603695;-0,845817;2,755622;0,2576037;-0,9132341;2,704963; 
0,2276831;0,6920956;2,836612;0,2187534;0,188484;2,821119;0,225224;0,2400931;2,854704;0,240146;0,5167962;2,840919;0,0647724;0,400556;2,830496;-0,006373054;0,1812844;2,827317;-0,04785368;-0,01988148;2,750349;-0,0362855;-0,09994575;2,736611;0,3978017;0,4362275;2,800402;0,572138;0,6238941;2,65727;0,5280251;0,8790832;2,584073;0,5126328;0,9466603;2,5776;0,1452997;0,119617;2,841533;0,06742251;-0,09964323;2,436727;0,04981355;-0,4417846;2,635836;0,03765913;-0,5154377;2,590586;0,2846876;0,09830642;2,786382;0,2901572;-0,4254333;2,73541;0,2607653;-0,8482194;2,75605;0,2609322;-0,9151884;2,704998; 
0,2300704;0,6908605;2,839799;0,2243969;0,1883592;2,820235;0,2328032;0,2394501;2,855072;0,2578974;0,5213604;2,847048;0,06569798;0,4009054;2,831535;-0,006192547;0,1812138;2,828015;-0,04811079;-0,01943372;2,750277;-0,0364322;-0,09891633;2,73695;0,3983227;0,4362472;2,800248;0,5725634;0,6245021;2,657418;0,5303304;0,8837497;2,590034;0,5127248;0,9505994;2,58217;0,1499186;0,1193215;2,84068;0,06634384;-0,1001648;2,437346;0,04962426;-0,4414358;2,636677;0,03784806;-0,5179837;2,592179;0,2874621;0,09831552;2,783807;0,2902145;-0,4258928;2,735293;0,2605319;-0,8484722;2,755807;0,2604544;-0,9157941;2,704535; 
0,2343052;0,688442;2,842591;0,2249077;0,1888448;2,82045;0,2330134;0,2392443;2,855805;0,2414054;0,5084668;2,848524;0,06700581;0,4010623;2,832493;-0,005502475;0,1802686;2,829509;-0,04902291;-0,02760773;2,750174;-0,0461752;-0,118937;2,727523;0,3990099;0,4361674;2,799996;0,5714327;0,6204278;2,660967;0,5309788;0,8854432;2,594488;0,5122263;0,951972;2,5865;0,1515295;0,1200754;2,841144;0,06595692;-0,0997757;2,438562;0,05003468;-0,4418026;2,638803;0,03880662;-0,5188631;2,598837;0,2894198;0,09904299;2,783155;0,2903726;-0,4249892;2,734291;0,2605556;-0,8483952;2,755622;0,2598061;-0,9143348;2,704081; 
0,2361647;0,6869943;2,843692;0,2270716;0,1893165;2,820329;0,2345477;0,239059;2,856395;0,2433072;0,507367;2,848183;0,06845136;0,4006424;2,832641;-0,00524202;0,179485;2,83066;-0,04738923;-0,02124791;2,753312;-0,04610065;-0,1128301;2,731467;0,4017501;0,4356182;2,799911;0,5712396;0,6188009;2,663289;0,5305439;0,8862266;2,596757;0,5102698;0,9522995;2,588569;0,1534569;0,1202449;2,840768;0,06500374;-0,1002201;2,439295;0,05069385;-0,4420714;2,643744;0,03891846;-0,5194501;2,600808;0,292371;0,09961316;2,782437;0,2906998;-0,4245597;2,734246;0,2607875;-0,8493481;2,755837;0,2600523;-0,9143497;2,704059; 
0,235886;0,6873667;2,845597;0,2287023;0,1894302;2,820403;0,2362571;0,2389301;2,857717;0,2481935;0,5146983;2,85224;0,06877025;0,400694;2,833194;-0,003251203;0,1583993;2,831473;-0,04960522;-0,03964961;2,748933;-0,04277141;-0,1180295;2,740427;0,4030928;0,4352973;2,800059;0,5718146;0,596294;2,669667;0,531872;0,878838;2,599907;0,5125893;0,9455578;2,595777;0,1548543;0,1200437;2,840247;0,06620896;-0,1038382;2,440918;0,04979738;-0,4474851;2,651825;0,03962086;-0,5206671;2,60433;0,2942025;0,09970899;2,781988;0,2912184;-0,423223;2,733973;0,2607465;-0,8493426;2,755794;0,2596898;-0,9154298;2,7034; 
0,2363361;0,6870762;2,845928;0,2300945;0,1882344;2,820033;0,2376803;0,2377251;2,858146;0,249333;0,5137177;2,851035;0,06918867;0,4004596;2,833315;-0,002377395;0,1644662;2,833464;-0,04776485;-0,03415471;2,751917;-0,04269504;-0,1164523;2,741714;0,4039732;0,4352688;2,799337;0,5709186;0,6038513;2,669998;0,5304984;0,8862367;2,599785;0,5112435;0,9528669;2,594668;0,1569538;0,1184487;2,838537;0,06473127;-0,1028735;2,438743;0,05016077;-0,4487442;2,652342;0,04011916;-0,5205146;2,608513;0,295051;0,09903951;2,782323;0,2913061;-0,4231878;2,734101;0,2607645;-0,8494164;2,755487;0,2592702;-0,9157268;2,703143; 
0,2358443;0,6876079;2,847866;0,231398;0,1882156;2,81988;0,2402485;0,2372599;2,859133;0,2630676;0,5160336;2,853311;0,06963208;0,4001164;2,83359;-0,001543593;0,1614587;2,833457;-0,03555185;-0,1084041;2,746644;-0,03033426;-0,1775985;2,740609;0,4042225;0,4352918;2,799112;0,5667213;0,5762124;2,677913;0,5332488;0,8592682;2,60677;0,5283273;0,9275657;2,61879;0,15719;0,1183159;2,838552;0,06667854;-0,105021;2,439658;0,05075487;-0,4484572;2,6533;0,04048255;-0,5203774;2,608495;0,2955006;0,09904712;2,781338;0,2919661;-0,4208126;2,733999;0,2610692;-0,8476368;2,755492;0,2590863;-0,9159585;2,703442; 
0,2359906;0,6877518;2,848435;0,2320551;0,1877629;2,819662;0,2419576;0,2367913;2,859647;0,2708668;0,5177116;2,852102;0,07091215;0,3986458;2,834555;-0,0004432796;0,1677549;2,835499;-0,05018945;-0,02983457;2,754108;-0,03875592;-0,07433949;2,75668;0,4045652;0,4354437;2,798872;0,5687733;0,6127039;2,672642;0,5295173;0,8886369;2,602065;0,5187436;0,9566357;2,611485;0,1573422;0,1178366;2,838675;0,06666594;-0,104958;2,439694;0,05116156;-0,4488063;2,653397;0,04060924;-0,5205858;2,608467;0,2950726;0,09863292;2,78049;0,2920386;-0,4210431;2,734046;0,261428;-0,8480786;2,755478;0,2598178;-0,9166674;2,702484; 
0,237352;0,6863314;2,848838;0,23349;0,18591;2,819459;0,2433108;0,23533;2,860188;0,2706839;0,5175033;2,851908;0,07146694;0,3987334;2,835011;-0,000547385;0,1680375;2,835836;-0,04965972;-0,02993521;2,755105;-0,03836862;-0,07464711;2,757507;0,4051879;0,4357519;2,798976;0,568894;0,6127087;2,672606;0,5290894;0,8891078;2,602857;0,5162357;0,956984;2,61;0,1590008;0,1152421;2,838129;0,06689527;-0,1056833;2,4386;0,05144801;-0,4497997;2,652842;0,04110822;-0,5221617;2,607087;0,2957093;0,09763569;2,780464;0,2920979;-0,4209586;2,733996;0,2617453;-0,848191;2,75538;0,2603701;-0,9168312;2,701986; 
0,2359615;0,6877521;2,850324;0,2335983;0,1860315;2,819158;0,2436017;0,2352799;2,860717;0,2703109;0,5185326;2,852712;0,07251257;0,3990649;2,835608;0,0004253327;0,1611895;2,835134;-0,04760987;-0,0405784;2,762587;-0,03977169;-0,1338524;2,754267;0,4057285;0,4358704;2,799033;0,5634127;0,5646163;2,685246;0,5334182;0,8475064;2,611878;0,5174038;0,9149365;2,616467;0,1590685;0,1153079;2,837967;0,06696791;-0,1055631;2,438617;0,0525033;-0,4509034;2,651463;0,04131828;-0,5226324;2,607169;0,2952707;0,09776638;2,778523;0,2921543;-0,420741;2,733904;0,2617967;-0,8481361;2,75542;0,2601262;-0,917142;2,702267; 
0,2359215;0,6879634;2,8504;0,2341032;0,1856943;2,819138;0,2442003;0,2349563;2,861332;0,2701976;0,5185067;2,852625;0,07275665;0,398921;2,83616;0,0008177667;0,1695899;2,838278;-0,0474432;-0,04093987;2,762541;-0,03974658;-0,1342317;2,754205;0,4058178;0,4358854;2,79913;0,5716424;0,6194831;2,671062;0,5289076;0,889498;2,602988;0,511591;0,9566909;2,606204;0,159749;0,1147043;2,838026;0,06785016;-0,1059217;2,438684;0,05279304;-0,4509448;2,65133;0,04216813;-0,5239232;2,606443;0,2954657;0,09759281;2,778499;0,2923654;-0,4216403;2,733645;0,2616995;-0,8491565;2,755504;0,2583873;-0,9188118;2,70504; 
0,2341149;0,6892823;2,851789;0,2345621;0,1855932;2,819193;0,2447855;0,2347575;2,861931;0,2701213;0,5181127;2,852483;0,07319688;0,3987098;2,8365;0,001020451;0,1579203;2,839462;-0,04804729;-0,04040934;2,759835;-0,0414607;-0,1337603;2,751192;0,4058557;0,4358867;2,799262;0,5717099;0,6191794;2,671401;0,5288656;0,8896819;2,603592;0,5113247;0,9568529;2,605976;0,1602468;0,1143885;2,838514;0,0678731;-0,1067597;2,439739;0,05341363;-0,4516701;2,651352;0,04305353;-0,5275174;2,60344;0,2957629;0,09750096;2,778298;0,2925333;-0,4215643;2,733417;0,261676;-0,8491678;2,755436;0,2585984;-0,9194117;2,702912