-0,05210328;0,6952469;3,062239;-0,0329343;0,08813115;2,977725;-0,04002119;0,1466045;3,042569;-0,04085279;0,5205076;3,078389;-0,2179236;0,4088798;3,030397;-0,4173846;0,5569347;2,892947;-0,4854056;0,7741753;2,812719;-0,5067713;0,872696;2,810371;0,1238981;0,3923416;3,063909;0,1811333;0,1274943;3,048516;0,1760295;-0,08166167;2,939937;0,1721047;-0,1457158;2,902032;-0,1068626;0,01296255;2,950815;-0,1490897;-0,5132799;2,941686;-0,1558106;-0,889488;2,956083;-0,1627368;-0,9477106;2,919091;0,04393607;0,01445323;2,964135;0,0719374;-0,5114556;2,932516;0,03891797;-0,8875282;2,945661;0,05745601;-0,9390931;2,899868; 
-0,04875758;0,6982466;3,062497;-0,03228765;0,08878722;2,976097;-0,03910104;0,1474445;3,040777;-0,03875458;0,5214399;3,075738;-0,2173801;0,4092556;3,030139;-0,4164534;0,5565468;2,893298;-0,4845905;0,775054;2,811505;-0,5062261;0,8735676;2,809835;0,127141;0,3922009;3,063546;0,18229;0,1288669;3,045765;0,1765494;-0,08149248;2,939941;0,1738828;-0,1476853;2,905727;-0,1067661;0,01298375;2,949861;-0,1491098;-0,5150973;2,940077;-0,1558462;-0,890174;2,955956;-0,1651651;-0,9452836;2,914831;0,04484335;0,01502517;2,962095;0,07234115;-0,5124135;2,930284;0,03937162;-0,887569;2,94553;0,05748316;-0,9390739;2,899877; 
-0,04750586;0,6952286;3,061537;-0,03304397;0,08301735;2,958522;-0,03770019;0,1407496;3,026428;-0,03592004;0,5184883;3,072993;-0,2163506;0,4074044;3,02627;-0,4147826;0,5572336;2,894176;-0,4838484;0,7756553;2,813972;-0,5050087;0,874199;2,818828;0,1285461;0,386084;3,050858;0,1825684;0,1267135;3,036515;0,1737016;-0,07808553;2,91909;0,1748732;-0,1499828;2,899289;-0,1087901;0,00865557;2,934724;-0,1503605;-0,5188766;2,916546;-0,1556846;-0,8912493;2,954436;-0,1673976;-0,9464746;2,903987;0,04268421;0,00762412;2,934397;0,07302757;-0,5080332;2,900557;0,03746431;-0,8871317;2,943644;0,05750225;-0,9389513;2,899825; 
-0,04774004;0,6939964;3,059927;-0,03265326;0,08280385;2,95622;-0,03706946;0,1402188;3,023861;-0,03379192;0,5172495;3,071582;-0,215016;0,4066276;3,024565;-0,4138677;0,5574633;2,894656;-0,4821612;0,7745237;2,816908;-0,5038387;0,8729799;2,822078;0,1287723;0,385717;3,048981;0,1824985;0,1246131;3,030469;0,175891;-0,08199967;2,916567;0,1765959;-0,1533384;2,894718;-0,1079992;0,009051578;2,928699;-0,1510053;-0,5192316;2,91327;-0,1558524;-0,8915615;2,954086;-0,1689487;-0,9474241;2,902969;0,04268117;0,007613705;2,934354;0,07231741;-0,5108999;2,898006;0,03693049;-0,8877071;2,943179;0,06699545;-0,9453104;2,881058; 
-0,04735617;0,6933082;3,059307;-0,03303975;0,0825317;2,954547;-0,03708383;0,1397438;3,022133;-0,03199973;0,5161474;3,070466;-0,2153621;0,4067436;3,023787;-0,4134789;0,5577381;2,894458;-0,4813791;0,7747893;2,818519;-0,5035245;0,8731426;2,824273;0,1300571;0,3840591;3,047071;0,1823389;0,1247534;3,027502;0,1820591;-0,07617402;2,902406;0,1923798;-0,1416448;2,868088;-0,108993;0,008405635;2,927772;-0,1516496;-0,5181401;2,910084;-0,156338;-0,8904921;2,952542;-0,169681;-0,946656;2,904597;0,04233927;0,007201111;2,932207;0,07199138;-0,5106997;2,897272;0,03668767;-0,8875346;2,94276;0,06090883;-0,940646;2,89247; 
-0,03893363;0,6906948;3,057341;-0,03261952;0,08222051;2,953602;-0,0366545;0,1393193;3,021287;-0,03109853;0,515875;3,070664;-0,2144679;0,4060467;3,023112;-0,4122702;0,5580252;2,89527;-0,4799075;0,773481;2,820134;-0,5027035;0,8716158;2,82768;0,1306162;0,3844649;3,04688;0,1825815;0,1248196;3,027245;0,178557;-0,07882194;2,907323;0,1700521;-0,1461037;2,876064;-0,1085295;0,008078794;2,926676;-0,1519639;-0,5201918;2,908235;-0,1566872;-0,8930258;2,951336;-0,1702769;-0,9484108;2,903998;0,04248913;0,007140137;2,931878;0,0720685;-0,5110557;2,896466;0,03656504;-0,8872913;2,942259;0,06445618;-0,9424601;2,883142; 
-0,04026684;0,6907452;3,056776;-0,0326219;0,0820699;2,952758;-0,03641443;0,139015;3,020341;-0,03023506;0,5149309;3,069858;-0,2141943;0,405969;3,022491;-0,4120243;0,5579658;2,896154;-0,4787113;0,7754213;2,822583;-0,5008709;0,8737784;2,829789;0,1312288;0,384647;3,045357;0,1826908;0,1242058;3,02631;0,1785177;-0,0796886;2,906908;0,1700086;-0,1470034;2,875634;-0,1086871;0,00792325;2,926451;-0,1521199;-0,5191972;2,907066;-0,1568595;-0,8908713;2,950121;-0,169505;-0,9449787;2,905649;0,04256261;0,007120694;2,930722;0,07136513;-0,5108359;2,895729;0,03581629;-0,8871349;2,941813;0,06367341;-0,9414412;2,884371; 
-0,03865706;0,6901376;3,056444;-0,03266983;0,08155358;2,951437;-0,03656673;0,1384885;3,018902;-0,0303788;0,5147247;3,068836;-0,2134943;0,4050743;3,021428;-0,4104137;0,5576086;2,898219;-0,4784428;0,7755145;2,823188;-0,4987889;0,8741518;2,831743;0,131221;0,3846533;3,04495;0,1833571;0,123915;3,026141;0,178555;-0,08018912;2,907203;0,1393875;-0,08384076;2,84369;-0,1086692;0,007388095;2,925213;-0,1520059;-0,5196552;2,906094;-0,1571158;-0,8914126;2,949743;-0,1699838;-0,9465839;2,904222;0,04252789;0,007026349;2,930291;0,07125624;-0,5111402;2,895248;0,03590281;-0,8867306;2,941573;0,06251784;-0,9408605;2,888839; 
-0,04036489;0,6895767;3,054879;-0,03305987;0,08106902;2,950695;-0,03670686;0,1380601;3,018394;-0,03034368;0,5147088;3,068985;-0,2134766;0,4050298;3,02137;-0,4100421;0,5579055;2,898434;-0,4780925;0,7775812;2,825241;-0,4983746;0,8762531;2,833819;0,1305732;0,3847902;3,044008;0,1832299;0,1243554;3,025906;0,1785112;-0,07996791;2,907424;0,1745547;-0,1512539;2,885365;-0,1089989;0,00710037;2,924791;-0,1521258;-0,5215066;2,905003;-0,1575731;-0,8918629;2,94969;-0,1703379;-0,9478515;2,902801;0,0419754;0,006792425;2,929379;0,07124875;-0,5113404;2,895;0,03577227;-0,8866562;2,941309;0,06519386;-0,9424684;2,878582; 
-0,03631886;0,6941697;3,053649;-0,03315696;0,08104537;2,949935;-0,03667887;0,1380685;3,017588;-0,03018041;0,5150112;3,068414;-0,2133542;0,4048793;3,02127;-0,4094798;0,5577244;2,898705;-0,4770884;0,7785401;2,825914;-0,4973846;0,8772401;2,833698;0,1301942;0,3848252;3,043248;0,1832754;0,1244292;3,025993;0,1838855;-0,07830577;2,904382;0,1848139;-0,147976;2,87745;-0,1090578;0,007107058;2,924386;-0,1522888;-0,521234;2,903834;-0,1577997;-0,8921822;2,949379;-0,173189;-0,9502174;2,899348;0,04178082;0,006980828;2,928752;0,07096347;-0,5110886;2,894865;0,03574749;-0,8868667;2,941103;0,06668376;-0,9420799;2,882452; 
-0,03692153;0,6911536;3,052886;-0,03316426;0,08100098;2,949528;-0,03646501;0,137824;3,017042;-0,02732018;0,5113803;3,066779;-0,2129964;0,4048474;3,021731;-0,4092147;0,5576962;2,898837;-0,4762067;0,7785994;2,826414;-0,4951632;0,8776575;2,832469;0,1314899;0,383656;3,043037;0,1833207;0,1244026;3,025982;0,1836739;-0,07839751;2,90453;0,1854673;-0,1471706;2,875477;-0,1092966;0,007053461;2,924086;-0,1521628;-0,51706;2,902076;-0,158492;-0,8910138;2,948299;-0,1658863;-0,9501291;2,912597;0,04168522;0,00676392;2,928099;0,07073987;-0,5107613;2,894735;0,03577199;-0,8868158;2,941048;0,05826369;-0,9399036;2,89691; 
-0,03719782;0,691003;3,052649;-0,03337787;0,08017707;2,948843;-0,03613402;0,1369956;3,016368;-0,02685546;0,5111169;3,066409;-0,2129729;0,4048676;3,021784;-0,4093448;0,5579091;2,898954;-0,4755501;0,7806082;2,82716;-0,4947496;0,8796175;2,832756;0,1293698;0,3810252;3,039528;0,1832664;0,1244774;3,025775;0,1842657;-0,07729793;2,902452;0,1876744;-0,1441749;2,86944;-0,1095109;0,006708908;2,923788;-0,1523348;-0,5172368;2,902005;-0,1583838;-0,8909928;2,948178;-0,1713547;-0,945278;2,906745;0,0412083;0,006030555;2,927516;0,07074897;-0,5114849;2,894325;0,03571795;-0,8871013;2,940892;0,05870467;-0,9420232;2,89398; 
-0,03757224;0,6901499;3,051082;-0,03346675;0,08047933;2,948493;-0,03632563;0,1373137;3,01599;-0,02824837;0,5119042;3,065918;-0,2134773;0,4047981;3,02178;-0,4091201;0,5590249;2,89883;-0,4750478;0,7807904;2,826826;-0,4941562;0,8798255;2,83174;0,1294889;0,3812921;3,03967;0,1824489;0,1233898;3,023401;0,1843881;-0,07951854;2,902254;0,1913124;-0,1474504;2,872117;-0,109647;0,006730448;2,923623;-0,152452;-0,5171078;2,901944;-0,1581914;-0,8903068;2,94764;-0,1721268;-0,9472462;2,91032;0,0414239;0,006406565;2,926992;0,07055368;-0,5127571;2,894218;0,03582608;-0,8884596;2,940196;0,06468914;-0,9476983;2,880487; 
-0,03664814;0,6896679;3,050747;-0,03365087;0,07943393;2,947745;-0,03618476;0,1363362;3,015322;-0,02706279;0,5114358;3,065706;-0,2126166;0,4042025;3,021338;-0,4091232;0,5590681;2,898835;-0,4747134;0,7805765;2,827076;-0,4936511;0,8796394;2,831521;0,1292594;0,3796621;3,038191;0,1825042;0,1234017;3,023177;0,1844857;-0,07919411;2,901479;0,1917065;-0,1476223;2,87261;-0,1099079;0,006180222;2,923085;-0,1523328;-0,5180824;2,90199;-0,1585805;-0,8915443;2,94752;-0,1709655;-0,9466606;2,906232;0,04088291;0,005528549;2,92643;0,07049144;-0,5124448;2,89397;0,03632468;-0,8883219;2,940193;0,06420735;-0,9461244;2,886004; 
-0,03664596;0,6896655;3,050749;-0,03356985;0,07934061;2,947549;-0,03615502;0,1363201;3,015105;-0,02688497;0,5119188;3,065365;-0,2123466;0,4038303;3,020839;-0,4089103;0,5590082;2,898789;-0,4743786;0,7804033;2,827181;-0,4933206;0,8794527;2,83144;0,1298056;0,3806892;3,03857;0,1827369;0,1237138;3,023072;0,1840249;-0,07876119;2,901173;0,1926702;-0,1479794;2,87472;-0,1098973;0,005975758;2,922859;-0,1524437;-0,5189939;2,902068;-0,1583995;-0,8922126;2,947764;-0,1702188;-0,9473581;2,90552;0,04095918;0,005485037;2,926358;0,07044232;-0,5124386;2,893999;0,03631349;-0,8882312;2,939966;0,06399633;-0,9453164;2,88616; 
-0,03171206;0,6894;3,051121;-0,03359659;0,07937919;2,947514;-0,03631278;0,1363761;3,015048;-0,02876072;0,5127502;3,065602;-0,2124669;0,4034514;3,020287;-0,4087582;0,5590619;2,898363;-0,4740487;0,7801421;2,826865;-0,4927907;0,879222;2,831034;0,1295306;0,3807917;3,038426;0,1836856;0,1233011;3,022458;0,1847;-0,07995332;2,902072;0,1903836;-0,1493776;2,87538;-0,1098898;0,006019995;2,922749;-0,1525304;-0,5191123;2,902057;-0,1582419;-0,8932413;2,948524;-0,1707274;-0,9487835;2,903376;0,0409926;0,005589668;2,926402;0,07049162;-0,5118291;2,893818;0,03586157;-0,8881274;2,940284;0,06458871;-0,9449698;2,886567; 
-0,03258691;0,6899229;3,049748;-0,03365929;0,07954193;2,947401;-0,03635605;0,1364934;3,014931;-0,02818952;0,512567;3,065217;-0,2123156;0,40329;3,020118;-0,408932;0,5583379;2,898299;-0,4733267;0,7794874;2,825323;-0,4917618;0,8787922;2,829623;0,1299443;0,3812229;3,038685;0,1836464;0,1235196;3,022083;0,184987;-0,07983624;2,901931;0,1758651;-0,1702221;2,85758;-0,1100536;0,006125093;2,922581;-0,1526817;-0,5193738;2,902088;-0,1579818;-0,8937868;2,948585;-0,1707773;-0,9492314;2,903033;0,04089199;0,005754165;2,926374;0,07049756;-0,5118171;2,893834;0,03598996;-0,8880189;2,940041;0,06237734;-0,9441875;2,890545; 
-0,03407344;0,6900662;3,049849;-0,03369941;0,07978463;2,947275;-0,0363447;0,1368031;3,014748;-0,02795105;0,5129086;3,064469;-0,2120684;0,4031321;3,020449;-0,4087949;0,5569989;2,897768;-0,4724146;0,7788551;2,8232;-0,4891006;0,878426;2,819432;0,1301945;0,3817415;3,039018;0,1836047;0,1234642;3,021938;0,1849571;-0,07998162;2,901994;0,1899807;-0,148537;2,87282;-0,1101209;0,006211202;2,922684;-0,1523362;-0,5183944;2,902328;-0,1584276;-0,8919529;2,947574;-0,1718741;-0,94796;2,905433;0,04081656;0,006255478;2,926022;0,07036714;-0,5119036;2,893928;0,03597566;-0,8880395;2,940034;0,06145376;-0,9425671;2,892336; 
-0,03291371;0,690256;3,051293;-0,03364548;0,07969511;2,947182;-0,03621795;0,1367155;3,014668;-0,02790461;0,5129135;3,06448;-0,2118973;0,4028168;3,020553;-0,4090829;0,5538418;2,894086;-0,4716327;0,7743105;2,819449;-0,4895114;0,8736752;2,817217;0,1300308;0,3807958;3,038383;0,1840479;0,1226172;3,020763;0,1848029;-0,08130218;2,901764;0,1896696;-0,1501059;2,873239;-0,1100451;0,00613653;2,922542;-0,152372;-0,5189371;2,902844;-0,1586207;-0,8923835;2,947302;-0,1720055;-0,9477149;2,902797;0,04083284;0,006217544;2,926017;0,07035265;-0,5118157;2,894075;0,03597856;-0,888016;2,940021;0,05641426;-0,9411061;2,900207; 
-0,03101553;0,6953146;3,054595;-0,03351455;0,07981616;2,947237;-0,03597701;0,1368939;3,014737;-0,02773526;0,5139956;3,064841;-0,2116665;0,4031049;3,021362;-0,409977;0,5469031;2,89202;-0,4713836;0,7703263;2,812979;-0,4872789;0,8696148;2,804574;0,1300545;0,3808265;3,03833;0,1841545;0,1226162;3,020674;0,185514;-0,08097401;2,901084;0,1919704;-0,1490001;2,8712;-0,1098868;0,006278512;2,922461;-0,1524169;-0,5191191;2,903084;-0,1584498;-0,893393;2,947744;-0,1731443;-0,948261;2,899339;0,04105906;0,006381346;2,926418;0,07037948;-0,512502;2,894323;0,0357612;-0,88808;2,939947;0,06512245;-0,9461885;2,882985; 
-0,03533325;0,6940447;3,056263;-0,03348345;0,07979304;2,947309;-0,03597792;0,1368904;3,0148;-0,02766487;0,5143528;3,065099;-0,2112336;0,4022884;3,021045;-0,4103751;0,5278347;2,885262;-0,4687437;0,7593316;2,801524;-0,4827233;0,859058;2,795926;0,130028;0,3824189;3,038883;0,1843524;0,122476;3,020623;0,1855336;-0,08600497;2,91115;0,1835656;-0,1567415;2,887706;-0,1097609;0,006286359;2,922775;-0,1526315;-0,5188586;2,903744;-0,1589314;-0,8929889;2,947828;-0,1748296;-0,9487997;2,900385;0,04105763;0,006379318;2,926445;0,07060901;-0,5140784;2,895815;0,03582597;-0,8881247;2,939939;0,065821;-0,9460371;2,881489; 
-0,02886454;0,6947099;3,061871;-0,03343144;0,07978004;2,947333;-0,03588564;0,1369736;3,014809;-0,02717382;0,5143226;3,064224;-0,2098277;0,3997147;3,020658;-0,4122588;0,5184671;2,880296;-0,4619946;0,72627;2,783191;-0,473895;0,8262464;2,777606;0,1306156;0,3831587;3,039302;0,1843011;0,1225422;3,020544;0,1843492;-0,08617998;2,911651;0,1810259;-0,1571866;2,889246;-0,1097275;0,006181366;2,922968;-0,1526253;-0,5187735;2,90597;-0,1589701;-0,8929822;2,94799;-0,1748704;-0,9478519;2,898261;0,04113847;0,00642333;2,92652;0,07048522;-0,5141534;2,896772;0,03534947;-0,8876811;2,94034;0,06215684;-0,9413123;2,891686; 
-0,02649967;0,6970014;3,061103;-0,03317102;0,07917145;2,947458;-0,03516609;0,1367656;3,014931;-0,02642186;0,5158932;3,06458;-0,2059237;0,3968396;3,023248;-0,4097539;0,4507269;2,883697;-0,4555116;0,7126366;2,766371;-0,4628375;0,7941371;2,746864;0,1305474;0,3834921;3,039135;0,184668;0,1233286;3,020166;0,1831836;-0,08527998;2,911198;0,1791126;-0,1559708;2,888131;-0,1090781;0,005484538;2,923958;-0,1523558;-0,5195549;2,908407;-0,158745;-0,8931447;2,948044;-0,1747895;-0,9479452;2,898663;0,04113371;0,00640524;2,926517;0,07070461;-0,5156431;2,898854;0,03532451;-0,8877311;2,94022;0,06537063;-0,9440435;2,885679; 
-0,01922072;0,6955891;3,063412;-0,03268376;0,07773152;2,947529;-0,03409448;0,1359126;3,014981;-0,02534297;0,5164021;3,064422;-0,2019408;0,3922698;3,025871;-0,4074685;0,4306886;2,884337;-0,4402519;0,6696024;2,736282;-0,4441936;0,7440749;2,72071;0,1312177;0,3832929;3,039292;0,1850468;0,1230907;3,020359;0,1650314;-0,07700158;2,896452;0,1586951;-0,1467351;2,87133;-0,1085894;0,00426827;2,924806;-0,1520623;-0,5195431;2,909778;-0,1591195;-0,8936402;2,948241;-0,1738438;-0,9483477;2,897266;0,04125449;0,005596024;2,926383;0,07040208;-0,5158148;2,901374;0,03541756;-0,8879017;2,940333;0,0660722;-0,9448521;2,883245; 
-0,01911045;0,695194;3,064471;-0,03277468;0,07719945;2,94781;-0,03379236;0,1358009;3,015168;-0,02266205;0,5177877;3,063969;-0,2009491;0,3908916;3,02702;-0,4081688;0,3998654;2,874191;-0,4216141;0,6076933;2,698168;-0,4156251;0,6649093;2,686591;0,132194;0,383135;3,039493;0,1860418;0,122587;3,020978;0,1714337;-0,08163031;2,904173;0,1653784;-0,1515337;2,879473;-0,1091194;0,003458499;2,926452;-0,1524108;-0,5202698;2,911374;-0,1589414;-0,8936773;2,948982;-0,1731158;-0,9482861;2,896565;0,04087748;0,00497425;2,926318;0,07013831;-0,5154637;2,903416;0,03526454;-0,8876235;2,940887;0,06660969;-0,944002;2,88459; 
-0,01906916;0,6951885;3,064151;-0,03278951;0,07647619;2,948163;-0,0329332;0,1353044;3,015501;-0,02096644;0,5184177;3,064719;-0,1994254;0,3899544;3,030773;-0,4052649;0,3485939;2,872399;-0,4144061;0,5122418;2,689773;-0,3976736;0,5805236;2,657022;0,1330929;0,3810182;3,038518;0,1864226;0,1219331;3,021534;0,1897229;-0,08346209;2,906219;0,1627242;-0,1352522;2,860329;-0,1093166;0,003126596;2,927212;-0,1527247;-0,5195941;2,91387;-0,15718;-0,8923169;2,949094;-0,1754061;-0,9473706;2,906867;0,04060526;0,00411853;2,9264;0,06936564;-0,513512;2,904593;0,03493798;-0,8875203;2,941023;0,0637599;-0,9409915;2,889673; 
-0,01718015;0,700258;3,063791;-0,03275789;0,07652242;2,948436;-0,03233355;0,1355456;3,015738;-0,01913346;0,5198364;3,063985;-0,1943276;0,3903653;3,035788;-0,3840404;0,2803217;2,910532;-0,402293;0,3966665;2,686159;-0,3865865;0,4564979;2,631219;0,1360393;0,3802943;3,040322;0,1864614;0,1220021;3,02181;0,1665017;-0,08702406;2,91651;0,1502901;-0,1505056;2,881666;-0,1093948;0,004089108;2,929165;-0,1530821;-0,519704;2,915824;-0,157368;-0,8924219;2,949267;-0,1754774;-0,9477823;2,907035;0,04050971;0,004063282;2,926449;0,06904352;-0,5177957;2,908205;0,03488347;-0,8881655;2,941394;0,06626987;-0,9447565;2,886153; 
-0,0146139;0,6981169;3,065139;-0,03284309;0,07627639;2,948757;-0,03186613;0,1354018;3,015935;-0,01914167;0,5197321;3,063848;-0,1920658;0,3900771;3,038249;-0,3532747;0,2503846;2,92757;-0,3823203;0,2862368;2,689217;-0,365551;0,3400806;2,606273;0,1364636;0,3797168;3,039593;0,1867019;0,1213188;3,024851;0,1813956;-0,08421398;2,91029;0,1979218;-0,1475019;2,875397;-0,1093558;0,004313692;2,929985;-0,1534039;-0,5169387;2,917709;-0,1574071;-0,8920663;2,949619;-0,1719438;-0,9497446;2,914011;0,04014784;0,003726195;2,926738;0,06872197;-0,5168248;2,909263;0,03482234;-0,8880193;2,94127;0,06816822;-0,9444339;2,885926; 
-0,01335756;0,7000875;3,06493;-0,03285779;0,07604701;2,949005;-0,03204332;0,1353675;3,016094;-0,01829108;0,5200843;3,063496;-0,1892951;0,3906379;3,037695;-0,3356932;0,2207067;2,965448;-0,3515954;0,2746703;2,729561;-0,3476994;0,2336626;2,638128;0,1378748;0,3787857;3,040354;0,1871282;0,1209282;3,026073;0,1690347;-0,08986546;2,925174;0,1507375;-0,1569493;2,899501;-0,1093182;0,004498263;2,930224;-0,1533811;-0,5170648;2,918735;-0,1573314;-0,8922936;2,949871;-0,169854;-0,9474393;2,909824;0,03962069;0,003097967;2,927456;0,06878829;-0,5178733;2,910515;0,03492194;-0,8884383;2,941397;0,06740396;-0,9445844;2,886232; 
-0,01338398;0,7000873;3,064374;-0,0330405;0,07554483;2,94957;-0,03279328;0,1351859;3,016421;-0,01841298;0,5201437;3,063277;-0,1878758;0,3907205;3,035494;-0,3269792;0,2153771;2,961539;-0,3285843;0,2420169;2,720317;-0,3302668;0,1712597;2,649297;0,1383477;0,3801932;3,042846;0,1864857;0,1207508;3,028991;0,1702412;-0,08856557;2,924562;0,1534279;-0,1556882;2,898028;-0,1093296;0,004556577;2,930508;-0,153747;-0,5169119;2,919404;-0,157265;-0,8920964;2,950239;-0,1716338;-0,9482934;2,912357;0,03898885;0,002211093;2,928952;0,06787165;-0,5188066;2,911896;0,03516527;-0,8889948;2,941849;0,06991509;-0,9455765;2,878944; 
-0,01166683;0,7010338;3,063134;-0,03299957;0,07548766;2,950158;-0,033533;0,1355773;3,016757;-0,01878176;0,5224491;3,061858;-0,1864363;0,3910385;3,032526;-0,3016927;0,1942432;2,940885;-0,3281462;0,02596359;2,690365;-0,3117378;-0,0514239;2,629769;0,137694;0,3810371;3,045017;0,1862485;0,1221712;3,033306;0,178936;-0,08794963;2,929754;0,1633007;-0,1393491;2,878789;-0,1088321;0,00531763;2,930964;-0,1541917;-0,5159128;2,919974;-0,1573991;-0,8914278;2,950418;-0,1705653;-0,9505872;2,916763;0,03842753;0,002032621;2,931776;0,0675953;-0,5175995;2,912523;0,03472197;-0,888673;2,942189;0,06278563;-0,9413328;2,889969; 
-0,01163327;0,7021453;3,061535;-0,03320759;0,07442102;2,951069;-0,03441396;0,1355425;3,017218;-0,02111927;0,5244409;3,059923;-0,1860833;0,3909247;3,028631;-0,2946172;0,1785844;2,940197;-0,3125855;-0,02671537;2,750979;-0,2984799;-0,106878;2,692534;0,1375134;0,3809355;3,045348;0,1856953;0,1224005;3,036461;0,1789928;-0,08611785;2,929304;0,1648044;-0,1391163;2,879551;-0,108778;0,00469928;2,931623;-0,1543006;-0,5161572;2,920307;-0,157451;-0,8917811;2,950997;-0,171085;-0,9463939;2,910436;0,03831861;0,00106618;2,933592;0,06756251;-0,5167373;2,913268;0,03444127;-0,8883502;2,942184;0,06162803;-0,9394599;2,892213; 
-0,01107595;0,7030919;3,06077;-0,03349828;0,07408535;2,95131;-0,035806;0,1358588;3,017286;-0,02406822;0,5253029;3,055708;-0,186189;0,3909822;3,02277;-0,2806046;0,1551107;2,949849;-0,2943588;-0,07368472;2,77168;-0,2775776;-0,1639164;2,731478;0,1371112;0,3806966;3,046139;0,1837109;0,1231018;3,040354;0,1775375;-0,08457917;2,931376;0,1664827;-0,1457731;2,891154;-0,108829;0,004616539;2,931683;-0,1543607;-0,5164291;2,92081;-0,1576135;-0,8916177;2,951501;-0,1714127;-0,9458482;2,910542;0,03791779;0,0006277451;2,934755;0,06669704;-0,5152252;2,914251;0,03452231;-0,8883994;2,942304;0,06376412;-0,9397446;2,891049; 
-0,009255455;0,7030764;3,059124;-0,03345412;0,07388665;2,951693;-0,03683937;0,1359685;3,017376;-0,0254659;0,5257258;3,054738;-0,1849647;0,3917828;3,018799;-0,2618131;0,1249997;2,95271;-0,2770514;-0,1073734;2,805068;-0,261921;-0,2001867;2,774375;0,1364298;0,3812118;3,048115;0,181588;0,1226905;3,044096;0,1756441;-0,08357547;2,932029;0,1693042;-0,1428013;2,888093;-0,1084416;0,004642664;2,931724;-0,1542298;-0,5164;2,921113;-0,1572453;-0,8910239;2,95189;-0,1715188;-0,948189;2,915233;0,03792364;0,0005137922;2,936991;0,06668814;-0,5125338;2,915515;0,03447669;-0,8865427;2,942157;0,06217717;-0,9382249;2,893065; 
-0,01583505;0,7020938;3,05485;-0,0343211;0,07399884;2,95221;-0,03904463;0,1365189;3,017503;-0,03085074;0,5247642;3,050064;-0,1895643;0,3916612;3,014507;-0,2615349;0,1233011;2,955403;-0,2681687;-0,1014727;2,838278;-0,2577209;-0,1907915;2,79419;0,1334702;0,3841643;3,051022;0,1801802;0,1219833;3,046762;0,1773935;-0,08384352;2,933591;0,175518;-0,1482619;2,897167;-0,1089347;0,004635924;2,932098;-0,154085;-0,5165741;2,921273;-0,1568134;-0,8922096;2,952428;-0,1722289;-0,9475381;2,907728;0,03730499;0,0007132623;2,937939;0,06794877;-0,5159258;2,917291;0,03453995;-0,8885349;2,942413;0,06535967;-0,942911;2,884807; 
-0,02555648;0,7018864;3,048553;-0,03473933;0,07392827;2,952122;-0,04075535;0,137566;3,016811;-0,03748811;0,5250807;3,038762;-0,192858;0,39173;3,010338;-0,2599865;0,1210459;2,957027;-0,2645128;-0,09795259;2,854964;-0,2534115;-0,19143;2,820685;0,1313877;0,3844332;3,050686;0,1759113;0,1230253;3,052367;0,1769205;-0,08169295;2,936845;0,173744;-0,1436051;2,896351;-0,1090693;0,004546651;2,932087;-0,153765;-0,5158651;2,922015;-0,1568193;-0,8917951;2,95224;-0,1666011;-0,9479474;2,912731;0,03712502;0,0007001641;2,938282;0,06872138;-0,5162866;2,918937;0,03229026;-0,8887458;2,942962;0,06536267;-0,9439279;2,883535; 
-0,02552464;0,7019321;3,048519;-0,03479185;0,07401104;2,95241;-0,04118531;0,1377364;3,016874;-0,03861485;0,5259255;3,038667;-0,1937979;0,3926688;3,0092;-0,2570023;0,1206503;2,96122;-0,2605076;-0,09360547;2,867896;-0,2496693;-0,18538;2,829212;0,1302723;0,3843602;3,050822;0,1733294;0,1237432;3,055552;0,1760331;-0,08093895;2,939951;0,156952;-0,1303476;2,888204;-0,1089334;0,004563286;2,932253;-0,1525138;-0,5168749;2,923048;-0,1569094;-0,8927365;2,951949;-0,1677344;-0,9493631;2,913304;0,03744655;0,00111014;2,939817;0,06936981;-0,5154334;2,920083;0,03213636;-0,8885427;2,943405;0,06163657;-0,9414246;2,894016; 
-0,03613331;0,7034714;3,045712;-0,03595665;0,07465534;2,953061;-0,04364286;0,1387809;3,017023;-0,04575588;0,5276743;3,036957;-0,2001136;0,393804;3,007433;-0,2556816;0,121566;2,966176;-0,2576047;-0,09304523;2,873708;-0,2455469;-0,1849876;2,835707;0,1238853;0,388842;3,052139;0,1717934;0,1257767;3,059736;0,1784931;-0,08323386;2,953554;0,1678351;-0,1342065;2,900878;-0,1094688;0,004643254;2,932827;-0,1522476;-0,5168938;2,923498;-0,1569165;-0,8927085;2,95196;-0,1670432;-0,9490368;2,912598;0,03700904;0,00209508;2,940953;0,07081069;-0,5144642;2,922668;0,03222961;-0,8883886;2,943405;0,06422808;-0,9412426;2,891784; 
-0,03986467;0,7036166;3,045006;-0,03619956;0,07715055;2,953927;-0,04447725;0,1403664;3,017136;-0,04725156;0,5266324;3,035903;-0,2031955;0,3940615;3,007487;-0,2549051;0,123035;2,969281;-0,2550754;-0,09327286;2,881558;-0,2436422;-0,1850075;2,842857;0,1235304;0,3914128;3,054667;0,1695168;0,1266501;3,06269;0,1705679;-0,07591103;2,942799;0,1648298;-0,1298625;2,892367;-0,109453;0,005849185;2,93312;-0,1519602;-0,515025;2,92442;-0,1568339;-0,8916787;2,952059;-0,1656717;-0,9475443;2,911644;0,03790962;0,004070474;2,942787;0,07108805;-0,5135276;2,924844;0,03218674;-0,8881267;2,943625;0,06465665;-0,9409005;2,891582; 
-0,05683875;0,7075775;3,037254;-0,03681087;0,07785355;2,95432;-0,04563801;0,1414405;3,017205;-0,0489804;0,5279287;3,034894;-0,2063249;0,3936792;3,006555;-0,2545002;0,1206995;2,972045;-0,2530869;-0,09512787;2,882853;-0,2403843;-0,1868581;2,844565;0,1183627;0,3961611;3,05569;0,1682144;0,1279603;3,064697;0,1716746;-0,07438838;2,944393;0,1662236;-0,1291662;2,894839;-0,1096205;0,006047056;2,933395;-0,1518986;-0,5156267;2,925214;-0,1572943;-0,8921016;2,952055;-0,1713771;-0,9437582;2,901444;0,03733027;0,005681832;2,943991;0,07143735;-0,5137973;2,925658;0,03227849;-0,8881752;2,943676;0,06904624;-0,9398323;2,887381; 
-0,06161252;0,7066665;3,035188;-0,03834027;0,07840543;2,95507;-0,04764293;0,1422864;3,017803;-0,05542563;0,5297831;3,035145;-0,2137076;0,3934704;3,006609;-0,2544414;0,1206697;2,973176;-0,2528411;-0,09545843;2,884764;-0,2379985;-0,1866276;2,845929;0,11376;0,3979281;3,053953;0,1677568;0,1280904;3,064123;0,173173;-0,07622437;2,947676;0,1732681;-0,1341959;2,901585;-0,1106968;0,006054144;2,934703;-0,1519991;-0,5148154;2,925543;-0,1560796;-0,8910906;2,952515;-0,169224;-0,9489168;2,91617;0,03668255;0,00628883;2,944354;0,07184425;-0,5142503;2,92653;0,03333159;-0,8904162;2,943895;0,06868646;-0,9429587;2,884762; 
-0,06541973;0,7068333;3,036027;-0,04019491;0,07991594;2,9563;-0,05021667;0,1438397;3,018642;-0,06187762;0,5300796;3,034691;-0,2170652;0,3941653;3,006918;-0,2545472;0,1208695;2,973386;-0,2523199;-0,09532057;2,885071;-0,237585;-0,1863929;2,846058;0,1122436;0,3989519;3,054335;0,1675892;0,1280919;3,063841;0,1732035;-0,0766353;2,948161;0,1806651;-0,1365006;2,905245;-0,1117408;0,006788081;2,935943;-0,1520574;-0,5147122;2,925858;-0,1559911;-0,8906139;2,952379;-0,1685732;-0,9484079;2,915701;0,03582745;0,007664556;2,945603;0,07178156;-0,5142034;2,927204;0,03329196;-0,8904962;2,944026;0,06565128;-0,9423791;2,887252; 
-0,07219437;0,7045882;3,035079;-0,0420339;0,08068933;2,957061;-0,05220259;0,1447263;3,019147;-0,06529409;0,5303792;3,034182;-0,2211912;0,3934587;3,007719;-0,2550934;0,1203981;2,973894;-0,2521992;-0,09563485;2,885043;-0,236678;-0,1870791;2,847295;0,1104371;0,4000953;3,053615;0,1670238;0,1277916;3,063894;0,173047;-0,07801954;2,950381;0,1746466;-0,1368966;2,905556;-0,1134813;0,006785001;2,937172;-0,1521033;-0,5165448;2,927025;-0,1563022;-0,8924831;2,95224;-0,168611;-0,9482726;2,912563;0,03496366;0,008458506;2,946199;0,07127392;-0,5152785;2,928;0,03366182;-0,8902681;2,943917;0,06275702;-0,9402395;2,891557; 
-0,0756498;0,7026982;3,034502;-0,04325654;0,08090761;2,957537;-0,05321051;0,1449255;3,019426;-0,06578043;0,5301309;3,03404;-0,2232284;0,3923452;3,008154;-0,2556453;0,1202086;2,973776;-0,2504862;-0,09536969;2,883636;-0,2361465;-0,1879066;2,848246;0,107551;0,4020153;3,053342;0,1657711;0,1282413;3,062203;0,1731671;-0,07860731;2,950885;0,175415;-0,1380924;2,90694;-0,1147077;0,006476846;2,9381;-0,1526155;-0,5172366;2,927598;-0,1557124;-0,8938494;2,953421;-0,1690774;-0,9476683;2,908017;0,03374305;0,009254657;2,946692;0,0706225;-0,5149386;2,928421;0,03389817;-0,8904019;2,944025;0,06512097;-0,9411564;2,88993; 
-0,07878503;0,7029263;3,034938;-0,04553633;0,0816161;2,957988;-0,05497164;0,1456376;3,019871;-0,066612;0,5305845;3,034642;-0,2253255;0,3921904;3,009446;-0,2578931;0,1207344;2,972933;-0,2517176;-0,09453183;2,881882;-0,2369222;-0,187408;2,847675;0,1041638;0,402105;3,051902;0,1628211;0,128625;3,059823;0,1734659;-0,07903747;2,950485;0,1763781;-0,1390924;2,907401;-0,1167088;0,006741491;2,93895;-0,1531878;-0,5166709;2,928497;-0,1555354;-0,8935772;2,953844;-0,1708425;-0,9519551;2,919222;0,03091305;0,01100452;2,946809;0,06931003;-0,5114856;2,928836;0,0334073;-0,8883927;2,943135;0,04896942;-0,9454693;2,906515; 
-0,0825333;0,7042664;3,035316;-0,04673401;0,08223351;2,958565;-0,05555171;0,146067;3,020483;-0,06749547;0,5303305;3,035542;-0,2303208;0,3896396;3,011021;-0,2598648;0,1209687;2,973438;-0,253095;-0,09255204;2,877616;-0,2373444;-0,1855922;2,844351;0,1015309;0,4039374;3,0507;0,1611205;0,1295312;3,058105;0,1710445;-0,07775399;2,947796;0,1756206;-0,1374234;2,904346;-0,1182298;0,006651565;2,940091;-0,153674;-0,5151471;2,929552;-0,1554638;-0,8900068;2,95358;-0,1685946;-0,9494625;2,91982;0,0301571;0,01188291;2,946832;0,06880751;-0,5112661;2,928701;0,0339018;-0,8881425;2,942878;0,05860215;-0,9384924;2,901624; 
-0,08391;0,7050854;3,034173;-0,04836853;0,08223093;2,958873;-0,05734842;0,1458879;3,020878;-0,07218882;0,5301791;3,037149;-0,2326385;0,3899248;3,012051;-0,2611917;0,1216489;2,973288;-0,2537375;-0,09124859;2,87584;-0,2355302;-0,1829709;2,840233;0,09844185;0,4018872;3,048883;0,1603043;0,129589;3,057024;0,1711457;-0,07813948;2,947717;0,1610665;-0,1286824;2,894672;-0,1193829;0,006485516;2,940353;-0,1546892;-0,5145371;2,93013;-0,1556076;-0,8897449;2,953696;-0,1684957;-0,9500588;2,921283;0,02910444;0,01206403;2,946986;0,0683308;-0,5115299;2,928631;0,03299126;-0,8891317;2,942768;0,06653082;-0,9467978;2,885021; 
-0,08388565;0,7050837;3,034184;-0,05044274;0,08303078;2,959616;-0,05957974;0,1468122;3,021681;-0,07559738;0,5320732;3,038559;-0,2350225;0,3907176;3,013148;-0,2629907;0,1223141;2,973059;-0,255792;-0,08832858;2,869971;-0,2362468;-0,1806289;2,836601;0,09825532;0,401926;3,048991;0,1572399;0,1295288;3,054163;0,1681165;-0,07746232;2,943208;0,1617797;-0,1311555;2,892728;-0,1215542;0,006645408;2,941336;-0,1557223;-0,5148089;2,931208;-0,156102;-0,8883224;2,953173;-0,1701094;-0,9423931;2,911436;0,0279552;0,01265449;2,947263;0,06661595;-0,5109504;2,92864;0,03306225;-0,8888572;2,942772;0,06323229;-0,9426388;2,891212; 
-0,1495493;0,7026086;3,057498;-0,1009084;0,09207045;2,972552;-0,1067728;0,1515603;3,03688;-0,1340463;0,5266801;3,06737;-0,2938192;0,3847072;3,037713;-0,3292098;0,123187;2,997167;-0,3125629;-0,0817862;2,877914;-0,2932605;-0,1695134;2,83379;0,06379531;0,4182186;3,048519;0,07240108;0,1152644;2,981187;0,08487058;-0,09061153;2,867934;0,09145198;-0,151077;2,825836;-0,1732035;0,007521361;2,955812;-0,1663541;-0,5124736;2,934088;-0,1564056;-0,886946;2,953836;-0,1698213;-0,9445849;2,916862;-0,01320647;0,02149691;2,950267;0,05062705;-0,5039036;2,926604;0,03230366;-0,8874494;2,942469;0,05915206;-0,9416941;2,907741; 
-0,1522429;0,7060302;3,060653;-0,1009214;0,09211858;2,972692;-0,1064728;0,1517386;3,037082;-0,1343428;0,528614;3,068086;-0,295306;0,3847474;3,040635;-0,3283805;0,1225283;2,997655;-0,3119867;-0,0829493;2,878581;-0,2933018;-0,1717851;2,836448;0,06263923;0,4191846;3,049359;0,08667446;0,156811;3,003363;0,1014197;-0,07032348;3,011659;0,1080013;-0,1307906;2,96956;-0,1732408;0,007537758;2,956023;-0,1687162;-0,5134372;2,935112;-0,1566193;-0,8869277;2,953844;-0,1741013;-0,9425509;2,91541;-0,01344472;0,02150275;2,95042;0,04865199;-0,503609;2,926434;0,03240201;-0,8871878;2,942696;0,06534413;-0,936765;2,888807; 
-0,1526346;0,707086;3,061438;-0,1009109;0,09201723;2,972818;-0,106326;0,1516922;3,03721;-0,1348001;0,5290009;3,068504;-0,2961999;0,3851895;3,042107;-0,325901;0,120185;2,995856;-0,310959;-0,0856583;2,878975;-0,2928381;-0,1745734;2,83677;0,06151571;0,419208;3,04953;0,2628403;0,5804604;3,037682;0,3034031;0,8054717;3,029191;0,3169241;0,8804755;3,031137;-0,1731507;0,007440401;2,956294;-0,1701845;-0,5136626;2,934923;-0,1581137;-0,8854442;2,953734;-0,1741624;-0,9417278;2,915666;-0,01365862;0,02130972;2,95048;0,0474949;-0,5053179;2,925893;0,03241662;-0,8872442;2,942764;0,06780237;-0,9420197;2,883255; 
-0,1532404;0,7073265;3,062095;-0,1007967;0,09223126;2,973319;-0,106224;0,1518567;3,037753;-0,134966;0,5289571;3,069288;-0,2965122;0,3853899;3,042662;-0,3255842;0,1194234;2,995625;-0,3089448;-0,08875973;2,87972;-0,2920156;-0,1775166;2,836664;0,06087874;0,4196651;3,049931;0,2632194;0,5816718;3,038619;0,303628;0,8067149;3,029192;0,3067175;0,9054027;3,045606;-0,1729106;0,007611685;2,956906;-0,1716223;-0,5130454;2,934953;-0,1581813;-0,8852146;2,953725;-0,1718701;-0,9446843;2,919687;-0,01382953;0,0215243;2,950769;0,04720289;-0,5050198;2,925885;0,03273645;-0,8868474;2,942835;0,0674959;-0,941312;2,883585; 
-0,1556931;0,7078944;3,062231;-0,1008635;0,09164538;2,973501;-0,1061659;0,1516845;3,03792;-0,1375717;0,5318755;3,070335;-0,296613;0,3855734;3,043493;-0,3255883;0,1193789;2,99559;-0,3081158;-0,08885404;2,882266;-0,2916576;-0,1782917;2,840435;0,055613;0,4202024;3,049358;0,2630119;0,582146;3,039166;0,3021685;0,8073928;3,030076;0,3056132;0,9053952;3,050164;-0,1725678;0,00732454;2,957306;-0,1727338;-0,5147191;2,935301;-0,158132;-0,8864287;2,953811;-0,1692946;-0,9447895;2,91707;-0,01440821;0,02125647;2,950926;0,04699066;-0,5051053;2,925874;0,03477688;-0,8868464;2,94294;0,06798961;-0,9412228;2,883302; 
-0,1540795;0,7115782;3,066163;-0,1008897;0,09147027;2,973874;-0,1061889;0,1515929;3,038401;-0,1381356;0,5335501;3,072078;-0,2973509;0,3856989;3,044735;-0,3248774;0,1192336;2,995581;-0,3078587;-0,08876181;2,883406;-0,2915453;-0,1782835;2,841688;0,05086229;0,4212469;3,050362;0,2635943;0,5824271;3,039693;0,3026473;0,8076956;3,030289;0,3048334;0,9062404;3,047748;-0,1721593;0,007226871;2,958048;-0,1732063;-0,5151014;2,93532;-0,1587461;-0,8861875;2,953757;-0,1688461;-0,9438082;2,907812;-0,0151391;0,02152801;2,951333;0,04661373;-0,50574;2,92581;0,03523261;-0,8872379;2,942969;0,06809629;-0,9425572;2,881123; 
-0,1548394;0,7074407;3,070997;-0,1001559;0,09137689;2,974325;-0,1055782;0,1513565;3,038927;-0,1383154;0,5326381;3,073562;-0,2983869;0,385585;3,045511;-0,3247421;0,1190448;2,996743;-0,3075295;-0,08916667;2,884837;-0,2890529;-0,1798073;2,846098;0,05016982;0,421598;3,050599;0,2644244;0,5829272;3,040394;0,3007413;0,8498954;3,036396;0,3032283;0,948485;3,054609;-0,170608;0,006943935;2,958569;-0,1736051;-0,514734;2,935077;-0,1589259;-0,885552;2,954021;-0,1704934;-0,9434277;2,908221;-0,01484692;0,02170387;2,951479;0,04639047;-0,5060656;2,925787;0,0349427;-0,8883394;2,942921;0,06837534;-0,9430976;2,880623; 
-0,1564341;0,7083893;3,071659;-0,1001174;0,09129284;2,974561;-0,1054807;0,1512798;3,039253;-0,1382307;0,5326419;3,074124;-0,2988095;0,3861218;3,046494;-0,3245459;0,1187853;2,996871;-0,3070812;-0,09002862;2,886827;-0,2897358;-0,1809963;2,848324;0,04908178;0,4216964;3,050982;0,2643636;0,5827912;3,040992;0,3015049;0,8083417;3,033213;0,3025037;0,9074761;3,048372;-0,1704568;0,007002329;2,958796;-0,1739672;-0,5153312;2,935068;-0,1590844;-0,8858344;2,95412;-0,171068;-0,9442345;2,905409;-0,01509304;0,02176399;2,951731;0,04543355;-0,5045048;2,925487;0,03501019;-0,887383;2,942881;0,03515711;-0,9148123;2,865343; 
-0,1567684;0,7099322;3,072046;-0,1002147;0,09117091;2,974706;-0,1055883;0,1512968;3,039422;-0,1382729;0,5340626;3,074579;-0,2989499;0,3860757;3,046826;-0,324214;0,1186014;2,996992;-0,3067015;-0,08923257;2,88813;-0,2897787;-0,1800622;2,84911;0,04690632;0,4224464;3,051611;0,264913;0,5828952;3,041493;0,301426;0,8085942;3,032089;0,3023075;0,9076658;3,047679;-0,1704413;0,007031744;2,95911;-0,1741027;-0,5156477;2,935206;-0,159408;-0,88603;2,954165;-0,1710677;-0,9450072;2,903263;-0,01577296;0,02184439;2,95188;0,04538729;-0,5045223;2,925543;0,03491606;-0,8873507;2,942822;0,06139991;-0,9335743;2,895394; 
-0,1555928;0,7100128;3,073657;-0,100129;0,09116799;2,974782;-0,1060928;0,1512849;3,0395;-0,1382889;0,5341007;3,074602;-0,2990839;0,3859421;3,046967;-0,3240166;0,1184535;2,997108;-0,3063571;-0,08961932;2,889482;-0,2898143;-0,1802775;2,849892;0,05015948;0,4236459;3,05584;0,264994;0,5829105;3,042083;0,3013017;0,8086687;3,031201;0,3020964;0,9076496;3,04739;-0,1704114;0,006988005;2,959035;-0,1744961;-0,5169061;2,935948;-0,1597321;-0,8868787;2,953957;-0,1708663;-0,9448317;2,903424;-0,01547218;0,02163591;2,952211;0,04524716;-0,5048477;2,925411;0,03511371;-0,887457;2,942858;0,06901856;-0,9441478;2,880618; 
-0,1553785;0,711033;3,074722;-0,1001193;0,09117598;2,974823;-0,1061402;0,1513286;3,039592;-0,1384309;0,534427;3,074833;-0,2992058;0,3860574;3,047006;-0,3225561;0,1175202;2,996405;-0,3055394;-0,09088324;2,889462;-0,2884969;-0,1815543;2,850102;0,05044588;0,4232782;3,056017;0,2649081;0,5823172;3,043362;0,2984669;0,8345457;3,032637;0,3007869;0,9330763;3,051272;-0,1704112;0,006988313;2,959044;-0,1748921;-0,5174589;2,936029;-0,160118;-0,8882508;2,95415;-0,1716251;-0,9461784;2,903129;-0,01546954;0,02163073;2,952235;0,04527863;-0,5051527;2,92543;0,03551653;-0,8880277;2,942624;0,06962407;-0,9445109;2,879513; 
-0,1532513;0,7117015;3,078962;-0,1000856;0,09081828;2,974989;-0,1062353;0,1509959;3,039809;-0,1391827;0,5340829;3,075455;-0,2990361;0,386248;3,046907;-0,3217776;0,1176824;2,996718;-0,3051611;-0,09089293;2,890082;-0,2874087;-0,1816307;2,851181;0,04978033;0,4233586;3,056095;0,2661968;0,5829722;3,043422;0,297709;0,8203323;3,032795;0,3002909;0,9191918;3,049585;-0,1703226;0,006984618;2,959042;-0,1750618;-0,5164034;2,936054;-0,1607473;-0,8876213;2,953768;-0,1615938;-0,9518197;2,926002;-0,01555855;0,02135402;2,952517;0,04484864;-0,5056822;2,925043;0,03518407;-0,8890405;2,942978;0,0689235;-0,9450181;2,878349; 
-0,1533217;0,7116933;3,078977;-0,1000163;0,09069654;2,975136;-0,1062539;0,1509515;3,039987;-0,1394548;0,5349812;3,076108;-0,2989354;0,3863485;3,047556;-0,3217156;0,1177524;2,996823;-0,3050433;-0,0908785;2,890313;-0,2865216;-0,1820785;2,85287;0,04951254;0,4234952;3,05703;0,2662255;0,5829625;3,043387;0,2987776;0,8153511;3,033088;0,3004659;0,9143792;3,048996;-0,1701847;0,006934199;2,959086;-0,175192;-0,5170031;2,936238;-0,1603964;-0,8888549;2,954084;-0,1709506;-0,9490119;2,900409;-0,01559134;0,02130871;2,95272;0,0443964;-0,5054853;2,924666;0,03497754;-0,8889091;2,942765;0,0698354;-0,9455812;2,876433