;0,1749735;0,577156;2,742113;0,197283;0,03219612;2,7212;0,1994599;0,08234391;2,778046;0,2011061;0,39742;2,792967;0,05426458;0,3892611;2,785284;-0,04726948;0,6195089;2,634919;-0,05366267;0,8463808;2,565866;-0,03340095;0,9193351;2,557718;0,383616;0,2859696;2,74981;0,4276854;0,01550394;2,695824;0,4231927;-0,1919632;2,605419;0,4182729;-0,2883937;2,569472;0,119402;-0,03607801;2,704934;0,05979258;-0,4905417;2,690785;-0,03072401;-0,8582365;2,660387;-0,09881341;-0,9138403;2,590946;0,2739198;-0,0497739;2,703715;0,3762603;-0,4818026;2,692731;0,4710435;-0,8425047;2,715733;0,5529035;-0,9024896;2,660475; 
0,1747639;0,57524;2,743063;0,1983728;0,02954935;2,721365;0,2008098;0,07993437;2,77829;0,2020242;0,3965431;2,793508;0,05376733;0,388965;2,785768;-0,0471218;0,584726;2,648635;-0,05959491;0,7960539;2,570482;-0,04522876;0,8699794;2,558841;0,380838;0,2900925;2,749797;0,4261782;0,01242467;2,694049;0,4218866;-0,1957973;2,605629;0,4179605;-0,2920604;2,568925;0,1208051;-0,03959507;2,705764;0,05975626;-0,4907124;2,690812;-0,03058058;-0,8580571;2,660126;-0,09411146;-0,9133271;2,593278;0,2744727;-0,05089679;2,703273;0,3762422;-0,4817975;2,692756;0,4709822;-0,8424373;2,715689;0,5536038;-0,9029062;2,659543; 
0,175003;0,5748168;2,743689;0,1986442;0,02902754;2,72159;0,2016006;0,07909033;2,778562;0,2079945;0,3955605;2,794925;0,05292168;0,3876433;2,787465;-0,04938388;0,5521712;2,654605;-0,06031694;0,767478;2,574671;-0,04750117;0,8398718;2,554326;0,3837154;0,2883549;2,750178;0,4259261;0,01249418;2,694008;0,4217297;-0,1956644;2,605704;0,417885;-0,2920552;2,569024;0,1203191;-0,04086751;2,706516;0,05973627;-0,4912174;2,690956;-0,03069287;-0,8580951;2,65998;-0,09437599;-0,9133242;2,592719;0,2747189;-0,05261923;2,702632;0,3763226;-0,4817989;2,692796;0,47092;-0,8423139;2,715824;0,5504161;-0,9017164;2,661203; 
0,172474;0,5774065;2,746416;0,2013678;0,03834459;2,72506;0,2039108;0,08562992;2,781218;0,2081658;0,3955047;2,79512;0,04949837;0,3875577;2,788617;-0,05116211;0,5507246;2,652351;-0,05949068;0,7677108;2,568812;-0,04647672;0,8378054;2,541512;0,3851025;0,2893913;2,751449;0,4248981;0,01163094;2,69338;0,4221351;-0,1968881;2,606267;0,4183952;-0,2932232;2,56921;0,1231056;-0,03571538;2,704642;0,0596825;-0,4914709;2,690992;-0,03150712;-0,8592436;2,660014;-0,09532446;-0,913874;2,592102;0,2765973;-0,04320928;2,711234;0,3765018;-0,4820299;2,692673;0,4708541;-0,8425571;2,715801;0,5542765;-0,9040723;2,658242; 
0,1522576;0,5709124;2,688966;0,1984312;-0,02413062;2,699518;0,1965193;0,03569342;2,75537;0,1808187;0,3905789;2,766508;0,01187996;0,2743542;2,746182;-0,01929049;0,02047257;2,693726;-0,0252703;0,244037;2,599551;-0,01255248;0,3132428;2,569882;0,3604238;0,2847912;2,736785;0,4135047;0,01457241;2,69027;0,4117118;-0,1954234;2,607266;0,412787;-0,2933017;2,574208;0,126922;-0,1045343;2,68777;0,04860016;-0,5479318;2,706203;-0,03171842;-0,8593575;2,660164;-0,09555713;-0,9139305;2,591961;0,2775419;-0,09450332;2,683334;0,3791679;-0,5108085;2,706756;0,4709188;-0,8425461;2,715744;0,5546871;-0,904196;2,658076; 
0,1520867;0,5719566;2,689609;0,1985334;-0,02407973;2,699535;0,1967328;0,03579772;2,7554;0,1808603;0,3908195;2,766488;0,01216858;0,2738085;2,746271;-0,018872;0,02035206;2,693493;-0,02485181;0,2439165;2,599314;-0,01213646;0,3131088;2,56965;0,3596465;0,2850772;2,736536;0,4110904;0,01619421;2,689872;0,4041313;-0,1941798;2,60821;0,4110796;-0,292162;2,576253;0,1269644;-0,1044947;2,687797;0,04869834;-0,5476955;2,706048;-0,03169081;-0,8592365;2,660203;-0,09553759;-0,9139212;2,59199;0,2776785;-0,09442937;2,683287;0,3792518;-0,5132175;2,708742;0,471081;-0,8427171;2,716081;0,5548146;-0,9041854;2,658035; 
0,1513302;0,5753024;2,690421;0,1985499;-0,02395497;2,699526;0,1968544;0,03602307;2,755374;0,1809724;0,3911353;2,765851;0,01215861;0,2738911;2,746244;-0,01845774;0,02041383;2,693147;-0,02443756;0,2439783;2,598964;-0,01171914;0,3131873;2,569294;0,3588215;0,2856559;2,736114;0,4088115;0,01721258;2,688949;0,401475;-0,1938978;2,6095;0,4078918;-0,2927899;2,580271;0,1269273;-0,1044238;2,687766;0,04837897;-0,5478568;2,706023;-0,03188096;-0,8594356;2,660094;-0,09555751;-0,9139308;2,591974;0,2776861;-0,09429866;2,683335;0,3792927;-0,5133019;2,708933;0,4708574;-0,8425597;2,716212;0,5530733;-0,9021511;2,661024; 
0,1512819;0,5748122;2,690793;0,1985371;-0,02394684;2,69953;0,1969239;0,03605638;2,755378;0,1808993;0,3912817;2,765767;0,01212466;0,2739722;2,74625;-0,01851772;0,02039339;2,693022;-0,02449754;0,2439578;2,598835;-0,0117725;0,3132029;2,569149;0,3571841;0,2848075;2,735469;0,4077377;0,01763105;2,688617;0,4012826;-0,1935207;2,609093;0,4070117;-0,2926347;2,580285;0,1268984;-0,1044016;2,687736;0,04845534;-0,5479096;2,705816;-0,03199275;-0,8592558;2,660182;-0,09555611;-0,9139311;2,591968;0,2776401;-0,09426416;2,683335;0,3791628;-0,5135469;2,709099;0,4709641;-0,8420483;2,716055;0,5530698;-0,9021737;2,660887; 
0,1505487;0,5748823;2,690525;0,1985556;-0,02387401;2,69952;0,1969573;0,03613259;2,755387;0,1809278;0,3913613;2,765817;0,01212788;0,2739202;2,746301;-0,01843369;0,02072717;2,69308;-0,02441351;0,2442916;2,598889;-0,01168382;0,3135619;2,569192;0,3568371;0,2851118;2,735652;0,4065167;0,01890895;2,688128;0,3991148;-0,1925455;2,609578;0,4063621;-0,2916276;2,580867;0,1268725;-0,1043164;2,68766;0,04848773;-0,5478809;2,705796;-0,03198416;-0,859254;2,660211;-0,09556366;-0,9138974;2,591983;0,2776521;-0,09418546;2,683308;0,3791527;-0,5110232;2,708554;0,4708918;-0,8419707;2,716482;0,5510241;-0,9022921;2,662018; 
0,1497034;0,5764553;2,691614;0,1984885;-0,0237856;2,699475;0,1969891;0,03636206;2,755331;0,1808386;0,3921227;2,765168;0,01207588;0,2740153;2,746328;-0,01835822;0,02070313;2,693102;-0,02433804;0,2442676;2,598907;-0,01160677;0,3135466;2,569206;0,3558713;0,2853384;2,735169;0,4061726;0,01869477;2,688098;0,3988804;-0,1927699;2,609466;0,4068548;-0,2919862;2,581371;0,1267681;-0,1041639;2,68762;0,04935283;-0,5350415;2,704318;-0,03202671;-0,8588707;2,660795;-0,0957504;-0,9136605;2,592154;0,2775203;-0,09409937;2,683279;0,3815285;-0,5160229;2,710854;0,471301;-0,8419405;2,716605;0,5510777;-0,90272;2,661921; 
0,149556;0,5765577;2,691699;0,198483;-0,02374269;2,699468;0,1970291;0,03639456;2,755339;0,1807632;0,3921345;2,765204;0,01201458;0,2741077;2,74639;-0,01830207;0,02076708;2,693044;-0,02428189;0,2443315;2,598845;-0,01154824;0,3136234;2,569138;0,3553227;0,2849709;2,734867;0,4060269;0,01873311;2,688137;0,3998789;-0,1928168;2,609569;0,4061916;-0,2923267;2,582025;0,1267612;-0,104065;2,68754;0,0493669;-0,5398799;2,704371;-0,03347064;-0,8600447;2,659497;-0,09574659;-0,9137444;2,592037;0,2775052;-0,0940655;2,683273;0,3814479;-0,5160618;2,710781;0,4713047;-0,8418719;2,716764;0,5507376;-0,9023572;2,662586; 
0,1496704;0,5764621;2,69189;0,1985947;-0,02369688;2,699465;0,1971638;0,03644896;2,755344;0,180798;0,3921499;2,765186;0,01209509;0,2740499;2,746498;-0,01817916;0,02093977;2,692813;-0,02415898;0,2445042;2,598609;-0,01142316;0,3138079;2,568897;0,3553507;0,2852549;2,735;0,4059212;0,01888706;2,688215;0,3992992;-0,1927314;2,60982;0,406311;-0,29223;2,582338;0,1269073;-0,1040621;2,687411;0,04881369;-0,5430954;2,704289;-0,03350467;-0,8602648;2,659966;-0,09565338;-0,9136813;2,592391;0,2775878;-0,09401383;2,683334;0,3801989;-0,5127458;2,709733;0,4711425;-0,8419629;2,7168;0,5515779;-0,9020663;2,662135; 
0,1478897;0,5776002;2,692069;0,1985166;-0,02362337;2,699385;0,1970694;0,03654424;2,755282;0,1807777;0,392311;2,764989;0,0118978;0,2742645;2,746213;-0,01807792;0,02086414;2,692781;-0,02405774;0,2444286;2,598572;-0,01131883;0,3137491;2,568854;0,3550088;0,2852458;2,735034;0,4058747;0,01893851;2,68831;0,3993015;-0,1926838;2,609829;0,406831;-0,2924125;2,583238;0,1267114;-0,1038698;2,687167;0,04783621;-0,5459998;2,704975;-0,03371562;-0,8604946;2,659787;-0,09616572;-0,9137164;2,592335;0,2775098;-0,09400313;2,683326;0,3803754;-0,5137067;2,709897;0,4709755;-0,842137;2,717277;0,5516464;-0,9020182;2,662327; 
0,1467971;0,5760186;2,693893;0,1985206;-0,02370746;2,699286;0,1970874;0,03650953;2,755206;0,1800883;0,3921705;2,764632;0,01199351;0,2741146;2,746393;-0,01758964;0,02040821;2,692667;-0,02356946;0,2439727;2,598454;-0,01082711;0,3133119;2,568728;0,3547351;0,2850454;2,734902;0,4056067;0,0190033;2,688381;0,3999818;-0,1925714;2,609567;0,4064484;-0,2925088;2,583374;0,1267625;-0,1039876;2,686965;0,0478068;-0,546865;2,704745;-0,03368832;-0,8605269;2,659797;-0,09616559;-0,913718;2,592349;0,2775263;-0,09401503;2,683319;0,3802889;-0,5137405;2,710013;0,4709342;-0,8420899;2,717274;0,5515026;-0,90214;2,662373; 
0,1461577;0,5753911;2,69484;0,1985312;-0,02370402;2,699289;0,1971196;0,03651376;2,755223;0,1800918;0,3921787;2,764658;0,01202876;0,2738919;2,746456;-0,017528;0,02005413;2,692686;-0,02350782;0,2436186;2,598468;-0,01076294;0,3129716;2,568736;0,3548127;0,28512;2,734886;0,405386;0,01887439;2,688374;0,4024083;-0,1924971;2,608642;0,4072006;-0,292572;2,582534;0,1267563;-0,1040583;2,68689;0,04765074;-0,5471511;2,704696;-0,03367282;-0,8607041;2,659985;-0,09607864;-0,9135882;2,592219;0,2775389;-0,09400884;2,683326;0,3796236;-0,5118167;2,709397;0,4710578;-0,8420402;2,717362;0,5516298;-0,9019502;2,662093; 
0,1460682;0,5753219;2,695004;0,1985222;-0,02386364;2,699265;0,1971497;0,03639593;2,755244;0,180062;0,3921499;2,764788;0,01200989;0,2737906;2,746344;-0,01749739;0,02004543;2,692731;-0,0234772;0,2436099;2,598509;-0,01072926;0,3129796;2,56877;0,3544031;0,2840599;2,734405;0,4043241;0,01749165;2,687768;0,4029333;-0,1940455;2,608421;0,4069736;-0,2941862;2,582338;0,1267265;-0,1041585;2,686746;0,04768504;-0,5470865;2,704709;-0,03325589;-0,8605796;2,660228;-0,09638032;-0,9132151;2,592333;0,2775191;-0,09426089;2,683351;0,3798776;-0,5126205;2,710219;0,4710139;-0,8414922;2,71734;0,5503001;-0,901129;2,661952; 
0,1448837;0,5741656;2,697192;0,1985324;-0,02386373;2,699295;0,1971886;0,03637439;2,755292;0,1800255;0,3920734;2,764967;0,01184123;0,2728142;2,746589;-0,0174712;0,0199948;2,692737;-0,02345102;0,2435593;2,598511;-0,01069955;0,3129481;2,568764;0,3543143;0,2839882;2,734661;0,404231;0,01750538;2,687766;0,4022189;-0,1941192;2,608637;0,4065772;-0,2943463;2,582825;0,1267316;-0,1041917;2,686747;0,04792633;-0,5471069;2,704577;-0,03299242;-0,8605797;2,660164;-0,09628548;-0,9132214;2,592204;0,2775499;-0,09424362;2,683389;0,3795578;-0,5114198;2,709975;0,4710019;-0,8414487;2,717454;0,5447801;-0,8985661;2,666337; 
0,1442691;0,5754836;2,697839;0,1985335;-0,02386619;2,699318;0,1972177;0,03637589;2,755325;0,1801718;0,3922755;2,76504;0,011985;0,272888;2,746705;-0,01750735;0,02000877;2,692708;-0,02348716;0,2435732;2,598478;-0,01073188;0,3129829;2,568722;0,3542033;0,2839139;2,73463;0,4042611;0,01741677;2,687973;0,402101;-0,1942021;2,60875;0,4068424;-0,2943072;2,582413;0,1267331;-0,1041798;2,686771;0,04790644;-0,5471379;2,70461;-0,03313372;-0,8605856;2,659941;-0,09630089;-0,9132513;2,592163;0,2775256;-0,09424683;2,683409;0,3795756;-0,5119522;2,710097;0,4708022;-0,8409454;2,718138;0,5455308;-0,8991867;2,66571; 
0,1444452;0,5758399;2,697648;0,1985256;-0,02376683;2,699402;0,1972122;0,03647309;2,755442;0,1801016;0,3923669;2,765221;0,01197982;0,2728815;2,746668;-0,01741919;0,02004057;2,692724;-0,023399;0,243605;2,59849;-0,01064139;0,3130274;2,568728;0,354294;0,2841613;2,734649;0,404241;0,01748238;2,688085;0,4019281;-0,1942492;2,609149;0,4048467;-0,2942888;2,58223;0,1267066;-0,104132;2,686821;0,04788653;-0,547197;2,704684;-0,03311967;-0,860622;2,659926;-0,09665696;-0,9135126;2,592116;0,2775365;-0,09418845;2,683464;0,3794126;-0,5128142;2,710179;0,4708343;-0,8409562;2,718143;0,5521026;-0,9011476;2,664668; 
0,1446293;0,5757455;2,697942;0,1985522;-0,02385647;2,699464;0,1972654;0,03638017;2,755532;0,1799748;0,3923309;2,765473;0,01218359;0,2722657;2,746893;-0,01726791;0,01995492;2,692984;-0,02324773;0,2435194;2,598747;-0,01048826;0,3129519;2,568981;0,3540735;0,283948;2,73473;0,4041776;0,01722696;2,688046;0,4018854;-0,194516;2,609074;0,4049282;-0,2945237;2,581993;0,1267401;-0,1041751;2,686874;0,04801574;-0,5473679;2,704539;-0,03318571;-0,8606377;2,660066;-0,09666208;-0,9136975;2,592082;0,2775485;-0,09421971;2,683496;0,3791729;-0,5119336;2,709968;0,4707859;-0,840876;2,718137;0,5509787;-0,899623;2,664943; 
0,1449495;0,5777483;2,698013;0,1985698;-0,02388354;2,699528;0,1974208;0,03629221;2,755662;0,1807051;0,3930025;2,766483;0,01251934;0,2726964;2,747345;-0,01729979;0,02052134;2,693663;-0,02327961;0,2440858;2,599422;-0,01051683;0,3135362;2,569649;0,3535051;0,2839549;2,734577;0,4038396;0,01751371;2,687983;0,401022;-0,19433;2,60929;0,4047079;-0,2944635;2,582654;0,1267625;-0,1041388;2,686953;0,04805043;-0,5457127;2,704258;-0,03345172;-0,8607363;2,660197;-0,09676048;-0,9138414;2,592108;0,2774957;-0,09419569;2,683527;0,3801844;-0,5146968;2,710546;0,4707051;-0,8404729;2,718483;0,5505273;-0,8989505;2,66488; 
0,1451732;0,577355;2,698417;0,1985568;-0,024248;2,699634;0,197389;0,03588485;2,755809;0,1802952;0,3922451;2,766704;0,01281479;0,2723424;2,747393;-0,01744351;0,02058269;2,694038;-0,02342331;0,2441471;2,599794;-0,01065656;0,3136191;2,570011;0,3532369;0,283455;2,734617;0,4049122;0,01638887;2,688923;0,4005635;-0,1949826;2,608732;0,4045269;-0,2951383;2,582094;0,1267774;-0,1042898;2,687046;0,04962426;-0,5360366;2,702504;-0,03346761;-0,8607353;2,660219;-0,09683535;-0,9140404;2,59199;0,2774778;-0,09442666;2,683583;0,3795423;-0,512429;2,709727;0,4708579;-0,8407689;2,718235;0,5505128;-0,8991482;2,664482; 
0,1457176;0,5781274;2,698406;0,1987805;-0,02455341;2,699851;0,1976091;0,03567023;2,756052;0,180303;0,3922379;2,766872;0,01298966;0,2719895;2,747439;-0,017425;0,02060119;2,694028;-0,0234048;0,2441656;2,59978;-0,01063412;0,313659;2,569988;0,3530392;0,283309;2,734532;0,404501;0,01654362;2,688949;0,399924;-0,1949264;2,609024;0,4055932;-0,29514;2,582793;0,1270056;-0,1044156;2,687249;0,05003285;-0,5375365;2,702523;-0,03317735;-0,8604756;2,660395;-0,09677741;-0,9140483;2,592003;0,2776589;-0,09469992;2,683776;0,3793228;-0,5097187;2,708666;0,4709802;-0,8406706;2,718272;0,5504416;-0,8990571;2,664438; 
0,1456905;0,5783353;2,698806;0,198896;-0,02438076;2,700013;0,1977883;0,03586054;2,756221;0,1805958;0,3923451;2,766861;0,01303891;0,2719516;2,74759;-0,0175356;0,02080681;2,694589;-0,0235154;0,2443712;2,600337;-0,01075317;0,3138186;2,570565;0,3531912;0,2838086;2,734663;0,4043151;0,01661355;2,689006;0,3942998;-0,195564;2,611923;0,4073563;-0,2744249;2,590246;0,1270663;-0,1043253;2,687432;0,049114;-0,5418508;2,702994;-0,03317625;-0,860464;2,660256;-0,09678632;-0,9140587;2,59196;0,2777358;-0,09452065;2,683922;0,3795925;-0,5110373;2,709312;0,4708334;-0,8402995;2,718395;0,5504543;-0,8979889;2,664996; 
0,145998;0,5786247;2,69961;0,1988682;-0,02453508;2,700105;0,1978874;0,03571449;2,756348;0,1805753;0,3922709;2,76712;0,01341878;0,2718692;2,748403;-0,01774984;0,02190136;2,695622;-0,02372964;0,2454658;2,601367;-0,01096946;0,314902;2,5716;0,3529636;0,2831819;2,734601;0,4042483;0,01653991;2,689074;0,3951554;-0,1955538;2,611532;0,4054292;-0,2951044;2,584525;0,1270589;-0,1043335;2,687458;0,05032097;-0,5290823;2,702762;-0,0321337;-0,8590454;2,660169;-0,09681232;-0,9137864;2,592077;0,2776637;-0,09469572;2,684044;0,3791198;-0,5096691;2,708816;0,4716931;-0,8404973;2,719642;0,5505202;-0,8980529;2,664964; 
0,1457756;0,5786573;2,699784;0,198856;-0,02461996;2,700256;0,1979258;0,03560837;2,756559;0,1807344;0,3924176;2,767702;0,01360906;0,2718205;2,748751;-0,01762203;0,02213912;2,696023;-0,02360183;0,2457035;2,601765;-0,01084121;0,3151421;2,571996;0,3526225;0,2830012;2,734798;0,4041125;0,01614733;2,689051;0,3957786;-0,1961301;2,611971;0,4054516;-0,2956466;2,584604;0,1270736;-0,1043308;2,687583;0,04942004;-0,5369734;2,702961;-0,03228274;-0,8594437;2,660398;-0,09684905;-0,9140078;2,592354;0,2775582;-0,09472094;2,684172;0,3791316;-0,5111099;2,709488;0,4717001;-0,840464;2,71963;0,5505491;-0,8986449;2,66266; 
0,1463874;0,5798612;2,699583;0,1989204;-0,02454114;2,700365;0,1980642;0,03572239;2,75669;0,1812628;0,39261;2,76769;0,01379039;0,271519;2,748914;-0,01752777;0,02186041;2,696451;-0,02350757;0,2454249;2,60219;-0,01074492;0,3148746;2,572417;0,352774;0,2832215;2,73498;0,4038672;0,01607554;2,689009;0,3948637;-0,1962453;2,612119;0,4047638;-0,2956626;2,584411;0,127094;-0,104239;2,687714;0,0491035;-0,5395136;2,703617;-0,03233144;-0,8597324;2,660451;-0,0970241;-0,9140704;2,592612;0,2775733;-0,09467071;2,684275;0,3788895;-0,5118089;2,709681;0,4719665;-0,840422;2,718833;0,5515733;-0,8998021;2,661433; 
0,1466871;0,5795311;2,700722;0,1989034;-0,02454612;2,700549;0,1980029;0,03570102;2,756934;0,1810744;0,3926789;2,768133;0,01379801;0,2712731;2,749083;-0,01755707;0,02166342;2,696504;-0,02353688;0,2452279;2,60224;-0,01077168;0,3146914;2,57246;0,3527462;0,2827858;2,735384;0,4037813;0,01616255;2,689075;0,395782;-0,1960973;2,611812;0,4049986;-0,2957139;2,58451;0,1270877;-0,1042326;2,687842;0,04868588;-0,5430195;2,703423;-0,03236569;-0,8597322;2,660409;-0,09685079;-0,9140713;2,592336;0,2775521;-0,09466935;2,684448;0,3786016;-0,5102481;2,709479;0,4715624;-0,8404595;2,71864;0,5475378;-0,8977069;2,662383; 
0,146366;0,5795999;2,700808;0,1989116;-0,02458477;2,700664;0,1980362;0,03567329;2,757076;0,1811543;0,3927279;2,768283;0,0138477;0,2711917;2,749501;-0,01702332;0,02148711;2,696999;-0,02300311;0,2450515;2,602732;-0,01023891;0,3145099;2,572954;0,3527849;0,2827392;2,735771;0,4040207;0,01608273;2,689617;0,3969129;-0,1958518;2,611142;0,4063558;-0,2956124;2,584481;0,1270739;-0,1042778;2,687941;0,04868193;-0,5435854;2,703862;-0,03219912;-0,859716;2,660623;-0,09682459;-0,9140653;2,592332;0,2775423;-0,09469495;2,684568;0,3785961;-0,5082222;2,708621;0,4715106;-0,8402361;2,718768;0,5475976;-0,8973437;2,662626; 
0,1462868;0,5803194;2,701394;0,1989576;-0,02456857;2,700794;0,1981018;0,03566025;2,757267;0,1813971;0,392733;2,768695;0,01394504;0,2711871;2,74959;-0,01682745;0,02157363;2,697044;-0,02280724;0,2451381;2,602774;-0,01004143;0,3146052;2,572993;0,3527203;0,282941;2,736052;0,4042596;0,01370439;2,689499;0,3969202;-0,1980476;2,610396;0,4059317;-0,2978257;2,5836;0,1271204;-0,1042313;2,688075;0,04832528;-0,545;2,704373;-0,03245059;-0,8597727;2,660186;-0,09689598;-0,9140764;2,592238;0,2775394;-0,09465247;2,684651;0,3785098;-0,5077606;2,708575;0,471191;-0,8402371;2,718879;0,5476016;-0,8974578;2,662594; 
0,1459615;0,5797582;2,701657;0,199031;-0,0246923;2,70113;0,1981433;0,03555068;2,757662;0,1811973;0,3929253;2,769365;0,01419554;0,2712363;2,750161;-0,01692466;0,02198191;2,697535;-0,02290445;0,2455464;2,603261;-0,01013614;0,315027;2,573473;0,3524498;0,2829014;2,736731;0,4040991;0,01404439;2,689471;0,3972196;-0,1977806;2,610498;0,4060795;-0,2976935;2,584078;0,1272998;-0,1042769;2,688406;0,0480398;-0,546046;2,704281;-0,032551;-0,8596869;2,660116;-0,09679051;-0,9139677;2,592358;0,2775373;-0,09466995;2,684948;0,3781485;-0,5068641;2,708334;0,4711551;-0,8401943;2,718884;0,5471267;-0,8973095;2,663057; 
0,1445116;0,5809041;2,704112;0,1989535;-0,02454731;2,701364;0,1981478;0,03570905;2,757943;0,1811887;0,3931682;2,769741;0,01411829;0,2714193;2,750989;-0,01696747;0,02191007;2,697667;-0,02294726;0,2454745;2,60339;-0,01017625;0,3149699;2,573597;0,3526193;0,2832113;2,737125;0,4036576;0,01452425;2,689615;0,3971985;-0,1973764;2,610788;0,4059558;-0,2972539;2,584114;0,1271718;-0,1041407;2,688618;0,04800167;-0,5461333;2,704309;-0,03263694;-0,859572;2,660289;-0,0967528;-0,9139264;2,591918;0,2774735;-0,09459557;2,685116;0,37824;-0,5050637;2,707888;0,4717317;-0,8400137;2,719193;0,5476861;-0,8969684;2,663103; 
0,1449567;0,5805349;2,704525;0,1989398;-0,02468769;2,701645;0,1981275;0,03559908;2,758247;0,1812871;0,3931839;2,770026;0,01403037;0,2713957;2,751179;-0,017131;0,02180193;2,697863;-0,0231108;0,2453664;2,603583;-0,0103359;0,3148829;2,573781;0,352423;0,282613;2,737466;0,4034724;0,01431085;2,689602;0,3933802;-0,1979922;2,612503;0,4043798;-0,2973662;2,584682;0,1271267;-0,1042347;2,688899;0,04815991;-0,5460035;2,704369;-0,03224904;-0,8591038;2,660433;-0,09677402;-0,913046;2,592325;0,2774193;-0,09476329;2,685383;0,3783445;-0,5041246;2,707822;0,471777;-0,8402781;2,718984;0,5515981;-0,8997619;2,660727; 
0,144518;0,5802791;2,704573;0,1989708;-0,02472412;2,701965;0,1981947;0,03554846;2,758648;0,1814084;0,3933812;2,770785;0,01404076;0,2711453;2,751652;-0,01728602;0,02135462;2,697979;-0,02326582;0,244919;2,603696;-0,01048637;0,3144603;2,573883;0,3524034;0,2826244;2,73791;0,4036324;0,01474517;2,689859;0,3940507;-0,1975059;2,612457;0,4049346;-0,2968217;2,584247;0,127127;-0,1043187;2,689201;0,04825164;-0,5460302;2,704391;-0,03214294;-0,8586935;2,661165;-0,09654495;-0,9127755;2,592107;0,277432;-0,09472916;2,68562;0,3785217;-0,5069374;2,708726;0,4719996;-0,840444;2,719053;0,5516242;-0,8997782;2,660663; 
0,144113;0,5804949;2,70472;0,1989551;-0,0246375;2,702106;0,1983678;0,03563884;2,758788;0,1816018;0,3934346;2,770886;0,01411599;0,2712429;2,752808;-0,01722285;0,02173832;2,698887;-0,02320264;0,2453028;2,604602;-0,01041884;0,3148677;2,574779;0,3523833;0,2827124;2,737991;0,4036956;0,01516643;2,69004;0,3941427;-0,1970795;2,612572;0,4048069;-0,2964783;2,58444;0,1270638;-0,1042291;2,689304;0,04969675;-0,5346434;2,704502;-0,03229585;-0,8589706;2,661032;-0,09654834;-0,9127646;2,59211;0,2773685;-0,09458759;2,685854;0,378478;-0,5091876;2,70917;0,4720821;-0,8405154;2,719092;0,5506685;-0,8997499;2,661191; 
0,1431609;0,5792761;2,706488;0,1987153;-0,02490944;2,702377;0,1981854;0,03535818;2,759118;0,1814392;0,3933013;2,771555;0,01414641;0,271064;2,753012;-0,01757409;0,02184734;2,700179;-0,02355389;0,2454118;2,605891;-0,01077582;0,3149454;2,576081;0,3521928;0,2823415;2,737976;0,4040856;0,0148255;2,690439;0,3995277;-0,1967304;2,610164;0,4085267;-0,2766306;2,59008;0,1268465;-0,1043498;2,689553;0,04970628;-0,5388424;2,704757;-0,03236589;-0,8588814;2,661072;-0,09632635;-0,9127545;2,592169;0,2770618;-0,09486161;2,686028;0,3782382;-0,5113601;2,710093;0,471719;-0,8406957;2,718979;0,5511427;-0,899801;2,66167; 
0,1422989;0,5782623;2,707129;0,1987131;-0,02472376;2,702786;0,1981794;0,03551819;2,759603;0,1812419;0,3934941;2,772316;0,01384279;0,2708539;2,7536;-0,0174386;0,02201289;2,700303;-0,0234184;0,2455773;2,606011;-0,010644;0,315091;2,57621;0,3524404;0,2824461;2,738523;0,4038062;0,01494625;2,690621;0,3987157;-0,1965246;2,610083;0,4068844;-0,2964828;2,583419;0,126807;-0,1043013;2,689897;0,04899337;-0,5416311;2,704926;-0,03218123;-0,8588834;2,661286;-0,09540077;-0,9126078;2,592607;0,2771162;-0,09475975;2,686263;0,3780949;-0,5123073;2,710224;0,4716485;-0,8410087;2,719177;0,550355;-0,8994587;2,662182; 
0,1413787;0,578882;2,712876;0,2002478;-0,003497079;2,709256;0,1971299;0,05068152;2,766544;0,1632619;0,3971823;2,788344;0,002814014;0,2707395;2,746917;-0,02973338;0,02801778;2,693647;-0,03571318;0,2515822;2,599355;-0,02295405;0,3210128;2,56959;0,3535171;0,3429679;2,742688;0,4089265;0,04875496;2,689979;0,4126058;-0,1734783;2,615065;0,4138322;-0,2475561;2,594515;0,128572;-0,09422068;2,690619;0,04864768;-0,5422274;2,702538;-0,03218345;-0,8589509;2,661335;-0,09527188;-0,9126935;2,59275;0,2859302;-0,07352754;2,69173;0,3781649;-0,5064154;2,708062;0,4713624;-0,8417994;2,719019;0,5501169;-0,8998182;2,662642; 
0,1430932;0,5796505;2,714469;0,1998603;-0,0004264961;2,710252;0,1958896;0,05345529;2,768201;0,1592877;0,3969522;2,79268;-3,870251E-05;0,2729692;2,744618;-0,03283884;0,0318821;2,691164;-0,03881865;0,2554465;2,596871;-0,02607062;0,3248167;2,567131;0,3535278;0,3436185;2,742694;0,4100797;0,04956153;2,687867;0,4148766;-0,1725578;2,612352;0,4164756;-0,2465976;2,591602;0,1288029;-0,08962452;2,690692;0,05209268;-0,5143821;2,689912;-0,03197541;-0,8593429;2,660855;-0,09523758;-0,9127958;2,592308;0,2862561;-0,07114403;2,692245;0,3780079;-0,5023287;2,706684;0,4709786;-0,8441778;2,71849;0,5474495;-0,8998849;2,66572; 
0,147025;0,578989;2,71776;0,2007906;0,003744272;2,711337;0,1962417;0,05700363;2,769489;0,1586685;0,3970955;2,793364;-0,0008372311;0,2731817;2,74295;-0,03425887;0,03387675;2,6905;-0,04023868;0,2574412;2,596208;-0,02751168;0,326697;2,566517;0,3559343;0,3488358;2,742763;0,4119999;0,0544669;2,687647;0,4936466;-0,1466861;2,723273;0,5107009;-0,1654164;2,651175;0,129977;-0,08597438;2,691716;0,05156503;-0,5195964;2,690503;-0,0318946;-0,8593287;2,660832;-0,09487555;-0,9130292;2,592616;0,2883439;-0,06738327;2,692327;0,3762048;-0,4946531;2,704225;0,4699081;-0,845059;2,716982;0,5472463;-0,8998682;2,665559; 
0,1467117;0,5790082;2,717999;0,2013942;0,00469054;2,711667;0,1968806;0,05782311;2,76984;0,1592094;0,3967154;2,793425;-0,0008221877;0,2736142;2,742464;-0,03655002;0,03966245;2,690933;-0,04252982;0,2632269;2,59664;-0,02980837;0,3324524;2,566963;0,3553555;0,3504685;2,742203;0,441736;0,06582028;2,669365;0,5069422;-0,1433578;2,695224;0,5467988;-0,2085177;2,694587;0,1309479;-0,08435721;2,692483;0,05247092;-0,5151656;2,690426;-0,03179963;-0,859657;2,661061;-0,09464074;-0,9129277;2,592576;0,288895;-0,06613854;2,692438;0,3762314;-0,494448;2,704141;0,4700031;-0,8448938;2,717136;0,5459595;-0,8994336;2,665773; 
0,1469906;0,5797231;2,719477;0,2015079;0,005025378;2,711672;0,1970806;0,05815439;2,769876;0,1586939;0,3965521;2,793402;-0,0005083592;0,2738465;2,741663;-0,03614033;0,04165238;2,688646;-0,04212014;0,2652168;2,594354;-0,02941897;0,334332;2,564723;0,3536481;0,3522098;2,740509;0,436715;0,06320399;2,697138;0,4893813;-0,1078078;2,816334;0,5069367;-0,1648117;2,860488;0,1315539;-0,08317562;2,692759;0,05282718;-0,5136732;2,690382;-0,03179006;-0,8602678;2,660643;-0,09455325;-0,9128607;2,592626;0,2890668;-0,06538555;2,692317;0,3766211;-0,4935876;2,703556;0,4702924;-0,8453076;2,716986;0,5459257;-0,8998722;2,666282; 
0,1475842;0,5780214;2,717583;0,2019044;0,006808853;2,712009;0,1972568;0,05968161;2,770255;0,1580296;0,3966161;2,793598;-0,0003059769;0,2744105;2,741188;-0,03606382;0,04321192;2,68836;-0,04204363;0,2667763;2,59407;-0,02936411;0,3357736;2,56449;0,3529337;0,3540647;2,74007;0,4359254;0,06477529;2,700434;0,553922;-0,1236944;2,699006;0,5921949;-0,1306834;2,633564;0,1324781;-0,08057091;2,693158;0,05377586;-0,5112523;2,690061;-0,03179321;-0,8606351;2,660661;-0,09464354;-0,9132388;2,592915;0,2897621;-0,06298737;2,692665;0,3763696;-0,4922282;2,702712;0,4705285;-0,8454615;2,717149;0,5454311;-0,8998446;2,666577; 
0,1488145;0,5775948;2,716427;0,2019432;0,01007587;2,712399;0,1975128;0,0621114;2,770673;0,1581999;0,3964507;2,793748;-0,001376921;0,2789506;2,7417;-0,03633329;0,0468334;2,687799;-0,0423131;0,2703978;2,593511;-0,02965363;0,3392861;2,563978;0,3511306;0,3584881;2,739676;0,4316792;0,06817776;2,709082;0,4963908;-0,106064;2,818508;0,5179613;-0,1641446;2,859403;0,1324043;-0,07703641;2,693851;0,05411461;-0,5100357;2,690085;-0,03212834;-0,8611929;2,660865;-0,09388378;-0,9129582;2,593431;0,2896341;-0,05933183;2,692384;0,3765804;-0,4911316;2,701201;0,4707133;-0,8455498;2,717059;0,5458693;-0,9006102;2,667108; 
0,1382643;0,5732207;2,717941;0,2010819;0,01120202;2,711695;0,1960169;0,06288245;2,77015;0,1577268;0,3962132;2,793705;-0,002037736;0,2793708;2,741935;-0,03644128;0,04676995;2,688193;-0,0424211;0,2703343;2,59391;-0,0297859;0,3390905;2,564433;0,3252293;0,3758106;2,750662;0,4261644;0,6295319;2,684602;0,4020528;0,8796033;2,644568;0,373995;0,9480285;2,6615;0,1316903;-0,07550325;2,693082;0,05485914;-0,5067155;2,688464;-0,03171226;-0,8616587;2,660445;-0,09443904;-0,9132465;2,592112;0,2873056;-0,05479823;2,691229;0,3745744;-0,4876256;2,69666;0,4708415;-0,8454806;2,716907;0,5455592;-0,9006892;2,666999; 
0,1309494;0,5656332;2,720342;0,1996363;0,01232025;2,711337;0,1940727;0,06389961;2,769765;0,1532247;0,3947732;2,792702;-0,007612103;0,2778487;2,742092;-0,0366798;0,04714486;2,688467;-0,04265963;0,2707093;2,594188;-0,03001704;0,3395056;2,564694;0,3226326;0,3747482;2,751997;0,4263173;0,629397;2,684839;0,4186426;0,8510804;2,652229;0,388417;0,9492239;2,653816;0,1304941;-0,07478027;2,692832;0,05531777;-0,5050414;2,687212;-0,03167881;-0,8616177;2,660367;-0,09431558;-0,9133276;2,591897;0,2863239;-0,05267543;2,691059;0,373691;-0,4845961;2,693865;0,4702601;-0,8438608;2,716167;0,5456451;-0,9013618;2,665957; 
0,1305557;0,5659098;2,719905;0,1988729;0,01437323;2,710908;0,1933411;0,06543769;2,769455;0,1521491;0,3946033;2,792871;-0,009411613;0,2785169;2,743292;-0,03702975;0,04752405;2,689371;-0,04300959;0,2710885;2,595097;-0,03035985;0,3399238;2,565587;0,322452;0,3754773;2,752498;0,4264528;0,629254;2,684997;0,4185707;0,8508289;2,651552;0,3881389;0,9489595;2,653671;0,1296889;-0,07310782;2,692178;0,055479;-0,504513;2,686975;-0,03170856;-0,8613837;2,660272;-0,09428044;-0,9134188;2,591355;0,286259;-0,05006695;2,690618;0,3731964;-0,482241;2,692177;0,4706413;-0,8442047;2,71607;0,54532;-0,902014;2,665424; 
0,1288923;0,5663103;2,720242;0,1990346;0,01467334;2,710738;0,1934017;0,06573527;2,769307;0,1520777;0,3946813;2,792849;-0,009523329;0,2785165;2,74316;-0,03709624;0,04777684;2,689477;-0,04307609;0,2713413;2,595207;-0,03041965;0,3402131;2,565681;0,3222341;0,3757255;2,752733;0,426302;0,6287252;2,685009;0,4186442;0,8502737;2,651494;0,3883775;0,9485084;2,653786;0,1301111;-0,07270938;2,691921;0,05577412;-0,502458;2,685955;-0,03150813;-0,8611416;2,66002;-0,09459718;-0,9132656;2,591265;0,2864492;-0,04940268;2,690523;0,3729627;-0,4820573;2,691933;0,4706851;-0,8441267;2,715803;0,5449342;-0,9014345;2,665857; 
0,127011;0,5641667;2,720858;0,1983532;0,01498455;2,710545;0,1927434;0,0659437;2,769101;0,1519076;0,3942965;2,792547;-0,009861891;0,2780902;2,742822;-0,03201235;0,01144579;2,684757;-0,07615964;0,2459759;2,646463;-0,06352708;0,3147177;2,616993;0,3219281;0,3755671;2,753168;0,4263702;0,6286655;2,685025;0,4085524;0,8806851;2,647562;0,3752383;0,9476293;2,660296;0,1289874;-0,07236038;2,691652;0,05577387;-0,5020031;2,685623;-0,0319195;-0,8616445;2,65956;-0,09457163;-0,913427;2,591378;0,2858382;-0,04891465;2,690512;0,3723746;-0,4810979;2,690976;0,4711183;-0,8441974;2,715607;0,5450907;-0,9018408;2,665223; 
0,1269967;0,5643734;2,720594;0,1986188;0,01544805;2,710487;0,1928823;0,06636563;2,769021;0,151921;0,3943339;2,792464;-0,01030943;0,2784775;2,74297;-0,0369972;0,04342509;2,691652;-0,08265185;0,2881897;2,655096;-0,07004378;0,3567983;2,625682;0,3218138;0,3760154;2,753762;0,4263829;0,6286843;2,684974;0,4082455;0,8808353;2,647271;0,3750966;0,9477721;2,659594;0,1293555;-0,07211383;2,691536;0,05571055;-0,5017535;2,685601;-0,03193063;-0,8621616;2,659285;-0,09464826;-0,9137796;2,591384;0,2862281;-0,04798977;2,690698;0,372129;-0,4805698;2,690567;0,4712999;-0,8442019;2,715333;0,5459166;-0,9025332;2,664637; 
0,1259053;0,5646948;2,720624;0,198622;0,01545625;2,710458;0,1929082;0,06636623;2,768987;0,1522646;0,3943133;2,792599;-0,01034577;0,2784632;2,74297;-0,03710945;0,04434349;2,691524;-0,07065386;0,2592886;2,631068;-0,05806975;0,3277669;2,60171;0,3211141;0,3762271;2,753809;0,4264747;0,6288646;2,68484;0,4081073;0,8815243;2,646748;0,3767137;0,949029;2,659672;0,1294479;-0,07204838;2,691505;0,05566016;-0,5015436;2,685469;-0,031763;-0,8619974;2,659358;-0,09438676;-0,9138926;2,591186;0,2859906;-0,04781566;2,690631;0,3719603;-0,4803611;2,690401;0,4712594;-0,8442743;2,715303;0,5457696;-0,9027452;2,664986; 
0,1254191;0,5644886;2,720599;0,1984302;0,01565568;2,710366;0,1925527;0,06656501;2,768874;0,1509802;0,3938205;2,792238;-0,01148429;0,2793646;2,743192;-0,03759013;0,04481217;2,691722;-0,07068654;0,2596981;2,630778;-0,0581265;0,3280453;2,601477;0,3208956;0,37585;2,754061;0,4263164;0,6287094;2,684506;0,4081824;0,881472;2,646442;0,3768075;0,9489211;2,658847;0,1294133;-0,07196216;2,691445;0,05566641;-0,5013747;2,685325;-0,03150318;-0,8621958;2,659896;-0,09353268;-0,9137711;2,592556;0,2858388;-0,04748808;2,690593;0,3719241;-0,4803408;2,690339;0,4711954;-0,8442814;2,715801;0,5447913;-0,902235;2,664761; 
0,1253089;0,5645472;2,720015;0,1979993;0,01611652;2,710462;0,1923482;0,06704256;2,768986;0,1510727;0,3940997;2,792437;-0,01198587;0,2795263;2,744563;-0,03771533;0,04485806;2,691631;-0,0741898;0,2593574;2,631512;-0,06165136;0,3275871;2,602262;0,3205913;0,375932;2,754389;0,4261396;0,6279969;2,683738;0,4091856;0,8761922;2,64502;0,379658;0,9443011;2,657566;0,1286831;-0,0713874;2,691548;0,0555194;-0,5004457;2,685065;-0,03153031;-0,8622085;2,659805;-0,09363311;-0,91383;2,592515;0,2853685;-0,04688715;2,690762;0,3713828;-0,479865;2,689955;0,4712273;-0,8443591;2,715359;0,544769;-0,9022186;2,664282; 
0,1251592;0,5643055;2,72044;0,1979964;0,01610277;2,710412;0,1923172;0,0670526;2,768914;0,1505241;0,3937567;2,792091;-0,01195842;0,279813;2,744663;-0,03769251;0,0448226;2,69173;-0,0744781;0,2592928;2,631811;-0,06196165;0,3274029;2,602612;0,3202619;0,3758384;2,754302;0,4260658;0,6278261;2,683566;0,4078151;0,8791738;2,643862;0,3789811;0,9470726;2,658236;0,1288069;-0,0713575;2,691474;0,05549845;-0,500434;2,685052;-0,03141318;-0,8623939;2,659685;-0,09235253;-0,9135789;2,593585;0,2853547;-0,04684951;2,690758;0,3709722;-0,4797609;2,689766;0,4713136;-0,8444392;2,715276;0,5446244;-0,9019816;2,664479; 
0,1247905;0,5647755;2,720061;0,1979762;0,01610199;2,710369;0,1922477;0,06704338;2,768869;0,150358;0,3937879;2,792212;-0,01213393;0,2799058;2,744551;-0,03796583;0,04454481;2,691723;-0,04205843;0,09352593;2,461467;-0,02956638;0,1615032;2,432324;0,3195108;0,3757642;2,754429;0,426079;0,6271898;2,683279;0,4075905;0,8800703;2,642442;0,3778977;0,9478616;2,654645;0,1288475;-0,0713152;2,691417;0,05529063;-0,5004386;2,684894;-0,03137394;-0,8625978;2,659607;-0,092329;-0,9136536;2,593612;0,2852777;-0,04678796;2,690713;0,3704764;-0,4798105;2,689631;0,4711521;-0,8447205;2,71525;0,544445;-0,901685;2,664739; 
0,1254722;0,5686486;2,720078;0,1975096;0,01691329;2,710404;0,1919523;0,06777324;2,768912;0,1506285;0,3941505;2,792352;-0,01222552;0,280169;2,744749;-0,03795746;0,04465586;2,691709;-0,02245068;-0,1732868;2,606475;-0,01728175;-0,2459343;2,582466;0,3195308;0,3763433;2,754461;0,4264306;0,6281977;2,682513;0,4070615;0,8802402;2,64151;0,3780068;0,9480004;2,654497;0,1283194;-0,07037976;2,691726;0,05514088;-0,5003437;2,684908;-0,03268113;-0,8639098;2,657575;-0,09195918;-0,9138898;2,593895;0,2845548;-0,04597154;2,690493;0,3703488;-0,47972;2,689523;0,4711744;-0,8447405;2,715189;0,5447075;-0,9024832;2,663417; 
0,1248459;0,5683291;2,720697;0,1975136;0,01668871;2,710359;0,1918694;0,06758559;2,768889;0,1502568;0,3940866;2,792711;-0,01197911;0,2799856;2,744791;-0,03818814;0,0445926;2,691908;-0,02244631;-0,1745078;2,606328;-0,01719903;-0,2475413;2,582202;0,3193889;0,3758976;2,754818;0,4265499;0,6285232;2,682157;0,4072942;0,8805352;2,640307;0,3785839;0,948109;2,654183;0,1284182;-0,0705851;2,691676;0,05380686;-0,5128666;2,686442;-0,03251351;-0,863811;2,6577;-0,09229279;-0,9142503;2,593531;0,2845603;-0,04598055;2,690469;0,3703527;-0,479812;2,68952;0,4708697;-0,8435862;2,714637;0,5318013;-0,8971932;2,671215; 
0,1249644;0,5680144;2,720846;0,1972684;0,01695736;2,710475;0,1915362;0,06777812;2,768998;0,1499337;0,3939265;2,792864;-0,01306668;0,2806131;2,744897;-0,03897917;0,04455925;2,692112;-0,02242102;-0,1747525;2,606445;-0,01811563;-0,245784;2,584125;0,3193187;0,3757749;2,755141;0,4274479;0,6285949;2,681392;0,4075792;0,8800248;2,637878;0,3784528;0,9475919;2,650066;0,1283101;-0,07042924;2,691779;0,05420338;-0,5094121;2,686066;-0,03151478;-0,8635944;2,658021;-0,09251712;-0,9140816;2,59356;0,2843815;-0,04578291;2,690519;0,3702004;-0,4799207;2,689564;0,4711787;-0,843328;2,715086;0,5356883;-0,898499;2,6691; 
0,1259403;0,5671076;2,721496;0,1972657;0,01704318;2,710518;0,1916156;0,06784632;2,769031;0,1502924;0,3938831;2,79302;-0,01308186;0,2805438;2,745407;-0,03922832;0,0442502;2,692305;-0,0225043;-0,1747352;2,606725;-0,01798144;-0,2455845;2,58423;0,319313;0,3756911;2,755232;0,4277129;0,6287453;2,680692;0,4094353;0,8713422;2,6351;0,3826928;0,9395914;2,648252;0,1282868;-0,07029171;2,691868;0,05444787;-0,5071898;2,686235;-0,03101982;-0,8633931;2,658254;-0,09260244;-0,914058;2,593427;0,2843543;-0,04569915;2,690552;0,3699639;-0,4797953;2,689555;0,4714643;-0,8435979;2,714921;0,5371288;-0,8988531;2,668884; 
0,1259964;0,5647367;2,720788;0,1972603;0,01703822;2,710576;0,1916024;0,06783545;2,769086;0,1502806;0,3938084;2,79313;-0,01295455;0,2808705;2,745682;-0,0392635;0,0442278;2,692316;-0,02259458;-0,175024;2,606782;-0,01756106;-0,2457853;2,584499;0,319295;0,3755215;2,755391;0,4278974;0,6285001;2,680294;0,4094184;0,8724722;2,634271;0,3828988;0,9405934;2,647882;0,1284013;-0,07020517;2,692044;0,05439695;-0,5063741;2,686245;-0,03078204;-0,8632564;2,658568;-0,09265478;-0,9140887;2,593215;0,2842863;-0,04568557;2,690617;0,3697121;-0,4796203;2,6896;0,4716408;-0,8438307;2,715127;0,539403;-0,8980218;2,668316; 
0,125881;0,5650257;2,720477;0,1971053;0,01717495;2,710718;0,1914935;0,06796309;2,76923;0,1499528;0,3937465;2,793339;-0,01234323;0,2819844;2,746794;-0,03957084;0,04028622;2,692571;-0,02257725;-0,1747926;2,607173;-0,01753386;-0,2454842;2,585059;0,3193319;0,3754764;2,755611;0,4287864;0,6288116;2,679996;0,4081807;0,874562;2,632303;0,381329;0,9421597;2,647178;0,1282195;-0,06982376;2,692635;0,05726874;-0,4996336;2,685552;-0,0306419;-0,8632804;2,658675;-0,09283309;-0,9141142;2,59301;0,2841586;-0,04546763;2,690606;0,3696234;-0,4795654;2,689609;0,4715816;-0,8435916;2,715276;0,5412952;-0,8999716;2,666475; 
0,126686;0,5625541;2,72204;0,1967511;0,01696223;2,711188;0,191263;0,06777552;2,769646;0,1498976;0,3933747;2,793578;-0,01188025;0,2823308;2,747623;-0,03955748;0,04018772;2,692783;-0,02281509;-0,1762475;2,607542;-0,01735751;-0,2465654;2,584663;0,3195054;0,3752093;2,755665;0,4292946;0,6288317;2,679201;0,4110947;0,8679582;2,632024;0,3843009;0,9357662;2,645515;0,127756;-0,0698349;2,693056;0,0571384;-0,4995764;2,685657;-0,03043016;-0,8636112;2,658795;-0,09358538;-0,9145328;2,592789;0,2838028;-0,04577725;2,691343;0,370019;-0,4804832;2,690373;0,4719234;-0,844124;2,715194;0,5415567;-0,9000695;2,66655; 
0,1265108;0,5618141;2,721472;0,1962703;0,01667216;2,711438;0,1907766;0,06758954;2,769843;0,1492671;0,3932765;2,793496;-0,0114607;0,2826262;2,748024;-0,03947057;0,04023761;2,693083;-0,02272198;-0,176419;2,607743;-0,0173001;-0,2465805;2,584709;0,319429;0,3750027;2,75564;0,4297845;0,6286299;2,679199;0,4109284;0,8697844;2,630528;0,3838361;0,9370739;2,645385;0,1273521;-0,06989279;2,693543;0,05702225;-0,4995642;2,685742;-0,03008963;-0,8636377;2,658777;-0,09332925;-0,9146854;2,592313;0,2833179;-0,04597119;2,691592;0,3699364;-0,4805231;2,690522;0,4720289;-0,8438243;2,715391;0,5425933;-0,9015938;2,666162; 
0,1266278;0,5619676;2,72081;0,1965018;0,01671949;2,711846;0,1910619;0,06764781;2,77022;0,149729;0,3932254;2,793816;-0,01087671;0,283688;2,748636;-0,03939477;0,04043487;2,694105;-0,02242383;-0,1767985;2,607703;-0,01681412;-0,2469146;2,584775;0,3195836;0,3750888;2,755726;0,4304405;0,6287599;2,678861;0,4136809;0,8516935;2,63081;0,3878001;0,9239008;2,640687;0,1277083;-0,06974309;2,694129;0,05398924;-0,5119871;2,687653;-0,03013537;-0,8637655;2,658862;-0,0935723;-0,9149285;2,591997;0,2834389;-0,04587832;2,691972;0,3700759;-0,4804021;2,690748;0,4720801;-0,8440065;2,715435;0,5426052;-0,9010504;2,66658; 
0,1271467;0,5612309;2,721595;0,1962895;0,01644914;2,712141;0,1909033;0,0674861;2,770447;0,1496433;0,3931748;2,79382;-0,01040899;0,2832435;2,748855;-0,03918182;0,04060821;2,695072;-0,02219661;-0,1778449;2,607569;-0,01652003;-0,2479197;2,584753;0,319593;0,3749221;2,755652;0,431395;0,6275536;2,677639;0,4138005;0,8522046;2,630614;0,3884616;0,922482;2,639747;0,127305;-0,06998848;2,694636;0,05457435;-0,5099348;2,687982;-0,03007258;-0,8639493;2,65893;-0,09352564;-0,9150075;2,591849;0,2833504;-0,04603101;2,692264;0,3699782;-0,4802156;2,690833;0,4720553;-0,8439298;2,715347;0,5337092;-0,8977298;2,673781; 
0,1270836;0,5590503;2,722753;0,1960075;0,01638971;2,71245;0,1906154;0,0674642;2,770686;0,1493527;0,3930351;2,793778;-0,01042145;0,2832965;2,748952;-0,03915974;0,04122626;2,695235;-0,02194298;-0,177748;2,607688;-0,01600682;-0,2479359;2,585614;0,3197008;0,3747594;2,755608;0,4320097;0,6260492;2,677411;0,4112635;0,8653335;2,625809;0,3846928;0,9322689;2,64201;0,1269461;-0,07003246;2,695171;0,05402842;-0,5172178;2,689656;-0,02987587;-0,8637769;2,658938;-0,09354944;-0,9148102;2,591753;0,283161;-0,04612194;2,692539;0,3699672;-0,4799645;2,691056;0,4725702;-0,8449755;2,715543;0,5483214;-0,8996246;2,66462; 
0,1275738;0,5587169;2,72244;0,1958223;0,01690193;2,713117;0,1907607;0,06796646;2,771231;0,1500004;0,3932771;2,79403;-0,01025241;0,2849928;2,750805;-0,03860411;0,04267633;2,697259;-0,02030124;-0,1789469;2,607583;-0,01589978;-0,2491679;2,585597;0,3203664;0,3745936;2,755513;0,4331533;0,6256407;2,677432;0,4120604;0,8688294;2,626138;0,3835566;0,9348504;2,642339;0,1263141;-0,06927442;2,696152;0,05358052;-0,5179657;2,690069;-0,0298822;-0,8638161;2,658941;-0,0936827;-0,9148098;2,591743;0,2830366;-0,04589088;2,693065;0,3699098;-0,4799466;2,691045;0,472598;-0,8449897;2,715513;0,5465577;-0,8987449;2,666022; 
0,1275143;0,5573942;2,72368;0,1961828;0,01661849;2,713396;0,1909853;0,06767232;2,77153;0,1502854;0,3930229;2,794508;-0,01046775;0,2847306;2,750795;-0,03863956;0,0427823;2,69731;-0,02016683;-0,1787861;2,607462;-0,01605053;-0,2488764;2,585394;0,3203265;0,3734363;2,756071;0,4332876;0,6253421;2,677301;0,4120024;0,8711374;2,626192;0,3826437;0,9365276;2,642889;0,1267644;-0,06962967;2,696284;0,05440542;-0,5130041;2,689397;-0,02995426;-0,8634989;2,659151;-0,09323644;-0,9143366;2,592022;0,2834159;-0,04611543;2,693427;0,3699191;-0,4799318;2,691171;0,472634;-0,8447996;2,715595;0,5453857;-0,8989228;2,666717; 
0,1270331;0,5563165;2,724289;0,1960693;0,01648237;2,713616;0,190849;0,06749244;2,771719;0,1505947;0,392415;2,794645;-0,01077735;0,2846512;2,750812;-0,03814601;0,0421428;2,697352;-0,01990162;-0,1797231;2,607571;-0,01554071;-0,2494929;2,584955;0,3200104;0,372763;2,756448;0,433843;0,6251049;2,677555;0,4118625;0,8716424;2,626367;0,3831777;0,9370381;2,643656;0,1265163;-0,06979007;2,696576;0,05438434;-0,5096211;2,688962;-0,02990591;-0,8635678;2,65919;-0,09281475;-0,9146374;2,592938;0,2833123;-0,04623951;2,693636;0,3701231;-0,4799264;2,691046;0,4724781;-0,8448983;2,715652;0,5443971;-0,8990667;2,666927; 
0,1281537;0,5562967;2,723877;0,1959587;0,01654549;2,71393;0,1907037;0,06752093;2,772008;0,1510839;0,3923805;2,795009;-0,01078076;0,2845717;2,750887;-0,03821802;0,04207237;2,697369;-0,0195355;-0,1795323;2,607998;-0,0152372;-0,2490695;2,585048;0,3206769;0,3728122;2,757338;0,4343299;0,6249623;2,677612;0,4121805;0,8723543;2,626584;0,3832388;0,9374139;2,644197;0,1260622;-0,06977274;2,696963;0,05460361;-0,5072246;2,688868;-0,02984672;-0,8636022;2,659061;-0,09293173;-0,9146518;2,592915;0,2832997;-0,04627271;2,693874;0,3700879;-0,4799885;2,691095;0,4725808;-0,8449528;2,715216;0,5442687;-0,8989252;2,667881; 
0,1282346;0,555548;2,724032;0,1957974;0,01659964;2,71426;0,1905594;0,06756566;2,772306;0,1507603;0,3922072;2,795168;-0,01092297;0,2840913;2,751225;-0,03767063;0,03668209;2,696491;-0,01924687;-0,1803283;2,607821;-0,01373852;-0,2642382;2,581826;0,3208758;0,3729292;2,757444;0,434647;0,6249325;2,678115;0,4121397;0,8726553;2,62663;0,3834144;0,9376568;2,644567;0,1258662;-0,06983247;2,697264;0,05390074;-0,5132547;2,689531;-0,0290786;-0,861902;2,659338;-0,09291185;-0,9146211;2,592846;0,2833018;-0,04627917;2,694163;0,3699527;-0,4799667;2,69121;0,4724731;-0,8440478;2,715541;0,5432993;-0,898636;2,668414; 
0,1286576;0,5545015;2,724694;0,1955964;0,01676756;2,714692;0,1903604;0,06772389;2,772763;0,1507844;0,392374;2,795737;-0,01114805;0,2841898;2,751538;-0,03710095;0,03932541;2,698246;-0,01910863;-0,1791023;2,608214;-0,0128231;-0,2582282;2,583555;0,3210192;0,3727377;2,757878;0,4349912;0,6246613;2,678428;0,4120943;0,8731914;2,62748;0,3839002;0,9381992;2,645934;0,1255304;-0,06968458;2,697612;0,05357904;-0,5152463;2,68972;-0,02905526;-0,8621376;2,659585;-0,09322248;-0,9145486;2,592537;0,2832053;-0,04619781;2,69454;0,3698381;-0,4795764;2,691257;0,4720756;-0,8441092;2,71566;0,5428977;-0,8984379;2,668469; 
0,1286408;0,5545665;2,724723;0,1957109;0,01681883;2,715085;0,190535;0,0677418;2,773137;0,1513055;0,3921713;2,796106;-0,01190439;0,2836915;2,75175;-0,03827076;0,04079673;2,698928;-0,0191259;-0,1791112;2,608207;-0,01309791;-0,2506526;2,584359;0,3210994;0,3726703;2,758081;0,4353332;0,6249523;2,678873;0,4120634;0,8750085;2,62877;0,3831697;0,9397783;2,64658;0,1254714;-0,06982896;2,697809;0,05391182;-0,5115904;2,68927;-0,02903597;-0,8619801;2,65972;-0,09396381;-0,9139851;2,592699;0,2835167;-0,046183;2,695118;0,3699604;-0,4797767;2,691405;0,4721963;-0,8440107;2,715338;0,5442898;-0,9001168;2,667046; 
0,1283204;0,5538396;2,725745;0,1955999;0,01659948;2,715324;0,1903754;0,06746636;2,773386;0,1513064;0,3917201;2,796454;-0,01178491;0,2835405;2,751627;-0,03845066;0,0410003;2,69887;-0,01938483;-0,178671;2,608248;-0,01386398;-0,2477438;2,584653;0,3212479;0,3727555;2,758487;0,435338;0,6248497;2,679015;0,4122122;0,8749957;2,629108;0,383523;0,9394099;2,648086;0,1253239;-0,07003003;2,697965;0,05358282;-0,5162511;2,689743;-0,02914571;-0,861988;2,659739;-0,09396905;-0,91405;2,592759;0,2834256;-0,04641572;2,695385;0,3699675;-0,4797707;2,69139;0,4720001;-0,8438733;2,715728;0,5417027;-0,8990101;2,669411; 
0,1279293;0,5538746;2,726117;0,195502;0,01631704;2,715607;0,190285;0,06715959;2,773678;0,1513933;0,3913615;2,79684;-0,011799;0,2834511;2,751683;-0,03847378;0,04105963;2,69901;-0,01943456;-0,1784728;2,608227;-0,01381275;-0,2473721;2,584738;0,320901;0,3723449;2,758639;0,4355933;0,6245356;2,679441;0,4191117;0,8446114;2,637296;0,3907837;0,9235902;2,645292;0,1251881;-0,07017852;2,698148;0,0530681;-0,5177153;2,690223;-0,028935;-0,8622341;2,659883;-0,09413116;-0,9141274;2,592271;0,2833202;-0,04665299;2,69571;0,3699306;-0,4798281;2,691502;0,4717862;-0,8436168;2,715721;0,5408183;-0,898711;2,669205; 
0,1279972;0,5537;2,726373;0,195479;0,01619834;2,715705;0,1902118;0,0670604;2,773767;0,151321;0,3913311;2,796938;-0,01132745;0,2826837;2,75139;-0,03853015;0,04109735;2,698938;-0,01966009;-0,1808789;2,607424;-0,01217619;-0,257204;2,582505;0,3208131;0,3722023;2,758808;0,4357908;0,6244874;2,679715;0,4213609;0,845048;2,640238;0,3915386;0,9391913;2,643737;0,1251813;-0,07023214;2,698171;0,05394021;-0,5092033;2,689862;-0,02859639;-0,8610021;2,659899;-0,09492746;-0,9138151;2,592283;0,283292;-0,04671657;2,695899;0,3699307;-0,4797958;2,691549;0,4717838;-0,8437255;2,715162;0,5411031;-0,8987803;2,668655