;0,2365745;0,7923663;2,480789;0,2476914;0,1730833;2,433185;0,2502499;0,2347321;2,492885;0,2531531;0,6015964;2,498085;0,05817372;0,5119467;2,514072;-0,197515;0,5344915;2,477916;-0,4103616;0,6037063;2,371266;-0,4817967;0,6091972;2,333489;0,4174608;0,4947576;2,499775;0,476964;0,2116284;2,481924;0,483952;-0,01487443;2,382354;0,4675253;-0,1135463;2,337608;0,1665587;0,09343128;2,418323;0,1380851;-0,4619397;2,408458;0,1447958;-0,8270382;2,395341;0,128904;-0,8851289;2,345614;0,3267989;0,09359898;2,418758;0,3419984;-0,4566935;2,426643;0,3403882;-0,8247433;2,424143;0,3531599;-0,8805804;2,370346; 
0,23682;0,7918243;2,481075;0,247664;0,1731287;2,432917;0,2501848;0,2347444;2,492728;0,2531412;0,601678;2,498168;0,05836768;0,5120063;2,513541;-0,2006133;0,5354317;2,476845;-0,4142069;0,6023258;2,370356;-0,4858027;0,6078625;2,332988;0,4173342;0,4947477;2,499528;0,477114;0,2115992;2,481294;0,4795397;-0,03030931;2,373722;0,4633259;-0,1281359;2,330296;0,166558;0,09372099;2,417665;0,1380809;-0,4605417;2,408006;0,145042;-0,8271393;2,395366;0,1289417;-0,8850923;2,345688;0,3267449;0,09364798;2,418516;0,341957;-0,4566299;2,426599;0,3401952;-0,8243715;2,423996;0,3532709;-0,8807229;2,370027; 
0,2367587;0,7922878;2,481158;0,2476318;0,1732419;2,432809;0,2500948;0,2348436;2,492657;0,2527048;0,6024719;2,498787;0,05833327;0,511981;2,513216;-0,2021506;0,5355564;2,475976;-0,4162338;0,6012306;2,369878;-0,4878912;0,6068469;2,332774;0,4171354;0,4950303;2,499435;0,4771283;0,2119577;2,48012;0,4789939;-0,03349251;2,371881;0,4631678;-0,1275251;2,330088;0,1665507;0,09381837;2,417508;0,1379509;-0,4606784;2,408005;0,1449538;-0,8273556;2,395255;0,1292345;-0,8852699;2,346;0,3267301;0,09397149;2,418274;0,3418716;-0,4566751;2,426583;0,3403348;-0,8243058;2,423942;0,3530531;-0,8808881;2,370022; 
0,2361964;0,7928392;2,481972;0,2474593;0,1733987;2,432593;0,2498758;0,2349301;2,492523;0,2520389;0,6027558;2,499315;0,05822872;0,512049;2,512753;-0,2021047;0,5353467;2,475827;-0,4165313;0,5999561;2,369908;-0,4881972;0,6057414;2,332984;0,4169913;0,4953904;2,49909;0,4770773;0,2119999;2,47952;0,47881;-0,03421831;2,371191;0,4631252;-0,1274768;2,330107;0,1664328;0,09403605;2,417187;0,1378831;-0,4610648;2,408021;0,144863;-0,8275061;2,39541;0,1291103;-0,8853936;2,345734;0,3265472;0,09416313;2,41789;0,3418197;-0,4567946;2,426598;0,3403567;-0,8242354;2,423888;0,3528781;-0,880915;2,369913; 
0,2361571;0,7927389;2,482033;0,2474203;0,1734357;2,432474;0,2497814;0,2349598;2,492435;0,2519855;0,6027801;2,499314;0,05821177;0,5120292;2,512347;-0,2044861;0,5356501;2,474162;-0,4192592;0,5997803;2,36883;-0,4909219;0,6056706;2,332068;0,416958;0,4954194;2,499027;0,4772592;0,2120404;2,47866;0,4789228;-0,03524915;2,370374;0,4630575;-0,1274411;2,330026;0,1664015;0,09408777;2,417022;0,1376875;-0,4617972;2,408277;0,1447186;-0,8275356;2,395622;0,1287871;-0,8853928;2,345179;0,3265208;0,09420902;2,417757;0,3418372;-0,4571967;2,426661;0,3403069;-0,824285;2,42376;0,3525576;-0,8810605;2,369778; 
0,2361698;0,7927944;2,481978;0,2473484;0,1733803;2,432258;0,2496952;0,234913;2,492315;0,2520151;0,602795;2,499365;0,0582342;0,5121242;2,511865;-0,2056304;0,5357711;2,473725;-0,420369;0,5995463;2,368165;-0,492021;0,6055083;2,331541;0,41688;0,4954732;2,498839;0,4770719;0,2119012;2,478275;0,4787985;-0,03539142;2,369817;0,4628221;-0,1270456;2,329664;0,1663426;0,0940483;2,416862;0,1375465;-0,4626133;2,408307;0,1444134;-0,8280212;2,395189;0,1284025;-0,8870131;2,344174;0,3263624;0,09418249;2,417257;0,3416412;-0,4574058;2,426627;0,3404601;-0,8250316;2,42376;0,3528498;-0,8815656;2,369418; 
0,2361733;0,7928425;2,482094;0,2472486;0,1733331;2,432081;0,2496398;0,2348778;2,492172;0,2518372;0,6028266;2,49935;0,05828435;0,5121663;2,51159;-0,2058665;0,5357352;2,473443;-0,4207697;0,5989072;2,367949;-0,4925406;0,5930523;2,331705;0,416532;0,4953041;2,498131;0,4771148;0,2118049;2,478079;0,4785925;-0,03590683;2,368944;0,4626948;-0,1271232;2,329186;0,1662791;0,0940848;2,416602;0,1375789;-0,4626262;2,408266;0,144288;-0,8280047;2,39519;0,1281047;-0,8869948;2,343106;0,3262864;0,09415279;2,417145;0,341647;-0,457408;2,426609;0,3403993;-0,8251114;2,423699;0,3528104;-0,8815325;2,369395; 
0,2364518;0,7928702;2,482135;0,2472208;0,1734595;2,431894;0,2495693;0,2349864;2,491995;0,2516909;0,602841;2,499216;0,0582438;0,5122874;2,511443;-0,2060194;0,5354519;2,473243;-0,4208528;0,598591;2,367659;-0,4922851;0,5900742;2,331437;0,4165094;0,4953615;2,498065;0,4771285;0,2117966;2,477724;0,4784234;-0,03647701;2,368518;0,462527;-0,1269054;2,328846;0,166267;0,09425406;2,416399;0,1374148;-0,4617087;2,407885;0,1443137;-0,82787;2,395162;0,1282709;-0,8853804;2,344443;0,326303;0,09423296;2,416972;0,341562;-0,4577524;2,426704;0,3403509;-0,8250629;2,42366;0,3528432;-0,8816206;2,369205; 
0,2363641;0,7928534;2,482163;0,2471162;0,1735025;2,43174;0,2494123;0,2350129;2,491888;0,2514215;0,6030233;2,499413;0,0582954;0,5124623;2,51112;-0,2057376;0,5352409;2,473212;-0,4206005;0,5978166;2,367407;-0,4917453;0,5873705;2,331283;0,4163922;0,4954495;2,497993;0,4770189;0,2119307;2,477468;0,4784431;-0,03656919;2,368414;0,4623533;-0,127268;2,328331;0,166201;0,09435721;2,416089;0,1374381;-0,4606714;2,407749;0,1443057;-0,8278356;2,395132;0,1285177;-0,8854979;2,344609;0,326182;0,09432825;2,416828;0,3414748;-0,4581625;2,426742;0,3402924;-0,8247709;2,423756;0,353358;-0,8814706;2,369252; 
0,2363186;0,7928805;2,482145;0,2470209;0,1738978;2,431544;0,2491826;0,2353835;2,491681;0,2500688;0,6029125;2,498864;0,05830536;0,512506;2,511057;-0,1829527;0,5266202;2,484327;-0,3966296;0,5909436;2,377294;-0,4688908;0,5823922;2,34316;0,4164609;0,4956385;2,498052;0,4767822;0,2121298;2,476676;0,4786474;-0,03658922;2,368253;0,4623783;-0,1275353;2,328163;0,166228;0,09469367;2,415795;0,1374913;-0,4606093;2,407709;0,1445985;-0,8278359;2,395111;0,1287517;-0,8850317;2,345418;0,326227;0,09470124;2,416772;0,3415762;-0,4568793;2,426535;0,3403554;-0,8245987;2,423839;0,3527901;-0,8807025;2,369714; 
0,2359716;0,7925252;2,481947;0,2469977;0,1739114;2,431456;0,2491162;0,2353775;2,491628;0,2500604;0,60322;2,499164;0,05847731;0,512526;2,510696;-0,192346;0,529263;2,477377;-0,4071275;0,5938386;2,373304;-0,4798711;0,5862761;2,340224;0,4164633;0,495687;2,497984;0,4768208;0,2121365;2,476536;0,4785406;-0,03680345;2,368073;0,4624365;-0,1274591;2,328049;0,1662386;0,0947599;2,415658;0,1373731;-0,4603427;2,40752;0,1448082;-0,8276784;2,395165;0,1286266;-0,8846471;2,346845;0,3261692;0,09472959;2,416616;0,3414348;-0,4566393;2,426293;0,3403902;-0,8247733;2,423808;0,3528731;-0,8810809;2,369398; 
0,2356064;0,7924331;2,4817;0,2468958;0,1739609;2,43135;0,2490109;0,2354186;2,491548;0,2500367;0,6032611;2,499203;0,05849298;0,512627;2,51066;-0,182597;0,5266799;2,482098;-0,3972347;0,5899897;2,377063;-0,4704517;0,5847955;2,344845;0,4164859;0,4956189;2,497976;0,4768359;0,2118308;2,476285;0,4782557;-0,03738028;2,367492;0,4623558;-0,1275873;2,327567;0,1661049;0,09486072;2,415438;0,1373541;-0,4603122;2,407539;0,1450937;-0,8276027;2,394996;0,128674;-0,8845406;2,346904;0,3260794;0,09474713;2,416542;0,3413918;-0,4568061;2,42626;0,3404607;-0,8247163;2,423741;0,3530217;-0,8822786;2,368845; 
0,2354138;0,7923946;2,481616;0,2469038;0,1739169;2,431268;0,2490619;0,2353902;2,49145;0,249943;0,6031295;2,498981;0,05848097;0,512597;2,510566;-0,1965752;0,5311115;2,475191;-0,4117121;0,5938918;2,371125;-0,4856345;0,5896525;2,340584;0,4160838;0,4952505;2,497396;0,4770129;0,2113531;2,476225;0,4796636;-0,02464578;2,373094;0,4627495;-0,1225544;2,329843;0,1661139;0,09484696;2,415405;0,1373376;-0,4600262;2,407438;0,1450489;-0,8274157;2,395118;0,1289462;-0,8839654;2,34778;0,326117;0,09472898;2,416473;0,3412417;-0,4569654;2,426223;0,3405161;-0,8246951;2,423645;0,3525521;-0,8816608;2,36916; 
0,235855;0,7925663;2,481879;0,2468686;0,1738961;2,431151;0,248987;0,2353775;2,491334;0,2499509;0,6031232;2,498896;0,0587514;0,5125337;2,510287;-0,2001798;0,5318739;2,473813;-0,4151825;0,5948603;2,369692;-0,4896788;0,5916517;2,340681;0,4161179;0,4953006;2,497401;0,4769332;0,2113631;2,476253;0,4787681;-0,03061862;2,370583;0,4619524;-0,1271957;2,32763;0,1661047;0,09487962;2,415334;0,1372347;-0,4597006;2,407341;0,1451465;-0,8272514;2,395045;0,1289586;-0,8837596;2,347901;0,3260591;0,0946903;2,416343;0,3411684;-0,4570779;2,426253;0,3404892;-0,8245627;2,423671;0,3527206;-0,8818047;2,3686; 
0,2358661;0,7924682;2,481867;0,2468716;0,1738914;2,431123;0,2489867;0,235376;2,491302;0,2499271;0,6031097;2,498872;0,05874255;0,5125319;2,510271;-0,1821879;0,5258008;2,482694;-0,3964537;0,5891588;2,377361;-0,4711597;0,585855;2,349161;0,4161183;0,4952099;2,497339;0,4768344;0,2115515;2,476357;0,4786826;-0,03222389;2,370122;0,461959;-0,1271896;2,327593;0,1661139;0,09486432;2,415231;0,1372384;-0,4596585;2,407246;0,1450655;-0,8271527;2,395148;0,129313;-0,8836237;2,347834;0,3260802;0,09468288;2,416345;0,3411677;-0,4557083;2,426075;0,3406729;-0,8244023;2,42364;0,3525006;-0,8813791;2,369063; 
0,2360483;0,7922438;2,482217;0,2468995;0,1739215;2,431099;0,2490247;0,2354152;2,491266;0,2504785;0,6027099;2,498554;0,05868606;0,5125659;2,510264;-0,1903456;0,5282098;2,478129;-0,4050605;0,5915676;2,374055;-0,479955;0,5894495;2,346307;0,4161663;0,4951824;2,497358;0,4769097;0,211587;2,47635;0,4823891;-0,01526153;2,380276;0,4653403;-0,1119496;2,335047;0,1661077;0,09487697;2,415218;0,1371593;-0,4592406;2,40704;0,1454084;-0,8265626;2,39522;0,1294883;-0,8836648;2,347865;0,3261153;0,0946828;2,416334;0,3411541;-0,4556289;2,426067;0,3406097;-0,8244033;2,423638;0,3526086;-0,8813944;2,369016; 
0,23608;0,7922902;2,482163;0,2469166;0,173964;2,431012;0,2490528;0,2354686;2,491168;0,2507047;0,6027523;2,498406;0,05867521;0,5125654;2,510254;-0,1981212;0,5317685;2,475355;-0,4129882;0,5934531;2,370618;-0,4876946;0,5863382;2,343014;0,4161674;0,4951955;2,497378;0,4767106;0,2117132;2,476821;0,4858964;-0,01655006;2,385287;0,4702936;-0,1128975;2,338629;0,1661108;0,09492768;2,415081;0,1371912;-0,4598644;2,407264;0,1451138;-0,8266005;2,395097;0,1285756;-0,8849493;2,345818;0,3261154;0,09470045;2,416307;0,3411086;-0,4556094;2,425967;0,3404684;-0,8243723;2,4232;0,3524171;-0,8813549;2,368963; 
0,2362274;0,7921274;2,482256;0,2470032;0,1739007;2,430912;0,2491688;0,2354009;2,491056;0,2511262;0,6025437;2,498241;0,0587258;0,5124935;2,510193;-0,1819266;0,5267336;2,481985;-0,396708;0,5887759;2,377558;-0,4716469;0,5822644;2,350323;0,4162272;0,4952023;2,497306;0,47665;0,2116024;2,47684;0,4853411;-0,0163756;2,384724;0,4696356;-0,1126501;2,337826;0,1661408;0,09485774;2,415053;0,1373392;-0,4613456;2,407289;0,1450522;-0,8266478;2,395105;0,1285856;-0,8855104;2,345612;0,3262259;0,09466079;2,41614;0,3411388;-0,4561289;2,42581;0,3406726;-0,8249129;2,422945;0,3529834;-0,8814883;2,368779; 
0,2365868;0,7880366;2,48174;0,246955;0,1738103;2,430854;0,2491429;0,2352842;2,491012;0,2511691;0,6023155;2,498389;0,05873247;0,5125121;2,510207;-0,18182;0,5267202;2,482027;-0,396677;0,5887043;2,378015;-0,4671443;0,5604924;2,353163;0,4162508;0,4949161;2,497169;0,4766726;0,2116022;2,476873;0,4794437;-0,0410736;2,372376;0,4627888;-0,1266249;2,32777;0,1660634;0,09474748;2,415011;0,1372583;-0,4612999;2,407238;0,1450077;-0,8267037;2,395087;0,1283692;-0,8852721;2,345282;0,3261681;0,09457482;2,416009;0,3411226;-0,4557111;2,425727;0,3405904;-0,8244572;2,422952;0,3530007;-0,8814639;2,36874; 
0,2367864;0,7882338;2,482124;0,2469694;0,1738091;2,430823;0,2491818;0,2352798;2,490972;0,2516671;0,6022797;2,498375;0,05871862;0,5125833;2,510206;-0,1887231;0,5288929;2,479159;-0,4035828;0,590572;2,37514;-0,4779479;0,5799006;2,348378;0,4162815;0,4948315;2,497133;0,4766091;0,2116234;2,476814;0,4793473;-0,04104424;2,372275;0,4629166;-0,1270042;2,327879;0,1660502;0,09475255;2,414982;0,1372797;-0,4608175;2,407198;0,1450934;-0,8265642;2,395107;0,1288795;-0,8851031;2,345179;0,3261773;0,09455687;2,415977;0,3411617;-0,4552865;2,425425;0,340496;-0,8243781;2,423094;0,3534046;-0,8811992;2,369076; 
0,2368159;0,7885522;2,482185;0,2469815;0,1738171;2,430796;0,2492029;0,2352808;2,490947;0,25169;0,6022967;2,498416;0,05872439;0,5126016;2,510263;-0,1816683;0,5265961;2,482671;-0,3962245;0,5883487;2,378245;-0,4710232;0,5837823;2,351291;0,4162617;0,4947748;2,497091;0,4766189;0,2117866;2,476926;0,4793158;-0,04086301;2,372132;0,4631264;-0,1273134;2,327931;0,1660629;0,09476123;2,41493;0,1374384;-0,4611277;2,407265;0,1450929;-0,8265687;2,395104;0,1285066;-0,8853248;2,344911;0,3261943;0,09458092;2,415956;0,3412449;-0,4541018;2,425274;0,3405106;-0,8242638;2,423238;0,3523146;-0,8802521;2,370668; 
0,237;0,7882489;2,482269;0,2470117;0,1737901;2,430767;0,2492219;0,2352402;2,490915;0,2518266;0,602176;2,498434;0,05886262;0,5126527;2,510185;-0,197376;0,5321546;2,475427;-0,4125025;0,5927727;2,371724;-0,4873425;0,5900103;2,344963;0,4163254;0,4946947;2,497126;0,4766604;0,2116672;2,476969;0,4793139;-0,04087035;2,372123;0,4632057;-0,1275287;2,327971;0,1660815;0,09474104;2,414872;0,1374008;-0,4614304;2,407237;0,1449984;-0,8265816;2,395406;0,1284247;-0,8856567;2,344505;0,3262172;0,09456599;2,415952;0,3412486;-0,4543921;2,425297;0,3404374;-0,8244851;2,423151;0,3520044;-0,8803995;2,370641; 
0,236748;0,7888797;2,48174;0,2470455;0,1738884;2,430752;0,2492823;0,2353362;2,490888;0,2520652;0,6022209;2,498347;0,05882067;0,512675;2,510255;-0,1814488;0,5262957;2,483083;-0,3957614;0,5882384;2,378595;-0,4705327;0,5867658;2,351875;0,4164759;0,4948644;2,497168;0,4767675;0,2112568;2,477227;0,4791948;-0,0409728;2,372109;0,4638305;-0,1269478;2,328537;0,1660711;0,09476659;2,414915;0,1375684;-0,4615325;2,407194;0,1449747;-0,8264104;2,395493;0,1287412;-0,8852832;2,344773;0,3262569;0,09468485;2,415872;0,3411932;-0,4557946;2,425447;0,3406946;-0,8253675;2,423249;0,3523334;-0,8807247;2,370561; 
0,237042;0,7872938;2,48142;0,247088;0,1736393;2,4307;0,2493598;0,2350459;2,490838;0,2522516;0,6017366;2,498392;0,05917775;0,5126479;2,510131;-0,1977506;0,5331854;2,474753;-0,4132742;0,5926352;2,371604;-0,4881802;0,591978;2,345283;0,4163039;0,4942773;2,496823;0,4768387;0,2111937;2,477252;0,4829237;-0,01613985;2,384447;0,4672096;-0,1113844;2,33732;0,1661164;0,0946929;2,414864;0,1376834;-0,4602207;2,406623;0,1451078;-0,8259614;2,395525;0,1287538;-0,8851991;2,344847;0,3262366;0,09452721;2,415876;0,34129;-0,4556839;2,425367;0,340707;-0,8252231;2,423726;0,3517915;-0,8801205;2,371765; 
0,2373038;0,7873964;2,481685;0,2471865;0,1734909;2,430677;0,2494522;0,2349493;2,490808;0,2524523;0,6017773;2,498331;0,05938215;0,5125936;2,510087;-0,1989612;0,5332895;2,474203;-0,4144224;0,5929684;2,371168;-0,4836618;0,5620739;2,347952;0,4163449;0,4942468;2,496868;0,4770305;0,2109744;2,477406;0,4796047;-0,03091583;2,376228;0,46435;-0,1264751;2,329917;0,1662122;0,09460656;2,414878;0,1378623;-0,4595887;2,406452;0,1450786;-0,8259442;2,395484;0,1289064;-0,8850973;2,345577;0,3262796;0,09440204;2,415872;0,3412738;-0,4557251;2,425371;0,3408884;-0,8247788;2,42375;0,3521755;-0,8806975;2,37119; 
0,237417;0,7885153;2,4827;0,2472027;0,1734946;2,430669;0,2494432;0,2349272;2,490798;0,2526051;0,6015977;2,498442;0,05953573;0,5127558;2,509958;-0,2007439;0,5336787;2,473518;-0,4159777;0,593144;2,369888;-0,4846382;0,5673354;2,339867;0,4164113;0,4942378;2,496938;0,4770509;0,211078;2,477544;0,4813478;-0,0164206;2,383737;0,4666184;-0,1118939;2,337196;0,1662389;0,09460953;2,414867;0,1379465;-0,4597062;2,406343;0,1451023;-0,8263367;2,395622;0,1291963;-0,885152;2,346134;0,3262811;0,09441204;2,415861;0,3412773;-0,4557377;2,425376;0,3408208;-0,8248053;2,423831;0,3544021;-0,881381;2,371745; 
0,2373826;0,7885863;2,482726;0,2471208;0,1734084;2,430598;0,2493665;0,2348489;2,490737;0,252564;0,6015699;2,498439;0,05969267;0,5127489;2,509926;-0,180433;0,5248424;2,482589;-0,3944299;0,5863903;2,377689;-0,4632584;0,5625046;2,346644;0,4164065;0,4941935;2,496939;0,4771398;0,2109317;2,477562;0,4799523;-0,03065597;2,377096;0,4644457;-0,1259511;2,330638;0,1662093;0,09460954;2,414848;0,1381544;-0,4593088;2,40622;0,1450662;-0,8262913;2,395666;0,1291636;-0,8848549;2,346474;0,326133;0,09427874;2,415731;0,3413131;-0,4557005;2,425352;0,3410481;-0,8251648;2,423857;0,3539099;-0,881427;2,371493; 
0,2377114;0,7887536;2,482686;0,2471545;0,1733975;2,430593;0,2493747;0,2348153;2,490733;0,2528786;0,6014484;2,498522;0,05975061;0,5127514;2,509897;-0,1899226;0,5257909;2,475713;-0,4048691;0,5875573;2,373405;-0,4744697;0,5657606;2,34277;0,4168048;0,494396;2,497308;0,4771599;0,2109807;2,477641;0,4801158;-0,03410153;2,375537;0,4641387;-0,1271111;2,330203;0,1662216;0,09459785;2,414854;0,1381169;-0,4593976;2,406176;0,1450239;-0,8263797;2,39561;0,1293071;-0,8847977;2,346534;0,3261586;0,09425104;2,415703;0,3414031;-0,4559009;2,425336;0,3410414;-0,8249963;2,423905;0,353053;-0,8813586;2,371252; 
0,2381493;0,7898925;2,483736;0,2471666;0,1734203;2,430541;0,2493942;0,2348334;2,490675;0,2529041;0,6014352;2,498456;0,05974501;0,5127138;2,509919;-0,1930656;0,524996;2,474391;-0,4079933;0,5816402;2,368801;-0,4806097;0,5713356;2,339387;0,4169246;0,4943061;2,497285;0,4770826;0,2110163;2,477776;0,4805106;-0,03463072;2,375253;0,4642064;-0,1272226;2,330269;0,1662174;0,09461404;2,414706;0,1381525;-0,4594176;2,40614;0,1449582;-0,8265236;2,39557;0,1295569;-0,8845947;2,346703;0,3261639;0,09425102;2,415695;0,3415703;-0,4554365;2,425249;0,3410657;-0,8239882;2,424349;0,3525223;-0,8808564;2,372052; 
0,2385581;0,7881852;2,48403;0,2472062;0,1731778;2,43045;0,249401;0,2345465;2,490581;0,2527403;0,6008987;2,498381;0,06006661;0,5125347;2,509915;-0,1801452;0,5136573;2,481961;-0,3932243;0,5724732;2,373725;-0,4866135;0,5751335;2,321781;0,4171017;0,4936428;2,497272;0,4772217;0,2110442;2,477854;0,4803165;-0,03566168;2,374735;0,4642275;-0,1272529;2,330284;0,1662847;0,09444224;2,414599;0,1382753;-0,4592322;2,406115;0,1449521;-0,8265226;2,395568;0,1295893;-0,8843827;2,346986;0,3262081;0,09403799;2,415653;0,3416624;-0,4556749;2,425124;0,3408451;-0,8241925;2,424155;0,3531663;-0,8814576;2,371118; 
0,2386681;0,7883238;2,483935;0,2472475;0,1730856;2,43044;0,2494769;0,2344472;2,490564;0,2531906;0,6007529;2,498347;0,06011577;0,512439;2,509918;-0,1885068;0,5119616;2,474459;-0,4029571;0,5694214;2,368698;-0,4717246;0,5514082;2,334266;0,4171687;0,4935228;2,497293;0,4772851;0,2111979;2,477987;0,4826625;-0,01775155;2,384909;0,4668356;-0,1123827;2,337849;0,1662854;0,09436325;2,414566;0,1382064;-0,4591652;2,406164;0,1449585;-0,826535;2,395452;0,1295599;-0,8840571;2,347662;0,3262251;0,09391586;2,415692;0,3416673;-0,4556742;2,425079;0,3405434;-0,8252146;2,423938;0,3532889;-0,8817805;2,370579; 
0,2390313;0,7885279;2,483439;0,2475026;0,1729695;2,430352;0,2497148;0,2343135;2,490476;0,2533758;0,6005764;2,498289;0,06048834;0,5120993;2,509794;-0,1918413;0,5102875;2,472336;-0,4067981;0,5569794;2,361903;-0,4995505;0,550907;2,309208;0,4172886;0,493517;2,497322;0,4773343;0,2115115;2,47788;0,4818438;-0,02904906;2,378203;0,4648881;-0,123961;2,33215;0,1665955;0,09423991;2,41439;0,1386837;-0,4589442;2,406078;0,1449459;-0,8273884;2,395009;0,1294148;-0,8842725;2,347857;0,3264377;0,09384413;2,415688;0,3419231;-0,4554981;2,424898;0,3404989;-0,8247454;2,423751;0,3538001;-0,8815604;2,370454; 
0,2393533;0,7884448;2,483177;0,2475408;0,1729343;2,430314;0,2497199;0,2342705;2,490429;0,2533711;0,6004328;2,498199;0,06056598;0,5117617;2,509781;-0,1948429;0,5074961;2,470678;-0,4096682;0,5472366;2,357003;-0,557103;0,5274418;2,268217;0,4174541;0,4936519;2,497612;0,4773313;0,2116219;2,477938;0,4819169;-0,03274036;2,376695;0,4643378;-0,1278079;2,331238;0,1666498;0,09419394;2,41436;0,1387841;-0,4587637;2,405999;0,1447606;-0,8275539;2,395099;0,1294152;-0,8842537;2,347945;0,3264742;0,09380057;2,415651;0,3420987;-0,456067;2,424721;0,3404317;-0,824906;2,423649;0,3533107;-0,8815289;2,370173; 
0,2394519;0,788139;2,48274;0,2475687;0,1729208;2,430302;0,2498232;0,2342134;2,490416;0,2537057;0,600208;2,49836;0,06040315;0,5115594;2,51007;-0,2153728;0,5013137;2,463333;-0,4272656;0,5394005;2,342949;-0,5539173;0,5083623;2,261152;0,4174893;0,4935341;2,497579;0,4774098;0,2119754;2,477813;0,481504;-0,03508158;2,375725;0,4642664;-0,1277748;2,331327;0,166656;0,09416702;2,414358;0,1389657;-0,458543;2,40606;0,1444364;-0,8274571;2,395185;0,1294864;-0,8842527;2,348015;0,3265049;0,09376586;2,415591;0,3422788;-0,4562286;2,424754;0,3406462;-0,8255894;2,423617;0,3535811;-0,8816148;2,370065; 
0,2397861;0,7875885;2,482621;0,2478173;0,1725859;2,430204;0,250027;0,2339368;2,490337;0,2537741;0,6001673;2,498355;0,06060937;0,5110168;2,509948;-0,2040892;0,485956;2,461064;-0,4159998;0,5231313;2,340455;-0,5466541;0,4863576;2,247155;0,4175051;0,4934541;2,497662;0,4780635;0,2138474;2,478394;0,484041;-0,0160122;2,385113;0,4673324;-0,1111539;2,339556;0,1669596;0,09379721;2,414282;0,139111;-0,4586262;2,406107;0,1443894;-0,8274992;2,395118;0,1295138;-0,8844683;2,347467;0,326686;0,0935555;2,415504;0,3423468;-0,4562312;2,424729;0,3405425;-0,8253662;2,423393;0,3530884;-0,8815446;2,370026; 
0,2407711;0,7860284;2,482298;0,2482914;0,1721585;2,430168;0,250469;0,23353;2,490339;0,2540779;0,599979;2,498538;0,06116674;0,5098319;2,509654;-0,1992012;0,4778795;2,459996;-0,4097482;0,4927839;2,331597;-0,5383672;0,469185;2,235704;0,4175854;0,4933009;2,497629;0,4781939;0,213848;2,478414;0,4842498;-0,01414984;2,386114;0,46792;-0,1094199;2,340728;0,1675114;0,09329006;2,414135;0,139381;-0,4580961;2,406115;0,1446983;-0,82716;2,395217;0,1294843;-0,8844804;2,347374;0,3270647;0,09333058;2,415526;0,3423741;-0,4562601;2,424726;0,3402195;-0,8241804;2,42311;0,3523142;-0,8813879;2,369982; 
0,2417182;0,7869152;2,482465;0,2483561;0,1720075;2,430121;0,2505577;0,2333766;2,490311;0,2543766;0,5999267;2,498701;0,0615181;0,50902;2,509527;-0,1718503;0,4550841;2,468734;-0,3820355;0,476009;2,340861;-0,536746;0,4360595;2,227489;0,417625;0,493077;2,497624;0,4784601;0,2141664;2,478572;0,4883272;-0,01382378;2,390479;0,4725254;-0,1090549;2,344864;0,1675605;0,09321319;2,414082;0,1394393;-0,4580398;2,406169;0,1446651;-0,8270976;2,39522;0,1296002;-0,8845508;2,347345;0,3270714;0,09321834;2,415485;0,3425555;-0,4563459;2,42458;0,3402694;-0,8241551;2,42308;0,352198;-0,881353;2,369993; 
0,2433387;0,7833127;2,482655;0,2490059;0,1715842;2,430204;0,2510507;0,2329092;2,490434;0,2545905;0,5994353;2,499062;0,06203336;0,5066655;2,508819;-0,1714291;0,4535613;2,468393;-0,3795356;0,4431561;2,335593;-0,5223927;0,4086267;2,222386;0,4178242;0,4928342;2,497868;0,4788879;0,2143622;2,478602;0,4894129;-0,01361671;2,390936;0,4736216;-0,1089478;2,345567;0,1683958;0,09264056;2,413896;0,1395294;-0,4580608;2,406169;0,1447063;-0,826795;2,395256;0,1296269;-0,8844717;2,347388;0,3278021;0,09291019;2,41573;0,342696;-0,4565622;2,424614;0,3402108;-0,824378;2,423014;0,3520815;-0,8814033;2,370117; 
0,2434022;0,7833321;2,482614;0,2494206;0,1708894;2,430199;0,2513162;0,2323063;2,490441;0,2545921;0,5991983;2,4991;0,06287189;0,5055731;2,508187;-0,1823753;0,4421786;2,455961;-0,382636;0,4045821;2,315517;-0,4995616;0,3854055;2,22182;0,4179931;0,4924655;2,497843;0,478893;0,2143226;2,478565;0,4894905;-0,01363328;2,391022;0,4735729;-0,1089621;2,345735;0,1689419;0,09209321;2,413788;0,1398073;-0,4575869;2,406061;0,1447318;-0,8265287;2,395281;0,1296344;-0,8844947;2,34739;0,3281707;0,09233114;2,415873;0,3429132;-0,4576409;2,424499;0,3401352;-0,8244268;2,422921;0,3518954;-0,881368;2,370062; 
0,2437191;0,784144;2,482644;0,2497115;0,1705894;2,430092;0,2515783;0,232002;2,490354;0,2549242;0,5990074;2,49914;0,06330273;0,5046853;2,507854;-0,1819467;0,4331384;2,453479;-0,3823761;0,3956619;2,313365;-0,4444633;0,3790312;2,267517;0,4182279;0,4919841;2,497926;0,479293;0,2142178;2,478429;0,4896385;-0,01382197;2,391281;0,4737247;-0,1091955;2,345886;0,1692773;0,09179936;2,413484;0,1399902;-0,4577495;2,406072;0,1445973;-0,8262578;2,395065;0,129676;-0,8845283;2,347391;0,3283789;0,09210487;2,41591;0,3429785;-0,457143;2,424437;0,3401745;-0,8239797;2,423087;0,3517982;-0,8805105;2,371089; 
0,2442779;0,7847838;2,482499;0,2501707;0,1701901;2,43009;0,251798;0,2316786;2,490357;0,2548932;0,5989156;2,499148;0,06379494;0,5035199;2,507296;-0,1654562;0,4155155;2,458673;-0,358912;0,3571745;2,313275;-0,410344;0,3619069;2,28169;0,4187485;0,4915943;2,498303;0,4794373;0,2140153;2,478458;0,4897794;-0,01411644;2,391848;0,4740327;-0,1096674;2,34646;0,1698629;0,09138579;2,413497;0,1400974;-0,4578375;2,406107;0,1445856;-0,8262472;2,395061;0,1301809;-0,8842444;2,348287;0,3290296;0,09160236;2,415923;0,343096;-0,4571916;2,424421;0,340197;-0,8239588;2,423099;0,3524341;-0,8807918;2,370763; 
0,2447163;0,78563;2,482388;0,2506431;0,1694099;2,430085;0,252116;0,2310714;2,490371;0,25493;0,5988595;2,499182;0,06469166;0,5023467;2,506667;-0,1581334;0,4019893;2,459227;-0,3529349;0,3392168;2,308513;-0,4032264;0,3131059;2,26084;0,4189577;0,4915098;2,498381;0,4799585;0,2133657;2,478996;0,4899358;-0,01472101;2,392444;0,474268;-0,1102516;2,347032;0,170545;0,09073773;2,413486;0,1402256;-0,4579267;2,406075;0,1446483;-0,8259119;2,395224;0,1302129;-0,8839969;2,348259;0,3293549;0,0909478;2,415979;0,3436061;-0,4585662;2,42467;0,3403676;-0,8244955;2,423184;0,3525773;-0,8812667;2,370444; 
0,245135;0,7864403;2,482547;0,2511013;0,1681429;2,429815;0,2524312;0,23003;2,490138;0,2550123;0,5987067;2,499124;0,06573141;0,5010166;2,505977;-0,1516711;0,3829097;2,453429;-0,3502675;0,288386;2,287069;-0,3891373;0,2854386;2,258695;0,4191162;0,4912997;2,498532;0,4803532;0,2120177;2,479429;0,4901324;-0,01592101;2,392591;0,4746045;-0,1115265;2,347043;0,1711385;0,08984727;2,413129;0,1404034;-0,4584481;2,406228;0,144652;-0,8260536;2,395282;0,1305416;-0,8841474;2,347545;0,3296483;0,08983767;2,415958;0,343708;-0,4576626;2,424661;0,3401171;-0,8249599;2,423101;0,3524731;-0,8808925;2,370645; 
0,2451062;0,7867404;2,482214;0,2515286;0,1672167;2,429548;0,2525285;0,2292741;2,489948;0,2549932;0,5986363;2,499143;0,06646636;0,4980596;2,503962;-0,1482648;0,3623079;2,446968;-0,3397472;0,2652721;2,285596;-0,3742208;0,2191836;2,244558;0,4192238;0,4909825;2,498581;0,4804341;0,2120299;2,479435;0,4899037;-0,01607418;2,393234;0,474717;-0,1116982;2,347661;0,1716331;0,08897466;2,412663;0,1405282;-0,4582657;2,406129;0,1446227;-0,8259186;2,395293;0,1307334;-0,8837797;2,347949;0,3301758;0,08903963;2,415862;0,3438085;-0,4591967;2,424403;0,3395845;-0,8255424;2,423018;0,3522257;-0,8809116;2,370723; 
0,2455074;0,7866499;2,482008;0,25169;0,1668139;2,429442;0,2524464;0,2288743;2,489856;0,2550781;0,5984623;2,499151;0,06737655;0,4958981;2,502034;-0,147675;0,3617298;2,445323;-0,3307604;0,2070903;2,266355;-0,3696326;0,159598;2,220237;0,4195305;0,4907466;2,498752;0,4805892;0,2126414;2,479622;0,4866803;-0,01541734;2,393082;0,4710193;-0,1104014;2,345941;0,171885;0,08842547;2,412244;0,140565;-0,4584381;2,406153;0,1445958;-0,8258761;2,395276;0,1307759;-0,8837252;2,348174;0,3302884;0,08878104;2,415954;0,3437896;-0,4588531;2,42433;0,3396536;-0,8254414;2,423078;0,3523624;-0,8809039;2,370607; 
0,2455203;0,7867545;2,481995;0,2519338;0,1661831;2,429303;0,252533;0,2283174;2,489704;0,2549346;0,5982145;2,498978;0,06794075;0,4943739;2,501172;-0,1368598;0,3207908;2,437108;-0,3072616;0,186398;2,275174;-0,3494965;0,113236;2,220881;0,4198181;0,4903768;2,498721;0,4801309;0,219458;2,480742;0,4831662;-0,02610523;2,385937;0,4664544;-0,1210249;2,338664;0,1721824;0,08770774;2,41202;0,140711;-0,4602354;2,406237;0,1444942;-0,8262348;2,395362;0,1303433;-0,8843301;2,347124;0,3306352;0,0882985;2,415987;0,3437624;-0,4592296;2,424411;0,3396522;-0,8253391;2,423152;0,3521252;-0,8804159;2,370942; 
0,2456127;0,786624;2,481855;0,252304;0,1655178;2,429298;0,2527529;0,2278;2,489665;0,2549485;0,5981581;2,498893;0,06847371;0,493075;2,500433;-0,1362113;0,3200432;2,436703;-0,2733649;0,1492832;2,281133;-0,3253414;0,07010385;2,220209;0,4199238;0,4902747;2,498767;0,4803639;0,2213311;2,481704;0,4828631;-0,0269107;2,385786;0,4663242;-0,1221632;2,338605;0,1725766;0,08708444;2,412063;0,1407839;-0,4596447;2,406408;0,1446087;-0,8255782;2,395701;0,1296352;-0,8833929;2,347596;0,3310713;0,08776955;2,416101;0,3438843;-0,458546;2,424188;0,3395883;-0,8248264;2,423069;0,3518358;-0,879802;2,371686; 
0,2450372;0,7868133;2,480986;0,2524395;0,1651925;2,42929;0,2527582;0,2275082;2,489641;0,2549405;0,59806;2,498837;0,06857259;0,4921921;2,499716;-0,1301571;0,3053109;2,433907;-0,2555404;0,1154699;2,280351;-0,2978137;0,03264397;2,225911;0,4201285;0,4898498;2,498913;0,4803859;0,2211316;2,481847;0,4823962;-0,03416941;2,382202;0,465109;-0,1294856;2,335012;0,1727042;0,08658402;2,41199;0,1407523;-0,4614341;2,407051;0,1447231;-0,8257876;2,395607;0,1290282;-0,8842886;2,346273;0,331282;0,08755036;2,416199;0,3438684;-0,4587057;2,424154;0,339643;-0,8247772;2,423167;0,3517195;-0,8796514;2,371899; 
0,2451115;0,7868786;2,480854;0,2525141;0,1650398;2,429251;0,2526552;0,2273933;2,489593;0,2544208;0,5979075;2,498593;0,06814718;0,4907177;2,498773;-0,1090025;0,2633062;2,428413;-0,2300394;0,09731141;2,286973;-0,2624942;0,007651262;2,236809;0,4203037;0,4896542;2,499072;0,4803593;0,2209931;2,482009;0,4832011;-0,02429346;2,386998;0,4670333;-0,1197687;2,339756;0,1728145;0,08623238;2,411952;0,1408896;-0,4614078;2,406999;0,1448558;-0,8256264;2,395848;0,1290621;-0,8839186;2,346999;0,3315658;0,08735853;2,41618;0,3438926;-0,4587257;2,424213;0,3399227;-0,8245462;2,423345;0,3514964;-0,8795283;2,372105; 
0,2446805;0,7852868;2,480406;0,2526741;0,1646525;2,42907;0,2525633;0,2270076;2,489413;0,2539558;0,597483;2,498391;0,0683425;0,4893617;2,497602;-0,103291;0,2612065;2,430725;-0,2095217;0,0733524;2,287357;-0,241461;-0,01914281;2,241813;0,4204193;0,4895298;2,499288;0,4801785;0,2198541;2,482326;0,482426;-0,03427789;2,383169;0,4653958;-0,1294155;2,335122;0,1731454;0,08568599;2,411551;0,1409031;-0,46137;2,406952;0,1447538;-0,8258837;2,395737;0,1292094;-0,8841124;2,34711;0,3317878;0,08709668;2,416155;0,343872;-0,4582541;2,424102;0,3396187;-0,8240618;2,423175;0,351908;-0,879613;2,371314; 
0,244668;0,7850118;2,480164;0,2530103;0,1639594;2,42869;0,2526201;0,2263066;2,489055;0,2541485;0,5970763;2,498236;0,06903711;0,4873893;2,495477;-0,09129392;0,2532719;2,4322;-0,184402;0,05271655;2,292908;-0,210136;-0,04481027;2,254043;0,4205677;0,4893449;2,499363;0,4798524;0,2192919;2,482567;0,4818612;-0,03605197;2,38195;0,4653985;-0,1315024;2,333966;0,1734171;0,0850177;2,411145;0,1409;-0,4614224;2,406969;0,1447525;-0,8258797;2,395735;0,1292726;-0,8840733;2,347456;0,3321576;0,08661864;2,415857;0,3439071;-0,4578613;2,424055;0,3395266;-0,824012;2,423117;0,3525463;-0,8797403;2,371219; 
0,2445573;0,7849783;2,479945;0,2529777;0,162815;2,427992;0,2522911;0,2253314;2,488403;0,253399;0,5967604;2,497704;0,06908101;0,4859925;2,493909;-0,08137079;0,2424529;2,431636;-0,1538542;0,01210289;2,29635;-0,1762373;-0,07802917;2,260476;0,4204158;0,4885214;2,4991;0,479915;0,2187815;2,482692;0,4813307;-0,0370944;2,380898;0,4648918;-0,1327437;2,333069;0,1735085;0,08397087;2,410518;0,1409657;-0,4617685;2,406934;0,1447303;-0,8259169;2,395813;0,129398;-0,884031;2,347647;0,3322831;0,08580066;2,415307;0,3438918;-0,4582699;2,424027;0,3395166;-0,8239903;2,423067;0,353157;-0,8799587;2,370691; 
0,2441938;0,7850013;2,479778;0,2530218;0,1622292;2,42761;0,2521807;0,2248566;2,48805;0,2531155;0,5967289;2,497448;0,06895687;0,4850183;2,492768;-0,06969742;0,2271208;2,432994;-0,1422035;0,00203369;2,299557;-0,1353235;-0,09623604;2,270366;0,4199379;0,4880261;2,498677;0,479736;0,21843;2,482755;0,4811867;-0,03878503;2,380069;0,464595;-0,134513;2,332195;0,1737102;0,0834019;2,410038;0,1410346;-0,4615801;2,406876;0,1447338;-0,8259273;2,395813;0,1299864;-0,8842385;2,348226;0,3323162;0,08551521;2,415143;0,3439177;-0,4582504;2,423999;0,3393954;-0,8239054;2,423108;0,3533918;-0,8799891;2,370468; 
0,2437137;0,785297;2,479758;0,2529556;0,1620011;2,427416;0,2519981;0,2246107;2,487866;0,2528527;0,5965591;2,497373;0,06872494;0,484375;2,492005;-0,06096601;0,2180269;2,435221;-0,1144066;-0,01696375;2,306913;-0,1236965;-0,103569;2,274522;0,4198736;0,4878002;2,498612;0,4795209;0,2179365;2,482468;0,4810897;-0,0391077;2,379378;0,4642532;-0,1351637;2,332102;0,1736452;0,08314828;2,40976;0,1410587;-0,4615829;2,406847;0,1448309;-0,8259618;2,395882;0,1300926;-0,8842599;2,348199;0,3323092;0,08531528;2,41498;0,3441457;-0,4587598;2,423942;0,3395727;-0,82456;2,423034;0,3529654;-0,8799614;2,370688; 
0,2434051;0,7851191;2,479632;0,2526563;0,1616779;2,427156;0,2515958;0,2242476;2,487632;0,2518761;0,5962882;2,497407;0,06881651;0,4840349;2,491608;-0,05024416;0,2094903;2,439235;-0,09709885;-0,02934312;2,313173;-0,08488726;-0,1227344;2,284244;0,4197542;0,4875713;2,498459;0,4796996;0,2173835;2,482307;0,4803064;-0,03834099;2,379277;0,4638943;-0,1346456;2,332097;0,1734643;0,08291265;2,409419;0,141182;-0,4613816;2,406712;0,1448126;-0,8259236;2,395888;0,1303288;-0,8839173;2,348402;0,3320873;0,08511437;2,414797;0,3441107;-0,4585261;2,423824;0,3394629;-0,8243595;2,423033;0,3528359;-0,8798396;2,37085; 
0,2432726;0,7849057;2,479343;0,2524055;0,161064;2,426772;0,2512645;0,2236936;2,487286;0,2516588;0,5961574;2,497283;0,06911115;0,4834027;2,490595;-0,0413607;0,205249;2,441947;-0,07546176;-0,03422395;2,318949;-0,06453626;-0,1278434;2,29591;0,419472;0,4871675;2,498031;0,4795563;0,2169037;2,481754;0,4800103;-0,0392467;2,378187;0,4634916;-0,1357781;2,331306;0,1733134;0,08253204;2,408979;0,1412274;-0,4610549;2,406651;0,1449784;-0,8254711;2,395915;0,1304793;-0,8836972;2,348718;0,3318365;0,08464921;2,414563;0,3441396;-0,458385;2,423773;0,3393908;-0,8242664;2,423012;0,3524208;-0,8793519;2,371331; 
0,2428572;0,785476;2,479434;0,251214;0,1605047;2,426169;0,2501045;0,2231954;2,486756;0,2511109;0,596154;2,497114;0,06912451;0,4826029;2,489736;-0,03282358;0,2026599;2,444141;-0,05713574;-0,03943998;2,325975;-0,04413135;-0,132297;2,306548;0,4194934;0,4870365;2,497981;0,4788174;0,2158837;2,480769;0,4795147;-0,04101961;2,376947;0,4632442;-0,1360739;2,331227;0,1721867;0,0821689;2,408509;0,1412397;-0,4611429;2,406571;0,1450023;-0,8254803;2,395921;0,1306218;-0,8835751;2,348539;0,3303012;0,08380301;2,413611;0,3438945;-0,4589463;2,423698;0,3395877;-0,8239406;2,422747;0,3527872;-0,8802272;2,36997; 
0,2418191;0,7842933;2,479254;0,2498478;0,1597092;2,425665;0,2489007;0,2224864;2,48631;0,2504213;0,5960341;2,49697;0,06920438;0,4823333;2,489422;-0,02535221;0,1999122;2,4453;-0,04120572;-0,03450293;2,336649;-0,02222504;-0,1380899;2,315213;0,4189751;0,4864043;2,497329;0,4788386;0,2155165;2,480319;0,4794004;-0,04159905;2,375878;0,4626683;-0,1360299;2,330857;0,1711178;0,08171577;2,408268;0,1412583;-0,4612651;2,406511;0,145005;-0,8254899;2,395922;0,1306983;-0,8838147;2,348467;0,3285388;0,08309366;2,412818;0,3439299;-0,4589691;2,423654;0,3394056;-0,8238035;2,422725;0,3529874;-0,8803427;2,369613; 
0,2418934;0,7849499;2,478845;0,248818;0,1593614;2,425386;0,2479413;0,2221572;2,486007;0,2499589;0,5958561;2,49664;0,06917769;0,4821685;2,489194;-0,01652153;0,2005346;2,447932;-0,01742408;-0,02649559;2,348368;-0,006248371;-0,1309429;2,319258;0,4189636;0,4864029;2,497365;0,4787214;0,2148169;2,479703;0,4822216;-0,0267042;2,381674;0,4646768;-0,1240878;2,335956;0,1699419;0,08148588;2,40822;0,141229;-0,4612823;2,406486;0,1451702;-0,8254045;2,395907;0,1307547;-0,8838869;2,348588;0,3273153;0,08256996;2,412313;0,3440926;-0,461486;2,423418;0,3394776;-0,8238844;2,422686;0,3524688;-0,8807144;2,369655; 
0,2418;0,7848862;2,478256;0,2480039;0,1589606;2,42485;0,2472734;0,2218265;2,48553;0,2495217;0,5959761;2,496431;0,06919663;0,4821427;2,489163;-0,007225456;0,2007951;2,450219;-0,003421773;-0,02389495;2,35334;0,004591064;-0,128076;2,322398;0,4185828;0,4860398;2,496787;0,4787131;0,2146873;2,479566;0,4828891;-0,0196262;2,383247;0,4651284;-0,1171622;2,338007;0,169273;0,081236;2,407927;0,1413119;-0,4615894;2,406568;0,1452293;-0,8254688;2,395801;0,1309776;-0,8840592;2,348423;0,3262887;0,08230148;2,411499;0,3441301;-0,4625701;2,423063;0,3396278;-0,8239516;2,422959;0,3519013;-0,880427;2,370811; 
0,241469;0,7848763;2,477844;0,2479513;0,158819;2,424615;0,2470815;0,2216913;2,485289;0,2489543;0,5959096;2,496151;0,06966474;0,4821361;2,488708;-0,001021429;0,2040637;2,45167;0,01888728;-0,03121245;2,353927;0,02176217;-0,1348793;2,320514;0,4185617;0,4861347;2,49688;0,4786776;0,2143944;2,479183;0,4829851;-0,01653046;2,383914;0,4652268;-0,1141157;2,338823;0,1692706;0,08120517;2,407779;0,1412714;-0,4614473;2,406448;0,1457976;-0,8250154;2,395814;0,1309494;-0,8840529;2,348168;0,3262925;0,082219;2,411259;0,3441583;-0,462579;2,423011;0,3396991;-0,8240905;2,422825;0,3515933;-0,8807259;2,370329; 
0,2415754;0,7851166;2,477262;0,2481279;0,15851;2,424235;0,2470722;0,2214311;2,48498;0,2484252;0,5958662;2,495982;0,07029349;0,4820729;2,488291;0,007736846;0,206624;2,453278;0,02223377;-0,03228946;2,353841;0,02645685;-0,1357605;2,319375;0,4184956;0,4860905;2,496846;0,4780768;0,2145333;2,478473;0,4829758;-0,01649935;2,383893;0,4651546;-0,1142153;2,338661;0,1697049;0,08095022;2,407312;0,141361;-0,4615703;2,406344;0,1457969;-0,8243201;2,395576;0,1311266;-0,8839864;2,348182;0,3264612;0,08216088;2,410977;0,3441001;-0,4625413;2,422893;0,3397585;-0,8242366;2,422814;0,3522568;-0,8806123;2,370191; 
0,2415551;0,7854552;2,477304;0,2481461;0,1582863;2,42396;0,2470328;0,2212422;2,484749;0,2482298;0,5959075;2,495913;0,07082377;0,4820608;2,488177;0,01186871;0,2078988;2,454266;0,02620555;-0,03329367;2,353549;0,02817499;-0,1362685;2,318368;0,4184723;0,485994;2,496784;0,4780245;0,2140954;2,478055;0,4814104;-0,03185015;2,374836;0,4620676;-0,1297682;2,330403;0,1697884;0,08086639;2,407137;0,1413958;-0,4616283;2,405992;0,1460001;-0,8243982;2,395741;0,1313569;-0,8840662;2,348708;0,3264807;0,08205236;2,410654;0,3441011;-0,462641;2,422897;0,3397921;-0,824258;2,422822;0,3521569;-0,8806423;2,370142; 
0,2419546;0,7842867;2,476603;0,2482367;0,1582537;2,423807;0,2470002;0,2212003;2,484637;0,2477944;0,5959383;2,495899;0,07120807;0,4818771;2,487877;0,01454776;0,2082003;2,455034;0,02683234;-0,03303538;2,353712;0,02951725;-0,1361978;2,31812;0,4184177;0,4859979;2,496876;0,4779239;0,2139255;2,477578;0,4811314;-0,03485151;2,37348;0,4614189;-0,1327788;2,328976;0,1700756;0,08089069;2,406887;0,1414246;-0,4615782;2,405907;0,1459702;-0,8244377;2,395725;0,1312009;-0,8841815;2,348752;0,326606;0,0821237;2,410478;0,3444667;-0,4629071;2,422734;0,3398776;-0,8240812;2,422808;0,3518247;-0,8808079;2,370077; 
0,2413322;0,7845368;2,476448;0,2482634;0,1579886;2,423543;0,2470223;0,2208923;2,48437;0,24769;0,5956477;2,495759;0,07130899;0,4818254;2,487895;0,01492747;0,2083481;2,455017;0,02315902;-0,01792467;2,363008;0,02942146;-0,1200809;2,324584;0,418396;0,4858916;2,49673;0,4778399;0,2133471;2,476881;0,4824977;-0,02161088;2,379603;0,463508;-0,1195169;2,334823;0,1700891;0,08071272;2,406744;0,141453;-0,4617517;2,405707;0,1459017;-0,824656;2,395606;0,1314958;-0,8841676;2,348306;0,3266938;0,0819197;2,410072;0,3444725;-0,4628769;2,422721;0,3401202;-0,8241478;2,423086;0,3522739;-0,8808561;2,36992; 
0,2413353;0,7845492;2,476449;0,2482144;0,1578103;2,423399;0,2470243;0,2207197;2,48427;0,2475522;0,5956132;2,49587;0,07160844;0,481885;2,487971;0,01499942;0,2082607;2,455019;0,02285314;-0,0178597;2,362559;0,02932367;-0,1201183;2,324518;0,4180207;0,4856067;2,496291;0,4778767;0,2131017;2,476641;0,4817588;-0,03338708;2,374404;0,4612533;-0,1309139;2,329529;0,1701144;0,0806698;2,406648;0,1415614;-0,4616231;2,40554;0,14613;-0,8246345;2,395574;0,1314499;-0,8840541;2,347963;0,3265982;0,08186688;2,409902;0,3448;-0,4625683;2,422596;0,3401798;-0,8241759;2,423183;0,3524678;-0,8809555;2,369834; 
0,2416517;0,7846707;2,475614;0,2481132;0,1577529;2,423248;0,2469248;0,2206416;2,484123;0,2474756;0,5955698;2,495823;0,07182619;0,481871;2,487996;0,01483124;0,2079865;2,45464;0,02210207;-0,01804616;2,361895;0,02894737;-0,1204507;2,324417;0,4180074;0,4855894;2,496276;0,477802;0,2127901;2,476371;0,482281;-0,02241887;2,379681;0,4632148;-0,1200509;2,334485;0,1700528;0,08067887;2,406559;0,1416514;-0,4616907;2,405432;0,1461474;-0,8246693;2,39555;0,1313442;-0,8841141;2,34784;0,3264509;0,08185848;2,409668;0,3448879;-0,46289;2,422595;0,3404557;-0,8247579;2,423362;0,3531347;-0,8820016;2,368695; 
0,2416652;0,7846642;2,47562;0,2480164;0,157687;2,423203;0,2468711;0,2205801;2,48408;0,2474739;0,5955682;2,495822;0,07185351;0,4818036;2,488133;0,01357027;0,2059931;2,453926;0,01862043;-0,01943071;2,359291;0,02683973;-0,1223807;2,323698;0,4180025;0,4855754;2,496264;0,4778336;0,2124972;2,47609;0,4815495;-0,03292716;2,373968;0,4611699;-0,1305623;2,329413;0,1699478;0,08063961;2,40652;0,1416994;-0,4616702;2,405342;0,1462094;-0,8246303;2,395707;0,1313819;-0,8843437;2,34799;0,3263123;0,08177997;2,4096;0,3449498;-0,4623103;2,422454;0,3404564;-0,8264319;2,423265;0,3535938;-0,8825252;2,368273; 
0,2416349;0,784656;2,475643;0,2477675;0,1576856;2,423204;0,2466442;0,2205381;2,484076;0,2470401;0,5953932;2,495855;0,07166134;0,4817063;2,488393;0,01235584;0,2051092;2,453157;0,0160539;-0,02021818;2,358183;0,02456533;-0,1233863;2,323404;0,4179959;0,485471;2,496167;0,4779893;0,2125406;2,476215;0,4912134;-0,01389527;2,385448;0,4685993;-0,110181;2,339152;0,1696792;0,08058807;2,406574;0,1417192;-0,461668;2,405269;0,1461464;-0,8245749;2,395705;0,131454;-0,8838169;2,348338;0,3261004;0,08177114;2,409525;0,3455058;-0,4629791;2,421983;0,3406448;-0,827202;2,423457;0,3528854;-0,8826481;2,368723; 
0,2415627;0,7845781;2,475477;0,2476512;0,1576546;2,423214;0,2465709;0,2205067;2,484069;0,2469258;0,5953389;2,495775;0,07129118;0,4814487;2,488642;0,01061818;0,2037503;2,452456;0,01359959;-0,02132322;2,356742;0,02281212;-0,12473;2,32297;0,4178818;0,4855001;2,496173;0,4794185;0,2125119;2,47695;0,4933364;-0,01333566;2,384579;0,4718949;-0,1095644;2,337689;0,1695297;0,08049638;2,406613;0,1418981;-0,4622224;2,405256;0,1460784;-0,8244632;2,395851;0,1314133;-0,8837897;2,348312;0,3259911;0,08175609;2,409533;0,3455567;-0,4640371;2,421976;0,3406828;-0,8267862;2,423444;0,3532276;-0,8823637;2,368633; 
0,2411695;0,7846637;2,475382;0,2472722;0,1575107;2,42329;0,2463036;0,2204012;2,484086;0,2467389;0,5952256;2,495533;0,07057302;0,4810288;2,488962;0,007694883;0,2034324;2,451985;0,01054781;-0,0212983;2,355304;0,02052651;-0,1252438;2,32357;0,4177513;0,485492;2,496147;0,4847197;0,2115093;2,478744;0,5006874;-0,01187822;2,379938;0,5019351;-0,1056887;2,324177;0,1688418;0,08014517;2,406916;0,141921;-0,4636577;2,405169;0,1459759;-0,824657;2,395772;0,1302699;-0,8853568;2,346344;0,3256933;0,08159798;2,409562;0,3455646;-0,4640157;2,421994;0,3414041;-0,8263724;2,42358;0,3528485;-0,8820233;2,369265; 
0,239546;0,7803666;2,472898;0,2465496;0,1574376;2,423396;0,2457709;0,2202573;2,484185;0,2465485;0,5949089;2,495667;0,06988546;0,4806209;2,4893;0,006440523;0,2024275;2,451287;0,007202508;-0,02194026;2,353538;0,01791664;-0,1259965;2,322522;0,4174191;0,4852945;2,496063;0,4943484;0,2111423;2,479918;0,5278897;-0,01359988;2,36638;0,5238627;-0,1066792;2,319722;0,1677738;0,08005509;2,407002;0,1420634;-0,4632621;2,405136;0,1460123;-0,8247142;2,395665;0,1302968;-0,8852661;2,346323;0,3250053;0,08145674;2,409615;0,3455936;-0,4636926;2,421925;0,3414555;-0,8263197;2,423618;0,352472;-0,881286;2,369867; 
0,2366503;0,7799204;2,471785;0,2452005;0,157503;2,423359;0,2444097;0,2202395;2,484096;0,2451289;0,5944364;2,495363;0,0688583;0,480287;2,489655;0,005311745;0,2029767;2,451167;0,005688154;-0,02148302;2,353579;0,01670033;-0,1256358;2,322355;0,4167688;0,4861289;2,496562;0,5141907;0,2102677;2,477203;0,5670975;-0,01601557;2,347712;0,5615236;-0,09483308;2,309406;0,1661859;0,07992347;2,40742;0,1420812;-0,4632432;2,405097;0,1460156;-0,8246559;2,395605;0,1302939;-0,8850751;2,346505;0,32384;0,08148226;2,409166;0,3456184;-0,4635384;2,421991;0,3415644;-0,826818;2,423128;0,3525615;-0,8823481;2,368606; 
0,234871;0,7807297;2,471231;0,2437464;0,1574334;2,423425;0,2428706;0,2202048;2,484059;0,2433549;0,594186;2,494715;0,06717522;0,4799312;2,489789;0,00412457;0,2045473;2,451184;0,004173005;-0,02013293;2,354097;0,01517733;-0,1243976;2,322731;0,4159396;0,4866363;2,497037;0,5395901;0,2172454;2,475633;0,6008393;0,005632468;2,340582;0,6017742;-0,06547482;2,302039;0,1643818;0,07961229;2,40771;0,1422013;-0,4632844;2,405178;0,1460289;-0,8246521;2,395603;0,1303468;-0,8849626;2,346457;0,3228326;0,08133584;2,409167;0,3455911;-0,4635102;2,422051;0,3418078;-0,8263612;2,423005;0,3522376;-0,8822773;2,368678; 
0,2321805;0,7801851;2,470097;0,2424277;0,1574029;2,423634;0,2414867;0,220099;2,484183;0,2421371;0,5935014;2,494447;0,06607918;0,4795454;2,489712;0,003464157;0,2056746;2,451063;0,003735832;-0,01923539;2,354503;0,01458371;-0,1236561;2,32296;0,4149028;0,4870495;2,497734;0,5595058;0,2246795;2,47353;0,6424318;0,03480813;2,339168;0,6499298;-0,04687834;2,299867;0,162819;0,07938667;2,408025;0,1422144;-0,463691;2,405187;0,1459614;-0,8246965;2,395511;0,1298478;-0,8851457;2,345357;0,3217466;0,08136471;2,409357;0,3455336;-0,4638138;2,42224;0,3421313;-0,8256928;2,422695;0,3518454;-0,8823781;2,368735; 
0,2142622;0,7979016;2,50558;0,2420034;0,1683802;2,426115;0,2413705;0,230444;2,486381;0,2348309;0,6022825;2,495658;0,06064952;0,4781318;2,490537;0,004919712;0,2054076;2,450157;0,004572187;-0,02001567;2,355046;0,01652418;-0,1232414;2,32025;0,4109107;0,5229288;2,496046;0,6903105;0,5274841;2,46427;0,9105102;0,5764816;2,369611;0,9840236;0,5732462;2,335757;0,1621976;0,0843038;2,410321;0,1422819;-0,4634951;2,40514;0,1458297;-0,8247292;2,395271;0,1294403;-0,8864521;2,344423;0,3247084;0,09379236;2,410712;0,3467308;-0,4617406;2,422022;0,342423;-0,8252869;2,422476;0,3517084;-0,8824962;2,368727; 
0,2133053;0,7981297;2,506207;0,2415325;0,1704493;2,426702;0,2406641;0,2325642;2,487061;0,2317174;0,6046923;2,497006;0,05858744;0,4778014;2,490978;0,005558003;0,2052806;2,44993;0,0196195;-0,03970722;2,347361;0,02881706;-0,1423763;2,315206;0,4109767;0,5234936;2,495833;0,6901154;0,5275412;2,464378;0,910325;0,5765181;2,369771;0,9833685;0,5735473;2,335045;0,1619165;0,08586409;2,411189;0,1422908;-0,4635851;2,405115;0,145874;-0,824631;2,39533;0,1294025;-0,8864814;2,343908;0,324697;0,0955481;2,410788;0,3472889;-0,4611507;2,42181;0,3425934;-0,8253334;2,422371;0,3525347;-0,8830564;2,367589; 
0,212131;0,795306;2,506732;0,2418166;0,1722322;2,426973;0,2406831;0,2340776;2,487279;0,230315;0,6053436;2,497031;0,05720761;0,4771845;2,491207;0,006136455;0,2053007;2,449625;0,01958301;-0,03961037;2,347198;0,02979727;-0,1423686;2,3151;0,4111949;0,5239922;2,495802;0,6901044;0,5274677;2,464388;0,9103207;0,5765551;2,36991;0,9834328;0,5740281;2,33545;0,1623635;0,08732475;2,411645;0,1425758;-0,4624958;2,404917;0,1457375;-0,8243685;2,39524;0,1295775;-0,8860864;2,344239;0,325476;0,09708625;2,410846;0,3476456;-0,4609729;2,42169;0,342863;-0,8258218;2,422391;0,3527513;-0,8831518;2,36752; 
0,2122018;0,795882;2,507358;0,2417758;0,1738532;2,427298;0,2404722;0,2356762;2,487635;0,229547;0,6064708;2,497467;0,05650298;0,4767675;2,491184;0,006522582;0,2054407;2,449359;0,01939936;-0,03926013;2,347196;0,03123244;-0,1428283;2,314383;0,411741;0,525229;2,496208;0,69016;0,5274978;2,46436;0,9073908;0,5783582;2,363183;0,9818043;0,5616072;2,336599;0,1622417;0,08878359;2,412162;0,1428555;-0,462303;2,404801;0,1455244;-0,824205;2,395239;0,1294696;-0,8856324;2,344137;0,3257858;0,09826818;2,410863;0,3479812;-0,4608015;2,421575;0,3430061;-0,825713;2,422371;0,3528522;-0,8832674;2,367389; 
0,211834;0,796019;2,507768;0,2418298;0,1745177;2,427335;0,2404465;0,2363351;2,487685;0,2289528;0,6070346;2,497596;0,0558977;0,4765818;2,491325;0,006719103;0,2054558;2,449245;0,01986787;-0,03989057;2,346735;0,03202938;-0,14291;2,314105;0,4118603;0,5256584;2,496267;0,6900043;0,5275221;2,464423;0,9063858;0,5764274;2,360114;0,9964377;0,5841874;2,298718;0,162379;0,08919362;2,412245;0,1427341;-0,4644591;2,404574;0,145353;-0,8243995;2,395334;0,1288343;-0,8862053;2,343385;0,3259792;0,09910212;2,410797;0,3486505;-0,4601493;2,421252;0,3430654;-0,825655;2,42248;0,35348;-0,8836608;2,36714; 
0,2113621;0,7965636;2,508121;0,2419303;0,1758417;2,427395;0,2404792;0,2374664;2,48776;0,2285991;0,6074106;2,497726;0,05490458;0,4761913;2,491565;0,007037373;0,205493;2,449054;0,01985513;-0,03980399;2,346653;0,03271026;-0,1431483;2,313676;0,4119709;0,5258485;2,496247;0,6898659;0,527495;2,464405;0,9088488;0,5782161;2,367761;1,003536;0,5821251;2,285496;0,1622295;0,08994134;2,4124;0,1427551;-0,4640102;2,404363;0,1454278;-0,8248044;2,39545;0,1289362;-0,886155;2,343494;0,326772;0,1007312;2,410551;0,3491877;-0,4553185;2,420209;0,3433614;-0,8257098;2,422547;0,3531499;-0,8826673;2,367702; 
0,2116733;0,7971518;2,50832;0,2420263;0,1761957;2,427435;0,2405734;0,2378223;2,487836;0,2286576;0,6077756;2,498039;0,05462453;0,4759819;2,491589;0,007362993;0,2052407;2,448871;0,01996145;-0,03974086;2,346527;0,03301131;-0,1432026;2,313641;0,4121029;0,5260525;2,496338;0,6870658;0,5286792;2,462389;0,9038519;0,5780442;2,359432;0,9921071;0,5822681;2,295017;0,1622508;0,09031746;2,41243;0,1428575;-0,4621027;2,403711;0,1455626;-0,8246272;2,395417;0,1292184;-0,8860245;2,343869;0,3269332;0,1010004;2,410532;0,3492512;-0,4551683;2,42012;0,3431749;-0,825173;2,422389;0,3532145;-0,8826799;2,367632; 
0,2116129;0,7973446;2,508581;0,242186;0,1770254;2,427523;0,2407186;0,2385638;2,487933;0,2284158;0,6081139;2,49819;0,05414532;0,4760606;2,492018;0,007807908;0,2052026;2,44863;0,01999474;-0,03974916;2,346431;0,03377181;-0,14291;2,313148;0,4123302;0,526541;2,496315;0,6870998;0,528458;2,462689;0,9095002;0,5764769;2,374111;0,9836174;0,5799142;2,34221;0,1623515;0,09082874;2,412552;0,1428764;-0,4625059;2,403637;0,1453144;-0,8252435;2,395272;0,1285845;-0,8863794;2,342939;0,3273442;0,1019658;2,410479;0,349381;-0,455553;2,420067;0,3431906;-0,8251972;2,422398;0,3542435;-0,883728;2,367114; 
0,2119091;0,7977142;2,509144;0,2423283;0,1771822;2,427469;0,2407754;0,238691;2,487899;0,2283103;0,6082062;2,498251;0,05383612;0,4755414;2,4918;0,008094778;0,2051232;2,448461;0,02021719;-0,04001927;2,346163;0,03397293;-0,1431588;2,313044;0,4125583;0,5269175;2,49647;0,6870963;0,528389;2,46273;0,9093755;0,5765471;2,373961;0,983475;0,5795277;2,34211;0,1625996;0,09096526;2,412574;0,1427637;-0,4629696;2,403696;0,1452647;-0,8253048;2,3952;0,1279701;-0,8871564;2,341872;0,3275386;0,1021236;2,410273;0,3494606;-0,4556383;2,420019;0,3431793;-0,8251156;2,422412;0,3545997;-0,8844203;2,365409; 
0,2121322;0,7979378;2,509044;0,2423778;0,1772492;2,427396;0,2407783;0,2387207;2,487852;0,227724;0,6085484;2,498633;0,05378124;0,4754959;2,491788;0,008246426;0,2049428;2,448313;0,02022159;-0,03999821;2,346148;0,03420607;-0,1431118;2,313103;0,4125871;0,527027;2,496543;0,6870714;0,5282921;2,462739;0,9058127;0,577642;2,364921;0,9945633;0,5870873;2,302039;0,1627802;0,0911118;2,412419;0,1427989;-0,4630658;2,403682;0,1451079;-0,8252002;2,395175;0,1279643;-0,8872023;2,341826;0,3276342;0,1022204;2,410141;0,3496248;-0,4551634;2,419804;0,3432291;-0,825084;2,422494;0,3546897;-0,8848167;2,365104; 
0,212227;0,7977971;2,508832;0,242458;0,1776671;2,42731;0,2407887;0,239045;2,487793;0,2274717;0,608626;2,498701;0,05360186;0,4754071;2,491742;0,008585563;0,2050179;2,448172;0,02026305;-0,03995837;2,345999;0,03459125;-0,1430353;2,31331;0,4127681;0,5272269;2,496552;0,6874298;0,5282502;2,463325;0,9072667;0,5765646;2,367883;0,9812631;0,5739882;2,335972;0,16277;0,091282;2,412326;0,1427673;-0,4633049;2,403619;0,145038;-0,8251917;2,395408;0,1279513;-0,8872085;2,341842;0,328061;0,102865;2,409988;0,3498124;-0,4536858;2,419064;0,3432307;-0,8247232;2,422523;0,3541805;-0,8836869;2,366103; 
0,2126816;0,7974831;2,509138;0,2424658;0,1777254;2,427263;0,2407908;0,2391022;2,487749;0,2274427;0,6086418;2,49869;0,05328372;0,4751003;2,491688;0,008530691;0,2049674;2,448105;0,02006366;-0,03979414;2,346096;0,03485482;-0,1427203;2,313455;0,4127626;0,5272396;2,496531;0,6875063;0,5282021;2,463342;0,9075714;0,5764794;2,368573;0,8980369;0,5652447;2,369231;0,162773;0,09137091;2,412303;0,1427717;-0,4631524;2,403585;0,1447823;-0,824866;2,395328;0,1284176;-0,8865672;2,343603;0,3280844;0,1028904;2,409903;0,3499681;-0,4533839;2,419012;0,3429451;-0,8246311;2,422318;0,3540385;-0,8838378;2,365079; 
0,2130373;0,7975892;2,50938;0,2425721;0,1779429;2,427134;0,2408576;0,2392728;2,487665;0,2273527;0,6087772;2,498835;0,0530854;0,4749192;2,49166;0,008553107;0,2048463;2,448056;0,02002348;-0,0397763;2,346095;0,03520372;-0,1425586;2,313444;0,4128142;0,5272355;2,496536;0,6874502;0,5280175;2,463474;0,9075677;0,5772696;2,369518;0,9808247;0,5748973;2,336239;0,1628393;0,09154765;2,412254;0,1429937;-0,4616045;2,403156;0,1449912;-0,8243504;2,395364;0,1286782;-0,8860377;2,343959;0,3283617;0,1031361;2,409467;0,3501372;-0,4530238;2,418789;0,3427436;-0,8243698;2,42234;0,3541481;-0,8836511;2,365021; 
0,213102;0,7976317;2,509359;0,2425056;0,1780718;2,427069;0,2407687;0,2394418;2,487607;0,2270022;0,6091334;2,498927;0,05300365;0,4748375;2,491729;0,008733783;0,2046993;2,447915;0,02016926;-0,03983722;2,345915;0,03527153;-0,1426058;2,313457;0,4128468;0,5273364;2,496542;0,6876158;0,5277435;2,463499;0,9079025;0,5771812;2,370203;0,8994396;0,5651819;2,368655;0,1627784;0,09165057;2,412248;0,1430935;-0,4604993;2,402899;0,145029;-0,8242955;2,395391;0,1291223;-0,8860106;2,344294;0,3283173;0,1032898;2,409301;0,350204;-0,452974;2,418762;0,342694;-0,8244187;2,422337;0,3542711;-0,8837516;2,365095; 
0,2132894;0,7972389;2,509247;0,2426537;0,1782071;2,426917;0,2408581;0,2395212;2,487501;0,2269121;0,6091254;2,498941;0,05284134;0,4747255;2,491777;0,008542888;0,2045242;2,44773;0,01972599;-0,0399668;2,345583;0,03538594;-0,1425546;2,313055;0,4127886;0,527387;2,496546;0,687552;0,5274225;2,463654;0,9080588;0,5762352;2,370659;0,9804103;0,5761026;2,335633;0,1630115;0,09186365;2,412052;0,1430897;-0,4605004;2,402793;0,1449189;-0,8239465;2,395419;0,1293656;-0,8861791;2,344825;0,3285502;0,10344;2,409084;0,3503288;-0,4538457;2,418839;0,3426361;-0,8244582;2,422122;0,3546604;-0,8839403;2,364718