-0,0935179;0,7264704;2,942253;-0,07929523;0,09987012;2,870265;-0,08028608;0,1607441;2,933617;-0,09034708;0,5378434;2,958502;-0,273202;0,4654653;2,941653;-0,2547967;0,1668215;2,869688;-0,2593276;-0,05594969;2,780291;-0,2541328;-0,1546527;2,759803;0,08807945;0,4092992;2,922236;0,1289965;0,1347062;2,871578;0,1335553;-0,07663;2,746092;0,1163633;-0,1744532;2,708385;-0,1566003;0,0288202;2,854002;-0,1551426;-0,4991576;2,896415;-0,1835302;-0,8640219;2,878952;-0,1986529;-0,9231495;2,833794;0,001562634;0,02072804;2,850703;0,01486763;-0,5008435;2,903029;0,04278262;-0,8475977;2,904753;0,06467357;-0,9045563;2,845079; 
-0,09426789;0,7269748;2,941574;-0,07833658;0,102537;2,8701;-0,07914036;0,1635075;2,933306;-0,0889197;0,5403248;2,957318;-0,2732209;0,4653953;2,941586;-0,2547633;0,1663294;2,8703;-0,2593328;-0,05834341;2,780288;-0,2540993;-0,1551447;2,760441;0,087932;0,4096434;2,921674;0,130761;0,1331188;2,867373;0,1336327;-0,07810663;2,745351;0,1167266;-0,1743238;2,708266;-0,1560508;0,03272141;2,853993;-0,1550948;-0,4988507;2,896035;-0,1828251;-0,8624748;2,879291;-0,1986909;-0,9231337;2,833732;0,002287604;0,02059156;2,850459;0,01529981;-0,4998902;2,90338;0,04287859;-0,8478912;2,9056;0,06425871;-0,9048652;2,846124; 
-0,09510186;0,7293758;2,941709;-0,07815295;0,1048264;2,87006;-0,0786664;0,1657283;2,933098;-0,08797857;0,541862;2,956315;-0,2732389;0,4654588;2,941696;-0,2545899;0,1657875;2,869628;-0,2549576;-0,06329845;2,788419;-0,2498446;-0,1505452;2,77104;0,08713567;0,410599;2,921025;0,1316394;0,1343664;2,86687;0,1336301;-0,07867144;2,745039;0,1168484;-0,1742285;2,708247;-0,1561611;0,03601255;2,854076;-0,1549684;-0,498684;2,895882;-0,1824324;-0,8625736;2,878908;-0,1992846;-0,9240161;2,832705;0,002380735;0,02070563;2,850346;0,01613783;-0,4987817;2,903059;0,04288302;-0,8478297;2,905468;0,06432619;-0,9046081;2,846285; 
-0,09535738;0,7300596;2,941003;-0,07815445;0,1066932;2,870002;-0,07838424;0,167661;2,932909;-0,08713566;0,5435848;2,95547;-0,273333;0,4655358;2,941703;-0,2577626;0,1815729;2,872039;-0,2567758;-0,05058114;2,800676;-0,2518321;-0,1211527;2,786626;0,08654546;0,4113538;2,920287;0,1317164;0,1341677;2,8667;0,1338701;-0,07941799;2,745065;0,1168516;-0,1742577;2,70838;-0,1564942;0,03825291;2,854249;-0,1547411;-0,4979134;2,895644;-0,1822936;-0,8625324;2,879014;-0,1992745;-0,924041;2,832006;0,002444672;0,02086541;2,85022;0,01644707;-0,4979499;2,902829;0,04363031;-0,8474063;2,906361;0,06384029;-0,9041604;2,846896; 
-0,09631748;0,7314078;2,939515;-0,07815232;0,106705;2,870057;-0,07836313;0,1677285;2,932946;-0,08667703;0,5440647;2,955466;-0,2733344;0,4655557;2,94176;-0,2591237;0,1821779;2,873211;-0,2576629;-0,05041398;2,802336;-0,2527836;-0,1215555;2,78806;0,08646351;0,4116508;2,920462;0,1316462;0,1338413;2,866169;0,1337057;-0,08033222;2,745005;0,1171238;-0,1743822;2,708332;-0,1565427;0,03829367;2,854308;-0,1547408;-0,4978937;2,89571;-0,1818153;-0,862175;2,879426;-0,198116;-0,9239371;2,832473;0,002561999;0,02042222;2,850276;0,01625627;-0,4976791;2,902937;0,04284056;-0,8480591;2,905971;0,06371336;-0,9039089;2,847703; 
-0,0963501;0,7314541;2,939555;-0,07918219;0,107841;2,870489;-0,07895495;0,1686435;2,933276;-0,08656412;0,5442275;2,955571;-0,2734256;0,4658827;2,942439;-0,2591122;0,1753045;2,870506;-0,2547288;-0,05802099;2,800467;-0,2501672;-0,1341609;2,784851;0,08616725;0,4117768;2,920489;0,1316465;0,1343051;2,866661;0,1340616;-0,08066531;2,745863;0,1183365;-0,1745974;2,710565;-0,1573862;0,03816522;2,85444;-0,1546153;-0,4975038;2,895206;-0,1817898;-0,8624228;2,879301;-0,1968808;-0,9243931;2,832795;0,0007707927;0,02292324;2,851127;0,01637062;-0,4970884;2,902869;0,04329578;-0,8488652;2,908245;0,06427952;-0,9035004;2,849326; 
-0,09648508;0,7305606;2,938688;-0,08007274;0,1090473;2,870838;-0,07956607;0,1695959;2,933413;-0,08656145;0,544268;2,955228;-0,2734399;0,4658916;2,942402;-0,2576709;0,1734261;2,871085;-0,2521615;-0,06057271;2,801636;-0,2477329;-0,1367026;2,785933;0,08595787;0,4119284;2,920326;0,1317634;0,1333626;2,866298;0,1340678;-0,08205341;2,745179;0,11878;-0,1748625;2,710832;-0,158317;0,03844292;2,854699;-0,1547375;-0,4965737;2,894998;-0,1816787;-0,8622798;2,879397;-0,1969294;-0,9241666;2,832691;-5,261833E-05;0,02426011;2,851684;0,01655344;-0,496749;2,902843;0,04328725;-0,8488629;2,908217;0,06423404;-0,9036803;2,849339; 
-0,09683175;0,7311645;2,938755;-0,08045705;0,1097532;2,871119;-0,07983638;0,1702295;2,933659;-0,08651276;0,5443444;2,955283;-0,2735209;0,4662593;2,942629;-0,2578034;0,1734647;2,871365;-0,2521591;-0,06061852;2,802036;-0,2477482;-0,1366776;2,786335;0,08534141;0,4124289;2,920396;0,1325154;0,1461748;2,871706;0,1340409;-0,07315863;2,750733;0,1196994;-0,1753078;2,712543;-0,1586884;0,03857587;2,854789;-0,1547175;-0,496481;2,89501;-0,1816167;-0,8623396;2,879548;-0,1974081;-0,9250665;2,832374;-0,000459571;0,02533667;2,852098;0,01655895;-0,4967499;2,902835;0,03960259;-0,8499867;2,907236;0,06559116;-0,9037019;2,848935; 
-0,09686512;0,7308792;2,938753;-0,0810945;0,1099132;2,871432;-0,08038638;0,1704307;2,933872;-0,08681504;0,5442914;2,955124;-0,2733968;0,4662672;2,942599;-0,4987604;0,5961798;2,831247;-0,744903;0,7236797;2,712135;-0,8144643;0,7706153;2,676199;0,08519919;0,4124142;2,920125;0,1334899;0,1429612;2,870842;0,134245;-0,07279548;2,751151;0,1203094;-0,1752882;2,713043;-0,159464;0,03814548;2,855035;-0,1546432;-0,4966673;2,89511;-0,1819983;-0,8625159;2,879408;-0,1972574;-0,9250373;2,832189;-0,001223578;0,02589563;2,852786;0,01673386;-0,4967773;2,903028;0,04097259;-0,8490523;2,907872;0,0655722;-0,9033061;2,84946; 
-0,09694753;0,73098;2,938694;-0,08128145;0,1102423;2,871449;-0,08045078;0,1707952;2,933872;-0,08674305;0,5445407;2,95508;-0,2733954;0,4663042;2,942606;-0,4983662;0,5964683;2,831698;-0,7472643;0,7247196;2,711398;-0,8020621;0,7619368;2,683338;0,08473923;0,4124866;2,919502;0,1332538;0,1380177;2,868245;0,1342953;-0,0772682;2,749023;0,1204867;-0,1754234;2,714915;-0,1597095;0,03828266;2,855023;-0,154966;-0,4958989;2,894781;-0,1821603;-0,861895;2,879739;-0,1960844;-0,923601;2,835082;-0,00135319;0,02620544;2,852804;0,01667889;-0,4965684;2,903014;0,04253708;-0,8483364;2,908339;0,06563433;-0,9033105;2,849222; 
-0,0970902;0,731446;2,938967;-0,08176509;0,1103704;2,871797;-0,08088017;0,1709377;2,934198;-0,0868692;0,5445197;2,955262;-0,2734001;0,4663821;2,942674;-0,4972968;0,5855321;2,834898;-0,720139;0,7056974;2,722929;-0,8025696;0,7620018;2,682614;0,08480507;0,4124916;2,919487;0,13279;0,1363631;2,868212;0,1344999;-0,07856783;2,749357;0,1212726;-0,175335;2,716029;-0,1606203;0,03765113;2,855389;-0,1554008;-0,4966236;2,894811;-0,1819429;-0,8636516;2,880099;-0,197779;-0,9247857;2,83505;-0,001672348;0,0264504;2,8531;0,01671761;-0,4963792;2,902971;0,04210837;-0,8492803;2,908355;0,06545497;-0,903523;2,849125; 
-0,09710123;0,7316728;2,9389;-0,08190218;0,1104875;2,871888;-0,0809779;0,1710561;2,934254;-0,08684891;0,5445316;2,955247;-0,2734104;0,4663855;2,942665;-0,493229;0,5779257;2,83774;-0,7320682;0,7162319;2,718448;-0,8013856;0,7614769;2,683124;0,08441862;0,4128394;2,919546;0,1328455;0,1358628;2,868061;0,134519;-0,07852629;2,7495;0,1217271;-0,175528;2,716286;-0,1608136;0,03762931;2,855533;-0,1554524;-0,4966677;2,894798;-0,1820225;-0,8637699;2,88014;-0,198035;-0,9252435;2,834732;-0,001819161;0,02665779;2,853175;0,01670084;-0,496248;2,902944;0,04232448;-0,8492224;2,908528;0,06653818;-0,9039602;2,844786; 
-0,09701439;0,7320151;2,938756;-0,08231813;0,1114021;2,871987;-0,08139284;0,1718986;2,934297;-0,08701424;0,5447904;2,955116;-0,2734478;0,4661855;2,942637;-0,4917576;0,5766894;2,838918;-0,7204218;0,7070689;2,725174;-0,8010039;0,7593824;2,683977;0,0846087;0,4131269;2,919745;0,1331511;0,1361693;2,867997;0,134446;-0,07775587;2,749853;0,1216521;-0,1757328;2,717243;-0,1611253;0,03771277;2,855465;-0,1556496;-0,495982;2,894892;-0,1819235;-0,8634784;2,879868;-0,1983508;-0,9251815;2,834791;-0,002125897;0,0282547;2,85353;0,01668583;-0,4960716;2,903216;0,04157233;-0,8494553;2,908443;0,06609572;-0,9039107;2,845202; 
-0,09711847;0,7321385;2,938798;-0,08267985;0,1114048;2,872131;-0,08168243;0,1719756;2,93437;-0,08717243;0,5448606;2,95488;-0,2734828;0,4662623;2,942819;-0,4916812;0,5766206;2,83892;-0,7200859;0,7066754;2,725371;-0,8009611;0,7593914;2,684022;0,08444427;0,4131944;2,919815;0,1331792;0,1354652;2,868528;0,1345034;-0,07782097;2,750277;0,1222927;-0,1759824;2,717804;-0,1616083;0,03750948;2,855657;-0,155565;-0,4962288;2,895064;-0,1820685;-0,8651693;2,880278;-0,1955107;-0,9262721;2,837042;-0,002516709;0,02829043;2,85378;0,01681312;-0,4964575;2,903535;0,04170887;-0,8493776;2,908191;0,06604054;-0,9036398;2,845807; 
-0,0972738;0,733022;2,939006;-0,08267355;0,1114314;2,872202;-0,08166432;0,1720221;2,934414;-0,0871893;0,5449024;2,954849;-0,2735454;0,4662581;2,94299;-0,4919167;0,5761716;2,839004;-0,7529933;0,7218176;2,709414;-0,8018297;0,759105;2,684443;0,08452224;0,4133602;2,919886;0,1330197;0,1358969;2,868917;0,1343342;-0,07713579;2,751197;0,1223067;-0,1761556;2,717886;-0,1616289;0,03737893;2,855723;-0,1555497;-0,4962721;2,895023;-0,1820684;-0,8651718;2,880283;-0,195326;-0,9261362;2,837006;-0,002435347;0,02834363;2,85393;0,01689955;-0,4966681;2,90364;0,04197275;-0,8493258;2,908073;0,06543052;-0,9034835;2,846661; 
-0,09718221;0,7326549;2,938925;-0,08284651;0,1115071;2,872273;-0,08187965;0,1720889;2,934494;-0,08735517;0,544883;2,95498;-0,2735978;0,4661793;2,943091;-0,4954672;0,5707939;2,837576;-0,7143319;0,6993615;2,732373;-0,8015069;0,7585229;2,687326;0,08451477;0,4134104;2,920188;0,1329319;0,1356007;2,869371;0,1342099;-0,07694551;2,751535;0,1225779;-0,1762094;2,718407;-0,1618911;0,03746699;2,855633;-0,1555348;-0,4962703;2,895035;-0,182145;-0,8647235;2,88061;-0,1944403;-0,926074;2,837323;-0,00253126;0,02830446;2,854047;0,01688944;-0,4966836;2,903677;0,04284974;-0,8486952;2,907472;0,0653686;-0,9045342;2,84411; 
-0,09727907;0,7329721;2,939261;-0,08278433;0,1115399;2,872457;-0,08179884;0,1721638;2,934646;-0,08712938;0,5450236;2,954973;-0,2736164;0,4661791;2,943153;-0,495171;0,5713587;2,837977;-0,714478;0,6993253;2,732368;-0,8019925;0,7581069;2,687761;0,08450437;0,413545;2,920224;0,132884;0,1355669;2,869473;0,1346607;-0,07690345;2,752244;0,1228808;-0,1762863;2,719238;-0,1618187;0,03741112;2,855917;-0,1554261;-0,4968529;2,895592;-0,1810665;-0,8659329;2,880843;-0,1960897;-0,9273291;2,835465;-0,002490725;0,02829479;2,854186;0,01730989;-0,4970262;2,903824;0,04424742;-0,8488092;2,90597;0,06679384;-0,9051309;2,843211; 
-0,09742482;0,7342909;2,940069;-0,08279712;0,1115999;2,872551;-0,08174966;0,1722706;2,934791;-0,08665793;0,5460199;2,95565;-0,2737138;0,4659094;2,943449;-0,4955945;0,5714133;2,837995;-0,7556714;0,7234265;2,718551;-0,8029131;0,7579386;2,687196;0,08455517;0,4134931;2,920236;0,1328489;0,1348114;2,869247;0,1344207;-0,07753105;2,752391;0,1229451;-0,1765518;2,719554;-0,161886;0,03739115;2,855986;-0,1553303;-0,496438;2,895437;-0,1814998;-0,8652878;2,880905;-0,1972168;-0,9270837;2,834636;-0,002486276;0,02831027;2,854226;0,01729247;-0,4960476;2,903383;0,04454687;-0,8486436;2,906075;0,06674554;-0,9050454;2,843108; 
-0,09770047;0,7341553;2,939908;-0,08280776;0,1117326;2,87276;-0,08191299;0,1723998;2,935056;-0,08681771;0,5461916;2,956174;-0,2737063;0,4658201;2,943778;-0,4928215;0,5711586;2,840417;-0,7087544;0,6903588;2,740481;-0,8010988;0,7526606;2,689917;0,08483935;0,413857;2,921528;0,1330797;0,1341472;2,869295;0,1344232;-0,07799567;2,752694;0,122891;-0,1767303;2,719793;-0,161892;0,03737004;2,856048;-0,1553362;-0,4962402;2,895307;-0,1797462;-0,8650355;2,880291;-0,1980459;-0,9263061;2,834815;-0,002439561;0,02853784;2,854463;0,01731447;-0,496156;2,903647;0,0437175;-0,8493501;2,905968;0,06628273;-0,9035992;2,844622; 
-0,09793986;0,7342523;2,94082;-0,08277766;0,111761;2,872922;-0,08193202;0,1723735;2,935237;-0,08719999;0,5459012;2,956613;-0,2736814;0,4658569;2,943952;-0,4928566;0,5711777;2,840406;-0,7551809;0,7201676;2,724519;-0,8015234;0,7524441;2,690018;0,08482544;0,4138397;2,921718;0,1331611;0,1334474;2,869582;0,1343596;-0,07826079;2,752663;0,1228989;-0,1766558;2,719939;-0,1618559;0,03737745;2,856115;-0,1552779;-0,4961497;2,895346;-0,1798434;-0,8658251;2,880222;-0,1983754;-0,9266126;2,834985;-0,002334133;0,02851674;2,854634;0,01745719;-0,4962388;2,90354;0,04295219;-0,8493277;2,906497;0,06596994;-0,9033645;2,845629; 
-0,09847641;0,7345839;2,94086;-0,0828381;0,1116906;2,872972;-0,08188769;0,1723721;2,935276;-0,08728781;0,5460932;2,956539;-0,2739248;0,4657495;2,944518;-0,4896789;0,5714457;2,841132;-0,7521813;0,709774;2,712586;-0,8051863;0,7516664;2,689458;0,08479238;0,4138568;2,921689;0,1331495;0,1333497;2,869655;0,1344145;-0,07810844;2,752847;0,1229181;-0,1765421;2,719878;-0,1620694;0,03687698;2,85633;-0,1549879;-0,4953802;2,895263;-0,1799417;-0,865777;2,880275;-0,1989406;-0,9260847;2,838775;-0,002344674;0,02850177;2,854648;0,01766717;-0,4958924;2,903332;0,04282943;-0,8493167;2,906159;0,06588806;-0,9032432;2,845704; 
-0,09864329;0,734433;2,940668;-0,08302968;0,1112513;2,873037;-0,08193769;0,1720776;2,935346;-0,08733247;0,5460731;2,956576;-0,2739457;0,4647543;2,945151;-0,4918889;0,5714703;2,84028;-0,7259901;0,6905104;2,735875;-0,8055996;0,7505193;2,689101;0,08459008;0,4139138;2,921783;0,1330723;0,1335345;2,86968;0,134687;-0,07771827;2,75293;0,1229763;-0,1761937;2,719728;-0,1622523;0,03613252;2,856412;-0,1550465;-0,4955245;2,895303;-0,1799211;-0,8657572;2,880318;-0,1982397;-0,9256895;2,839124;-0,002500607;0,02832955;2,854688;0,01758717;-0,4960359;2,903417;0,04286433;-0,8491713;2,906072;0,06583329;-0,9032513;2,8457; 
-0,0993347;0,7342075;2,940541;-0,08299574;0,1111647;2,873108;-0,08195308;0,1719911;2,935432;-0,08762763;0,5460926;2,956893;-0,2739985;0,4643054;2,94544;-0,4919134;0,57115;2,840483;-0,6902297;0,6747881;2,755602;-0,805236;0,747612;2,690323;0,08377521;0,414252;2,922351;0,1321458;0,1324043;2,868968;0,1346943;-0,0787767;2,75247;0,1229172;-0,1758956;2,719621;-0,1621177;0,03604928;2,856497;-0,1553043;-0,4954451;2,895009;-0,1800689;-0,8659003;2,880168;-0,198446;-0,9277756;2,834325;-0,002483051;0,02831654;2,854715;0,01759105;-0,495247;2,902999;0,04342839;-0,8489417;2,905282;0,06598344;-0,9029322;2,84628; 
-0,09967867;0,7338753;2,940726;-0,08305318;0,1110674;2,873244;-0,08199687;0,1718591;2,935612;-0,08746151;0,546172;2,95755;-0,2745472;0,4641992;2,946381;-0,4933659;0,5697358;2,842471;-0,756096;0,7067124;2,714831;-0,8053933;0,7457004;2,689689;0,08403587;0,4144054;2,923265;0,1321248;0,132361;2,868976;0,1347017;-0,07858537;2,752355;0,122857;-0,1759275;2,719329;-0,1623728;0,03560578;2,856649;-0,1552309;-0,4953609;2,894972;-0,1798377;-0,8655555;2,879972;-0,1985263;-0,9274522;2,834441;-0,002491846;0,02823057;2,854756;0,01734996;-0,4956296;2,903043;0,04404796;-0,8487793;2,905828;0,06587555;-0,9029238;2,846501; 
-0,09995672;0,7333846;2,941107;-0,08308033;0,1110609;2,873291;-0,08218095;0,1718161;2,935675;-0,08801577;0,545505;2,957469;-0,2747088;0,4635229;2,946601;-0,4920475;0,5698414;2,843557;-0,7134122;0,6725913;2,73619;-0,8058378;0,7378837;2,690703;0,08364011;0,415129;2,924628;0,1318497;0,1325375;2,869025;0,1345353;-0,07842256;2,752779;0,1228535;-0,1757241;2,719249;-0,1623706;0,03560871;2,856662;-0,1553105;-0,4953164;2,894877;-0,1799872;-0,8653168;2,8802;-0,1941109;-0,9218438;2,842357;-0,002517569;0,02821509;2,854857;0,01729537;-0,4958382;2,903091;0,04339829;-0,8490502;2,905762;0,06583335;-0,902902;2,846619; 
-0,1004271;0,7329456;2,941445;-0,08315861;0,111069;2,873479;-0,08222963;0,1717625;2,935916;-0,08856904;0,5452569;2,957958;-0,2749687;0,4634195;2,947266;-0,4937102;0,5672727;2,843753;-0,7123367;0,6708373;2,735554;-0,8083553;0,7333581;2,690993;0,08361249;0,4151032;2,924608;0,1317616;0,1325598;2,869236;0,1345738;-0,07832108;2,753135;0,1228639;-0,1757537;2,719261;-0,1624142;0,03564594;2,856817;-0,1550429;-0,4946127;2,894677;-0,1801891;-0,864635;2,880213;-0,1937266;-0,9222536;2,842992;-0,002518866;0,0281605;2,854933;0,01736893;-0,4959875;2,902968;0,04208073;-0,8485513;2,905932;0,06574993;-0,9028596;2,846792; 
-0,1004115;0,7329137;2,941434;-0,08299504;0,1111289;2,873642;-0,08204015;0,1717489;2,936166;-0,08828405;0,5455651;2,959044;-0,2752161;0,4630997;2,947569;-0,4948308;0,5663121;2,845365;-0,7125022;0,6702076;2,735796;-0,8115023;0,723801;2,689514;0,08379807;0,4150961;2,924752;0,1318569;0,1324673;2,869381;0,1346338;-0,0784342;2,753616;0,1227205;-0,175779;2,719288;-0,1623653;0,03566467;2,856795;-0,1550688;-0,4941727;2,894593;-0,1802669;-0,8638266;2,880315;-0,1973286;-0,9210001;2,83998;-0,002101023;0,02806835;2,855185;0,01743081;-0,4954984;2,90282;0,04224727;-0,8488757;2,906492;0,06564918;-0,9028736;2,846802; 
-0,1002602;0,7325438;2,942561;-0,08300182;0,1111683;2,87383;-0,08205069;0,1717695;2,936353;-0,08865771;0,5454156;2,959164;-0,2758219;0,4623251;2,948074;-0,4940998;0,5637027;2,845353;-0,6987308;0,6399819;2,747211;-0,8125976;0,7099952;2,689022;0,08406434;0,4151448;2,92511;0,1320289;0,131939;2,869416;0,1346033;-0,07873444;2,753477;0,1228628;-0,1756826;2,71914;-0,1624041;0,03550473;2,856882;-0,1551332;-0,4943993;2,894619;-0,1803341;-0,8642567;2,879673;-0,199803;-0,9222143;2,837691;-0,00190609;0,02813814;2,855467;0,01744121;-0,4956758;2,902979;0,04194877;-0,8490135;2,907124;0,06494825;-0,9029441;2,847091; 
-0,1003036;0,7326307;2,942545;-0,08297981;0,1112228;2,873985;-0,0820585;0,1718222;2,936499;-0,0887932;0,5454192;2,959204;-0,276014;0,4622333;2,94877;-0,4925887;0,5573426;2,845329;-0,6970277;0,6315715;2,745383;-0,7970279;0,6756709;2,701713;0,08450153;0,4152386;2,925811;0,1320688;0,1318853;2,869392;0,1345886;-0,07868247;2,753631;0,1228966;-0,175738;2,719164;-0,162386;0,03552196;2,856978;-0,1550233;-0,4944451;2,894553;-0,1807807;-0,8640038;2,879262;-0,1994376;-0,9222211;2,837071;-0,001792345;0,02806505;2,85561;0,01744402;-0,4956957;2,903031;0,04225201;-0,8496982;2,906888;0,06513756;-0,9031407;2,846031; 
-0,1004782;0,7325899;2,942543;-0,08275178;0,1109292;2,87412;-0,08173916;0,1715705;2,936672;-0,08791789;0,5455436;2,959606;-0,275724;0,4618044;2,949322;-0,4942215;0,5436424;2,84943;-0,6975677;0,6020425;2,73629;-0,8028855;0,6628322;2,695403;0,08466798;0,4150969;2,926049;0,1317652;0,1328348;2,869978;0,134702;-0,07754137;2,754373;0,1233558;-0,1756722;2,719294;-0,1622684;0,03533501;2,856919;-0,1550333;-0,4945157;2,894592;-0,1804298;-0,8640848;2,87972;-0,2009667;-0,9228483;2,83522;-0,001522662;0,02758941;2,855906;0,01695424;-0,4962932;2,903487;0,04254608;-0,8494995;2,906849;0,06509074;-0,9032466;2,846069; 
-0,1002019;0,7324135;2,943214;-0,08223058;0,1102528;2,874561;-0,08083184;0,1708755;2,937208;-0,08659977;0,5452162;2,960775;-0,2748083;0,4595347;2,951446;-0,4951137;0,5070034;2,849605;-0,6967354;0,5680308;2,735293;-0,8026236;0,6093253;2,671746;0,08526679;0,4148581;2,92645;0,1318707;0,1329147;2,870111;0,1347054;-0,07713087;2,754564;0,1235039;-0,1757101;2,719172;-0,1618996;0,03452618;2,857314;-0,1551989;-0,4951052;2,894728;-0,1807629;-0,8642524;2,879838;-0,1986412;-0,9237729;2,83553;-0,001042418;0,02703146;2,856094;0,01700473;-0,4961606;2,903479;0,04256096;-0,849483;2,906752;0,06506854;-0,9032545;2,846107; 
-0,1000635;0,7325335;2,943376;-0,08161457;0,1082522;2,874737;-0,07953263;0,1693571;2,937335;-0,08570816;0,5447794;2,960563;-0,2723968;0,4518177;2,95377;-0,4933065;0,4805623;2,8473;-0,6917555;0,5301921;2,721658;-0,811047;0,5576382;2,665498;0,08559629;0,4149375;2,926242;0,1320061;0,1324631;2,87008;0,1346024;-0,07744786;2,754918;0,1234733;-0,1759326;2,719102;-0,1612849;0,03179954;2,857854;-0,1554288;-0,4949639;2,894711;-0,1808427;-0,8642595;2,87983;-0,1990206;-0,9242121;2,836094;-0,0007082658;0,02605314;2,856121;0,01698016;-0,4960563;2,903393;0,04316906;-0,8491372;2,906225;0,06499296;-0,9032484;2,846133; 
-0,09989323;0,733353;2,945554;-0,08184367;0,107251;2,87492;-0,07873178;0,1681906;2,937532;-0,08405937;0,5428237;2,96117;-0,2696925;0,4472257;2,958332;-0,4865409;0,4424543;2,846124;-0,7039069;0,4626942;2,695263;-0,7901754;0,4747241;2,635921;0,08621235;0,4146236;2,926115;0,1321483;0,1305915;2,870492;0,134284;-0,07871899;2,754785;0,1230385;-0,1762129;2,71894;-0,1618086;0,0310652;2,858479;-0,1558615;-0,4950879;2,894954;-0,1806553;-0,8641683;2,879377;-0,208382;-0,9287477;2,821822;-0,001118325;0,02492261;2,855673;0,01661901;-0,4967676;2,902904;0,04321629;-0,8496396;2,905583;0,0648053;-0,9033324;2,846772; 
-0,09805784;0,7290885;2,948203;-0,08222899;0,1044836;2,874845;-0,07793622;0,1656537;2,937435;-0,08098337;0,5405412;2,960839;-0,2678872;0,4445924;2,961519;-0,4761261;0,3869416;2,848537;-0,6883585;0,3911366;2,675951;-0,7815458;0,3954304;2,613975;0,08639504;0,4136855;2,925198;0,1317531;0,1280612;2,870262;0,1337476;-0,08091882;2,754857;0,122705;-0,1764197;2,718677;-0,1625634;0,02894421;2,859119;-0,1569256;-0,4954996;2,895503;-0,1802485;-0,8651567;2,879553;-0,204978;-0,9308562;2,825893;-0,002074161;0,02266855;2,854981;0,01572953;-0,4977005;2,902672;0,04257042;-0,8501348;2,905201;0,06536964;-0,9042695;2,845751; 
-0,09805749;0,7300158;2,948919;-0,08266987;0,1032857;2,874948;-0,07739976;0,1648263;2,937435;-0,08001778;0,5404231;2,960452;-0,2648584;0,4406033;2,964915;-0,4559335;0,3381929;2,854604;-0,6683403;0,3120209;2,656565;-0,7406889;0,309732;2,597559;0,08654541;0,4137333;2,925134;0,1318239;0,128048;2,870348;0,133142;-0,08197322;2,7565;0,1207393;-0,1816219;2,72088;-0,1631178;0,0280331;2,860019;-0,1578657;-0,4948004;2,895262;-0,1807576;-0,8642893;2,879453;-0,1966111;-0,9240388;2,834558;-0,003046259;0,02166425;2,854604;0,01553486;-0,4976281;2,902588;0,04288739;-0,8501388;2,905174;0,06516839;-0,9041646;2,845849; 
-0,09797046;0,7297213;2,949489;-0,08334752;0,1014875;2,875257;-0,07727769;0,1633662;2,937677;-0,07922869;0,54;2,960501;-0,2589995;0,4377275;2,966722;-0,4330042;0,3026342;2,857893;-0,5936688;0,2392581;2,689247;-0,6548024;0,2147359;2,613211;0,08753021;0,4132428;2,924979;0,1318624;0,1276126;2,869973;0,1319056;-0,08347778;2,756886;0,1169391;-0,1855706;2,719597;-0,1635546;0,02732291;2,86062;-0,1594431;-0,4951705;2,89566;-0,180797;-0,864325;2,879531;-0,1973311;-0,9235914;2,835644;-0,004479517;0,02019586;2,854739;0,01440166;-0,4984746;2,902339;0,04257625;-0,8480399;2,906138;0,06509447;-0,904177;2,845839; 
-0,09777871;0,7283411;2,949716;-0,08392124;0,09768374;2,875527;-0,07698758;0,1604484;2,938045;-0,07775967;0,5398229;2,961266;-0,2549505;0,4332502;2,967209;-0,3993668;0,2632149;2,863998;-0,5416855;0,1472817;2,708771;-0,6298776;0,1283587;2,61516;0,08776556;0,4129673;2,924188;0,1324319;0,1285169;2,869996;0,1307478;-0,08384289;2,758102;0,1141474;-0,1868646;2,720321;-0,1640034;0,02471113;2,861425;-0,1599628;-0,4956957;2,896029;-0,1807757;-0,8644574;2,880327;-0,1954396;-0,9230008;2,838592;-0,005649361;0,01831498;2,854731;0,01345528;-0,5000862;2,902164;0,04291755;-0,8496728;2,905061;0,06509564;-0,9042732;2,845785; 
-0,09756659;0,7281249;2,94896;-0,08419761;0,09618424;2,87499;-0,07700299;0,1590754;2,937539;-0,07644971;0,5394393;2,960642;-0,253805;0,4302786;2,966527;-0,3856574;0,2234685;2,87269;-0,5033882;0,07812275;2,72214;-0,5382787;0,05393575;2,660671;0,0883023;0,4128198;2,924118;0,1311988;0,1281643;2,868151;0,1288642;-0,08443861;2,757897;0,1122245;-0,1872897;2,720672;-0,1644483;0,02317296;2,860942;-0,1607844;-0,495125;2,896421;-0,1809489;-0,8638195;2,880158;-0,1959532;-0,9234985;2,838594;-0,006294758;0,0172017;2,854423;0,01297964;-0,5011048;2,902261;0,04309463;-0,8494736;2,905314;0,06485578;-0,9040787;2,846443; 
-0,09688762;0,7273889;2,950649;-0,08455191;0,09192862;2,874075;-0,07728576;0,1551269;2,936955;-0,07520216;0,5381401;2,961089;-0,2485696;0,4221587;2,962287;-0,3588243;0,1475754;2,855344;-0,4797877;-0,02129881;2,693186;-0,5295386;-0,08064904;2,639383;0,08925243;0,4117278;2,923694;0,1308627;0,1269822;2,86782;0,1273527;-0,08416206;2,757576;0,1096777;-0,1843972;2,719662;-0,1647668;0,01953875;2,860486;-0,1618919;-0,496079;2,896764;-0,1808512;-0,8639756;2,879809;-0,1957729;-0,9237972;2,838107;-0,007268766;0,01448929;2,853344;0,01254557;-0,5014011;2,902389;0,04262759;-0,8499415;2,905111;0,06561116;-0,9044985;2,845094; 
-0,09688906;0,7275907;2,950526;-0,08448383;0,0914511;2,8739;-0,0771554;0,1546052;2,936836;-0,0753532;0,5379615;2,961276;-0,250236;0,4188428;2,962319;-0,3299341;0,1474732;2,869826;-0,4060893;-0,04706866;2,753969;-0,4280497;-0,1062143;2,701837;0,08903551;0,4116545;2,923447;0,1295848;0,1270866;2,868247;0,1266978;-0,0835384;2,756024;0,107132;-0,1821575;2,718389;-0,1646241;0,01898511;2,860417;-0,1621081;-0,4965741;2,896866;-0,1815546;-0,8644329;2,879861;-0,1946248;-0,9246618;2,83738;-0,007187877;0,0139981;2,852913;0,01244373;-0,5014709;2,902239;0,04357583;-0,8489039;2,90471;0,06497758;-0,9044433;2,845232; 
-0,09693234;0,7276465;2,950752;-0,08469924;0,09084718;2,873441;-0,07741883;0,1538684;2,936548;-0,07674588;0,5375695;2,962373;-0,2516351;0,4135916;2,961735;-0,3088993;0,1280746;2,873325;-0,359503;-0,08404699;2,777918;-0,3749405;-0,1668151;2,739889;0,08909938;0,4110014;2,923208;0,1282628;0,1267942;2,867701;0,1258742;-0,0839669;2,754868;0,1037939;-0,1814933;2,716595;-0,1647173;0,01820189;2,85987;-0,1623166;-0,4962255;2,896943;-0,181578;-0,8643435;2,87958;-0,1948481;-0,9246116;2,83745;-0,007355694;0,01327451;2,851944;0,01190029;-0,502216;2,902267;0,04493638;-0,8481188;2,904569;0,06452532;-0,9040631;2,846011; 
-0,09698897;0,7274709;2,950747;-0,08672243;0,08808668;2,872611;-0,07949212;0,1511076;2,936213;-0,07819552;0,5365472;2,964311;-0,251314;0,4132302;2,960819;-0,2890135;0,1054916;2,876244;-0,3122719;-0,119309;2,804487;-0,3088048;-0,2252518;2,792136;0,08839573;0,4104698;2,923284;0,1245347;0,1215239;2,866894;0,123378;-0,0887325;2,751753;0,09746048;-0,1811116;2,710677;-0,1660914;0,01618374;2,859337;-0,1625632;-0,4974661;2,896658;-0,1813661;-0,8643999;2,879405;-0,1960328;-0,9250718;2,837085;-0,00984429;0,01134263;2,850419;0,01120678;-0,5030326;2,901705;0,0443358;-0,8496295;2,903745;0,06465086;-0,9042609;2,846031; 
-0,09709819;0,7271786;2,950587;-0,08693732;0,08805152;2,872447;-0,08018678;0,1509774;2,936151;-0,0795361;0,5370243;2,965217;-0,2545814;0,4097744;2,958197;-0,2823728;0,1093268;2,881449;-0,2968396;-0,1194725;2,822232;-0,2824298;-0,1655029;2,803837;0,08832563;0,4102878;2,923652;0,1234672;0,1213165;2,867056;0,1221554;-0,08864963;2,750339;0,09673673;-0,1804194;2,708907;-0,1666757;0,01558363;2,858941;-0,1627664;-0,4974689;2,896259;-0,1813141;-0,8644699;2,879222;-0,1963359;-0,9255556;2,836949;-0,009879194;0,01129771;2,850028;0,0110105;-0,5031295;2,900905;0,04454534;-0,8495165;2,903588;0,06436924;-0,904245;2,845878; 
-0,09760782;0,727834;2,950072;-0,08714929;0,08828571;2,872199;-0,08084387;0,1512155;2,935931;-0,08040187;0,5373831;2,964788;-0,2565399;0,4090197;2,956389;-0,2801026;0,1126464;2,887107;-0,2975822;-0,1157343;2,825057;-0,2825531;-0,1649256;2,803686;0,08834123;0,4098546;2,924009;0,1224111;0,1224468;2,867684;0,1220417;-0,08755412;2,750215;0,095551;-0,1791231;2,708539;-0,1669677;0,01556258;2,858701;-0,1628469;-0,4974099;2,896241;-0,1812451;-0,8643776;2,879121;-0,1950906;-0,9226714;2,839115;-0,009876921;0,01133595;2,849772;0,01103651;-0,5031611;2,900841;0,04470958;-0,8490777;2,901767;0,06438465;-0,9043084;2,845687; 
-0,09850336;0,728278;2,949182;-0,08719461;0,08829948;2,872208;-0,08143479;0,1513068;2,935975;-0,08236008;0,5373941;2,964094;-0,2588398;0,4074399;2,954198;-0,281223;0,1127499;2,891055;-0,3004303;-0,1157082;2,829618;-0,2902695;-0,167334;2,805693;0,0875843;0,4099263;2,924732;0,1244224;0,1491965;2,886919;0,1216587;-0,07256515;2,756618;0,09541817;-0,1773128;2,706816;-0,1670853;0,01514769;2,858995;-0,1625983;-0,4991472;2,896237;-0,1807104;-0,8653119;2,878849;-0,1964451;-0,9244899;2,837837;-0,009813113;0,01140117;2,849679;0,01148527;-0,5029585;2,900743;0,04471368;-0,8481818;2,903319;0,06392909;-0,9036826;2,845701; 
-0,1017644;0,7294712;2,948004;-0,08720598;0,08897998;2,872132;-0,08170605;0,152036;2,935844;-0,08327226;0,5383384;2,963119;-0,2603962;0,4076572;2,953643;-0,2836919;0,1170816;2,896739;-0,308142;-0,1107064;2,834315;-0,3029515;-0,2261983;2,804933;0,0872822;0,4101107;2,924806;0,1242433;0,1508969;2,887144;0,1210209;-0,07212834;2,757013;0,09379427;-0,1748843;2,70811;-0,167098;0,01523275;2,859062;-0,1617156;-0,4967089;2,895987;-0,1802831;-0,8650901;2,879377;-0,1959083;-0,9242166;2,839088;-0,009495595;0,0120138;2,849434;0,01176537;-0,5025414;2,90077;0,04455158;-0,8489369;2,902877;0,06398627;-0,9035737;2,845855; 
-0,1038971;0,7304032;2,949116;-0,08711376;0,08950033;2,872188;-0,08176975;0,1524693;2,935874;-0,08371469;0,5387152;2,963011;-0,2628281;0,406958;2,953394;-0,2865938;0,1192048;2,898788;-0,3405173;-0,1198294;2,822465;-0,3138431;-0,2133935;2,80132;0,0871425;0,4102547;2,924732;0,1240149;0,1504539;2,88609;0,1207672;-0,0716288;2,756921;0,0927385;-0,1742386;2,709293;-0,1671001;0,01522783;2,859102;-0,1615381;-0,4968681;2,896236;-0,1803302;-0,8651392;2,879489;-0,1981711;-0,9238427;2,837374;-0,008949128;0,01254412;2,849326;0,01194383;-0,502548;2,9009;0,04322022;-0,8496681;2,902493;0,06348951;-0,9037358;2,84708; 
-0,1057168;0,7305155;2,948392;-0,08668304;0,08991171;2,87238;-0,08157178;0,1527227;2,935969;-0,084309;0,5387578;2,962879;-0,2635797;0,4066396;2,953637;-0,2951497;0,120509;2,901483;-0,3502232;-0,1283666;2,813358;-0,3572775;-0,2108454;2,77228;0,08689224;0,4105736;2,924667;0,124608;0,1503359;2,886216;0,1200893;-0,07054199;2,757506;0,09242928;-0,1741747;2,710193;-0,1664407;0,01517735;2,859822;-0,1600693;-0,4975407;2,896743;-0,1803155;-0,8654716;2,879534;-0,1995841;-0,9241704;2,83618;-0,007894811;0,0130349;2,849095;0,01284139;-0,5025652;2,900937;0,04291032;-0,8493094;2,9029;0,06434692;-0,9032988;2,846786; 
-0,1067945;0,7312804;2,948044;-0,08614521;0,09063058;2,87271;-0,0811395;0,1532898;2,936218;-0,08472297;0,5390617;2,963045;-0,2650205;0,4069197;2,954545;-0,2986045;0,1212009;2,903016;-0,3598039;-0,1203342;2,807459;-0,3677147;-0,2069458;2,769553;0,08646616;0,4112611;2,924381;0,1245948;0,1503792;2,885801;0,1198926;-0,07165902;2,757399;0,09209747;-0,1738933;2,71157;-0,1659086;0,01520049;2,860351;-0,15897;-0,496998;2,896722;-0,1803156;-0,8653783;2,879541;-0,2004947;-0,9238687;2,835599;-0,006838201;0,01394305;2,849072;0,01326342;-0,5022985;2,900972;0,04462882;-0,8480446;2,903922;0,06411643;-0,9037073;2,845421; 
-0,1079053;0,7313006;2,948548;-0,08569461;0,09068392;2,872862;-0,08065003;0,1533123;2,936332;-0,08501228;0,5390013;2,963341;-0,2655506;0,406242;2,955339;-0,3017684;0,1223461;2,90514;-0,3688903;-0,107139;2,808445;-0,3838735;-0,2009514;2,767313;0,08523185;0,4114119;2,923607;0,1249409;0,1499785;2,884029;0,119813;-0,07242097;2,758126;0,09424423;-0,1742667;2,717109;-0,1650204;0,01496759;2,86085;-0,1585193;-0,4966937;2,896681;-0,1805521;-0,8651021;2,880072;-0,2006851;-0,9234481;2,836224;-0,006150602;0,01414957;2,848977;0,01376394;-0,502518;2,901249;0,04330473;-0,8487312;2,903505;0,06375762;-0,9041936;2,845013; 
-0,1084818;0,731944;2,948395;-0,08467577;0,09160307;2,873273;-0,07986011;0,1541089;2,936719;-0,08513895;0,5393908;2,963652;-0,266102;0,4056748;2,955797;-0,3044611;0,1247241;2,907314;-0,3726524;-0,1016945;2,81061;-0,3888913;-0,1967714;2,764043;0,085225;0,4115295;2,923589;0,124889;0,1498416;2,883668;0,1212691;-0,07235787;2,760207;0,09510495;-0,175687;2,719195;-0,1641043;0,01535707;2,861341;-0,1578842;-0,4969043;2,896821;-0,1802934;-0,8653989;2,880161;-0,2011867;-0,9234618;2,836288;-0,00469696;0,01494589;2,849091;0,01449434;-0,5020698;2,901361;0,04373571;-0,848685;2,903436;0,06361444;-0,9040071;2,844955; 
-0,1088575;0,7322014;2,948347;-0,08446626;0,09195864;2,873414;-0,07964688;0,1543778;2,936858;-0,08522329;0,5394089;2,963796;-0,2665198;0,4052839;2,956275;-0,3056144;0,1251474;2,907703;-0,3727406;-0,09660406;2,810014;-0,3930369;-0,1885557;2,760022;0,08515525;0,4117447;2,923632;0,1250704;0,145734;2,880174;0,1215949;-0,07201435;2,762663;0,09607545;-0,176291;2,721449;-0,1639176;0,01564479;2,861515;-0,1569413;-0,4957252;2,89668;-0,1803751;-0,865063;2,880123;-0,2010748;-0,9235457;2,836616;-0,004456022;0,01506697;2,849102;0,0147749;-0,5015302;2,901313;0,04454611;-0,8476729;2,903865;0,06372243;-0,9033657;2,845218; 
-0,1093719;0,7321419;2,948185;-0,0843139;0,09187159;2,873625;-0,0793078;0,1543702;2,93697;-0,08550886;0,5393624;2,963722;-0,2673098;0,405443;2,957859;-0,3059235;0,1253253;2,908025;-0,3712134;-0,09174676;2,808523;-0,391784;-0,1844866;2,757435;0,08467208;0,4119419;2,923279;0,1263209;0,1400508;2,880291;0,1221104;-0,07277339;2,763294;0,09747183;-0,1769242;2,723592;-0,1635554;0,01516582;2,861955;-0,1568772;-0,4963981;2,896785;-0,1800859;-0,8650402;2,880219;-0,1994738;-0,9257439;2,833488;-0,004202679;0,0150519;2,849401;0,01487167;-0,5020292;2,901638;0,0452599;-0,848457;2,903162;0,06347101;-0,9035393;2,845126; 
-0,1096122;0,7321783;2,948346;-0,08424963;0,09201735;2,873877;-0,07923675;0,154489;2,937164;-0,08591997;0,5392581;2,963781;-0,2677374;0,4056576;2,958519;-0,305932;0,1252901;2,908056;-0,368421;-0,09638375;2,804272;-0,3851677;-0,1878051;2,756311;0,08447976;0,4122023;2,923446;0,1263645;0,1377999;2,880979;0,1223334;-0,07273726;2,763968;0,0994826;-0,1780393;2,726741;-0,1634758;0,01520643;2,862243;-0,1568592;-0,4964476;2,89677;-0,1798858;-0,8649924;2,880088;-0,1995621;-0,9257361;2,833591;-0,004043568;0,01515488;2,849644;0,01501667;-0,501932;2,901749;0,04567993;-0,8483352;2,903043;0,06344822;-0,9035298;2,844999; 
-0,1096425;0,7318697;2,948285;-0,0842327;0,09214145;2,873941;-0,07918783;0,1546435;2,937233;-0,08585133;0,5394508;2,96378;-0,2679724;0,4055385;2,958762;-0,3052055;0,1252795;2,907948;-0,3629566;-0,1025801;2,798643;-0,3721249;-0,1916384;2,756477;0,08435994;0,4123522;2,923597;0,1261398;0,13749;2,88092;0,1222124;-0,07346825;2,764594;0,09961084;-0,1782998;2,727661;-0,1634969;0,01525417;2,862376;-0,1568944;-0,4960639;2,896814;-0,1807221;-0,8636445;2,88029;-0,198098;-0,9234039;2,838021;-0,004029809;0,0152159;2,849643;0,01503117;-0,5019846;2,901783;0,04620891;-0,8477284;2,903472;0,06304604;-0,9032956;2,845495; 
-0,109884;0,7316926;2,948653;-0,08425017;0,09210165;2,874066;-0,07912953;0,1546292;2,937353;-0,08581992;0,5394767;2,963855;-0,2682531;0,4053406;2,959422;-0,3010938;0,1259107;2,909102;-0,3508783;-0,101116;2,802444;-0,3533876;-0,1883932;2,760541;0,08417452;0,4123966;2,923863;0,1262936;0,1402816;2,883188;0,1222048;-0,07339396;2,765538;0,1005014;-0,178469;2,728952;-0,1635874;0,0149468;2,8627;-0,1573484;-0,4973577;2,897195;-0,1808118;-0,863446;2,879959;-0,1989457;-0,9237574;2,834675;-0,004045421;0,0152217;2,849694;0,01522814;-0,5014702;2,901945;0,04576687;-0,8479931;2,903563;0,06309361;-0,9033475;2,845673; 
-0,1098855;0,7313963;2,94861;-0,08443306;0,09195109;2,87428;-0,07927562;0,1545548;2,937552;-0,08584817;0,539535;2,963954;-0,2682612;0,4053632;2,959467;-0,2956636;0,1241469;2,911656;-0,3185975;-0,09369418;2,813707;-0,3258271;-0,1959382;2,763491;0,08376034;0,4123958;2,924001;0,1261171;0,1389227;2,883551;0,1229392;-0,07283618;2,767298;0,1006261;-0,178523;2,729354;-0,1637897;0,01460002;2,863067;-0,157575;-0,4984539;2,897281;-0,1810399;-0,8636572;2,880102;-0,1988222;-0,9237773;2,834598;-0,004349412;0,01523112;2,849891;0,01541695;-0,5013518;2,901819;0,04582103;-0,8477318;2,90392;0,06301048;-0,9032502;2,845648; 
-0,1101093;0,7310776;2,949034;-0,0848773;0,09205565;2,874841;-0,07954381;0,1546721;2,9381;-0,0853368;0,5399402;2,964714;-0,2684493;0,4051939;2,959807;-0,2938028;0,1225525;2,91095;-0,3123529;-0,09643741;2,814678;-0,306912;-0,208649;2,770231;0,08369758;0,4124641;2,92433;0,1234945;0,134714;2,881743;0,1212909;-0,07724506;2,766997;0,1005947;-0,1785287;2,729332;-0,1646879;0,01451262;2,86401;-0,1579381;-0,4982041;2,897503;-0,1802749;-0,8628959;2,88045;-0,1991146;-0,9225103;2,835821;-0,004850203;0,01529887;2,850197;0,01545041;-0,5015948;2,901912;0,04466618;-0,8475352;2,903306;0,06310938;-0,9032974;2,845337; 
-0,1106189;0,7293596;2,949051;-0,08548881;0,09143026;2,875197;-0,08005707;0,153925;2,938454;-0,08589915;0,5383114;2,964958;-0,268736;0,404664;2,959896;-0,2914188;0,1218086;2,91093;-0,3024758;-0,09857803;2,816839;-0,2905068;-0,2101843;2,771563;0,08264638;0,4119572;2,923924;0,1229705;0,1345601;2,881932;0,1212877;-0,07745494;2,767099;0,1000086;-0,178147;2,730384;-0,1653857;0,01372584;2,864577;-0,1580668;-0,4985157;2,89812;-0,1802654;-0,8631042;2,880564;-0,199452;-0,9226671;2,835904;-0,005447121;0,01491384;2,850365;0,01546471;-0,5015761;2,902083;0,04454055;-0,8472635;2,903289;0,06216313;-0,9018127;2,847613; 
-0,1114007;0,7288671;2,948368;-0,0857509;0,09116969;2,875313;-0,0803793;0,1537401;2,938622;-0,08643243;0,5389032;2,965654;-0,2687415;0,4045328;2,959822;-0,2885676;0,124924;2,912931;-0,2922808;-0,09596461;2,819365;-0,2877399;-0,2077712;2,772788;0,08238167;0,4119691;2,924401;0,1216818;0,1340423;2,882091;0,12064;-0,07810944;2,76739;0,099631;-0,1779635;2,730618;-0,1656132;0,0134613;2,864626;-0,158831;-0,4986972;2,898342;-0,1802294;-0,8631276;2,880596;-0,1989034;-0,9224863;2,836008;-0,005676505;0,01476209;2,850452;0,01536058;-0,5015044;2,901954;0,04463591;-0,8480006;2,902463;0,06389625;-0,9020581;2,84376; 
-0,111809;0,7290701;2,948265;-0,08581433;0,09121948;2,87541;-0,08041025;0,1537774;2,938729;-0,08622663;0,5389505;2,965805;-0,269118;0,4039439;2,960021;-0,2857212;0,1264611;2,914409;-0,2873321;-0,0944286;2,820638;-0,2767653;-0,1769425;2,787788;0,0822797;0,4121028;2,924744;0,121656;0,1342351;2,882628;0,1206216;-0,07793351;2,767527;0,09916034;-0,1772352;2,731338;-0,1657086;0,01345159;2,864676;-0,1590185;-0,4988069;2,898523;-0,1802153;-0,8631008;2,881726;-0,1967318;-0,9208716;2,842131;-0,00578673;0,01481953;2,850566;0,01539924;-0,5016024;2,901992;0,04474846;-0,8477105;2,902492;0,06389111;-0,9024835;2,84356; 
-0,111893;0,7282023;2,94922;-0,08609716;0,09106795;2,875633;-0,08069042;0,1535241;2,938964;-0,08646739;0,5379761;2,966012;-0,2692077;0,4038152;2,960035;-0,2841514;0,1282208;2,915715;-0,2859029;-0,09244563;2,821224;-0,2765476;-0,1760198;2,787539;0,08187441;0,4120799;2,924841;0,1215337;0,1336074;2,883012;0,1187479;-0,07851358;2,768087;0,09684516;-0,1773077;2,731264;-0,1660541;0,01327676;2,865074;-0,1592595;-0,4991854;2,898886;-0,1802942;-0,8634726;2,881738;-0,1967801;-0,9223518;2,840721;-0,006075176;0,01471535;2,850634;0,01536521;-0,5015975;2,902293;0,04494637;-0,8482921;2,903312;0,06290805;-0,9024228;2,845659; 
-0,1120534;0,7283514;2,949137;-0,08617108;0,09106945;2,875828;-0,08078948;0,1535202;2,939166;-0,08661927;0,5379048;2,966121;-0,2692182;0,4038147;2,960046;-0,2837472;0,1281317;2,916157;-0,2862841;-0,09239866;2,821327;-0,2769676;-0,1761628;2,787232;0,08190801;0,4120946;2,924908;0,121344;0,140019;2,88617;0,1181208;-0,07645094;2,769491;0,09447434;-0,1775642;2,730611;-0,1661353;0,01324231;2,865286;-0,159174;-0,4990159;2,899018;-0,18064;-0,8634166;2,881641;-0,1965451;-0,9221596;2,84128;-0,006105724;0,01468197;2,85076;0,01531655;-0,501604;2,902278;0,04467739;-0,848251;2,903474;0,0628631;-0,9027742;2,845408; 
-0,1124177;0,7287005;2,949368;-0,08615419;0,09111511;2,876218;-0,08084252;0,1535592;2,939609;-0,08664224;0,537984;2,966627;-0,2692196;0,403615;2,960057;-0,2837292;0,1281494;2,916152;-0,2867874;-0,0924395;2,821559;-0,2796473;-0,1814605;2,785648;0,08233247;0,4118742;2,925295;0,1215209;0,1421032;2,886064;0,1173941;-0,07552236;2,770294;0,09257036;-0,1775936;2,731016;-0,1662;0,01321517;2,865526;-0,1593015;-0,4988313;2,899203;-0,1806581;-0,8633205;2,881687;-0,1975104;-0,9216288;2,839613;-0,00596988;0,01463509;2,851148;0,01514657;-0,5015137;2,90248;0,04385299;-0,8482606;2,903677;0,06217514;-0,902648;2,84578; 
-0,1123506;0,7286829;2,949418;-0,0864649;0,09088279;2,876746;-0,08114453;0,1533939;2,940088;-0,08698998;0,5378696;2,966774;-0,2694137;0,4035165;2,960228;-0,2837643;0,1281456;2,916177;-0,2883058;-0,09196191;2,820406;-0,2893845;-0,1936198;2,781083;0,08204178;0,4120012;2,925376;0,1213203;0,1425694;2,8864;0,1162685;-0,07492168;2,770765;0,09085446;-0,1770098;2,730836;-0,1665261;0,01275048;2,866166;-0,1598513;-0,5006162;2,899406;-0,1811509;-0,8643836;2,881079;-0,2004076;-0,9278753;2,825407;-0,006247838;0,01455817;2,851699;0,01531025;-0,501651;2,902701;0,04454303;-0,8482306;2,903767;0,06215281;-0,9025832;2,846028; 
-0,1124453;0,7284378;2,949718;-0,08656598;0,09104683;2,876945;-0,08124401;0,1535676;2,940254;-0,08708483;0,5379834;2,966748;-0,2694799;0,4036399;2,960259;-0,2848774;0,1321497;2,917613;-0,2943157;-0,08592926;2,817046;-0,2916523;-0,1958448;2,777677;0,08199311;0,4120178;2,925378;0,1199942;0,1406555;2,885856;0,1156452;-0,07373482;2,771114;0,08976223;-0,1769042;2,730373;-0,1666157;0,01296821;2,866422;-0,1592144;-0,4992622;2,899662;-0,1811414;-0,8637919;2,881325;-0,202552;-0,9267544;2,824985;-0,006351271;0,01465439;2,851896;0,01555347;-0,5019207;2,90292;0,0462571;-0,8471011;2,904015;0,06218152;-0,9028469;2,845582; 
-0,1121183;0,7275718;2,950089;-0,08668923;0,09105126;2,877168;-0,0813859;0,1535783;2,940478;-0,08683562;0,5380772;2,966981;-0,269507;0,4034823;2,960279;-0,2875222;0,1422204;2,918948;-0,2958108;-0,08384074;2,816892;-0,2935408;-0,197991;2,774644;0,08213502;0,4119379;2,925933;0,1186216;0,1371346;2,884137;0,1152939;-0,07521224;2,770069;0,08954711;-0,1769493;2,730423;-0,1668487;0,01300865;2,866657;-0,1592839;-0,4990073;2,899838;-0,1811672;-0,8624377;2,881558;-0,1987049;-0,9238278;2,832449;-0,006525794;0,01453604;2,852125;0,01515811;-0,5031255;2,903404;0,04491753;-0,847471;2,904267;0,06265766;-0,9030693;2,844837; 
-0,1119262;0,7280396;2,950297;-0,08670156;0,09104747;2,87735;-0,08137316;0,1536025;2,940657;-0,08663931;0,5382388;2,967118;-0,2696424;0,4033978;2,960324;-0,2875603;0,1422326;2,918918;-0,2982709;-0,08310695;2,814181;-0,2951079;-0,1968988;2,771106;0,08213657;0,4119676;2,926003;0,118988;0,1394193;2,883925;0,115239;-0,07335585;2,770998;0,0889992;-0,1767092;2,730253;-0,1669629;0,01282382;2,867069;-0,1592931;-0,4990234;2,899867;-0,1807697;-0,8648;2,880472;-0,1993376;-0,9245422;2,831878;-0,006530227;0,0145372;2,852171;0,01556521;-0,5029684;2,903474;0,04553139;-0,8479472;2,903985;0,06264584;-0,9030641;2,844806; 
-0,1117219;0,7280352;2,950525;-0,08669183;0,09118238;2,877524;-0,08130062;0,1537401;2,940925;-0,08565263;0,5393251;2,968251;-0,2696061;0,403354;2,960484;-0,28843;0,1408265;2,918265;-0,3012153;-0,07881089;2,812942;-0,295312;-0,1926015;2,770566;0,08222581;0,4119106;2,926233;0,1194231;0,1401472;2,884803;0,1150776;-0,07235862;2,77151;0,08885487;-0,1768206;2,730294;-0,1670136;0,01300118;2,867192;-0,1593815;-0,4983161;2,899734;-0,180821;-0,8639503;2,88024;-0,1995228;-0,9206643;2,835522;-0,006557288;0,01458964;2,852261;0,01521672;-0,5031014;2,903714;0,04566828;-0,8480467;2,903888;0,06261455;-0,903074;2,844774; 
-0,1113834;0,7281636;2,950302;-0,08665726;0,09123225;2,877803;-0,08122014;0,1537619;2,941374;-0,08503465;0,5408742;2,970263;-0,2696236;0,4032422;2,960823;-0,2890999;0,139957;2,917748;-0,302255;-0,07911607;2,811378;-0,2957326;-0,1926051;2,768695;0,082045;0,4121052;2,926751;0,1201252;0,1427987;2,886364;0,1145964;-0,07272547;2,771952;0,08875132;-0,1768909;2,730264;-0,166985;0,01305356;2,867271;-0,15952;-0,4984345;2,899928;-0,1808242;-0,8639407;2,880247;-0,1963938;-0,9211617;2,836353;-0,006611859;0,01467868;2,852596;0,0152143;-0,5032031;2,904267;0,04386083;-0,8481497;2,903989;0,06217476;-0,9029374;2,844818; 
-0,1109474;0,7274953;2,94997;-0,08674536;0,09141894;2,878023;-0,0813237;0,1538859;2,941565;-0,08509772;0,5406939;2,970291;-0,2695129;0,4030795;2,960886;-0,289969;0,1394936;2,918114;-0,3023491;-0,07920782;2,81072;-0,2960638;-0,1925691;2,768061;0,08243427;0,4118919;2,927032;0,1196609;0,141499;2,886269;0,1143119;-0,07250997;2,771909;0,08863771;-0,1769397;2,730136;-0,1671542;0,01344957;2,86752;-0,1597354;-0,4982075;2,899748;-0,180861;-0,8638819;2,88022;-0,1963122;-0,9220764;2,835379;-0,006656457;0,01467302;2,852713;0,01592812;-0,5020748;2,903072;0,04435384;-0,8479382;2,904123;0,06207624;-0,9029187;2,844678; 
-0,1099195;0,7286462;2,949695;-0,0868474;0,09165686;2,878388;-0,08148391;0,1540978;2,942019;-0,08517321;0,5407768;2,970936;-0,269416;0,403224;2,961616;-0,2901862;0,1400159;2,918521;-0,3023269;-0,07955069;2,810231;-0,2964133;-0,1927884;2,76758;0,08319646;0,4129454;2,928375;0,1201208;0,1452971;2,886982;0,1143991;-0,07259835;2,772038;0,08855067;-0,1773437;2,730166;-0,1672853;0,0136462;2,867805;-0,1597578;-0,4980793;2,899836;-0,1809938;-0,8635015;2,880376;-0,1952031;-0,9188082;2,842568;-0,006716145;0,01474828;2,852855;0,01585701;-0,5020637;2,903333;0,04304788;-0,846624;2,90429;0,06243094;-0,9027848;2,844626; 
-0,1090998;0,728088;2,950046;-0,08686596;0,09131072;2,878642;-0,08145875;0,1537725;2,942326;-0,08498177;0,5406291;2,971514;-0,2692833;0,4032292;2,961631;-0,2902525;0,1399167;2,9184;-0,3023616;-0,07963124;2,810241;-0,2967808;-0,1929047;2,768025;0,08317196;0,412905;2,92836;0,1209382;0,1453687;2,888622;0,1144547;-0,07246336;2,772208;0,08833555;-0,1772799;2,730433;-0,167308;0,01340685;2,867903;-0,1598341;-0,4988779;2,900075;-0,1810002;-0,8634769;2,880266;-0,1957005;-0,9180325;2,841668;-0,006798692;0,01453423;2,853117;0,01587364;-0,5020649;2,903395;0,04369504;-0,8469728;2,904497;0,06051127;-0,9030735;2,84613; 
-0,1082888;0,727831;2,950609;-0,08688913;0,0913157;2,878685;-0,08149251;0,1537564;2,942405;-0,08498532;0,5406376;2,971806;-0,26893;0,4035144;2,961916;-0,2905313;0,13977;2,918938;-0,3021733;-0,07995185;2,810196;-0,2960426;-0,1932422;2,768488;0,08335901;0,4128035;2,928648;0,1213979;0,1403668;2,888824;0,1139063;-0,07360265;2,772351;0,08805145;-0,1774322;2,73039;-0,1673328;0,01343495;2,867913;-0,1597028;-0,4982829;2,899792;-0,1818266;-0,8633385;2,881194;-0,1957901;-0,9180919;2,841885;-0,006835992;0,01452808;2,853151;0,01542205;-0,5019492;2,903534;0,0442633;-0,8465756;2,904197;0,06030706;-0,9029586;2,846465; 
-0,10705;0,7274334;2,951783;-0,08682436;0,09131276;2,878736;-0,08138671;0,1537371;2,942466;-0,08495057;0,5404978;2,971874;-0,2684448;0,40311;2,962375;-0,2905708;0,1395522;2,918871;-0,300144;-0,079932;2,810432;-0,2954814;-0,193043;2,76843;0,08373632;0,4125154;2,928865;0,1204359;0,1371747;2,887105;0,1144876;-0,07588852;2,77116;0,0883201;-0,1771691;2,73077;-0,1672237;0,01347726;2,867825;-0,159828;-0,4980198;2,899791;-0,1819289;-0,8630601;2,881123;-0,1964642;-0,9176073;2,842261;-0,006738005;0,01448275;2,853368;0,01538677;-0,5019103;2,903516;0,04425265;-0,8462183;2,903771;0,06057515;-0,9023428;2,847389; 
-0,1058092;0,7269811;2,954046;-0,08675922;0,09100235;2,878908;-0,08130584;0,1533601;2,94268;-0,08481983;0,5398417;2,972212;-0,2683363;0,4030652;2,962432;-0,2906048;0,1394757;2,919098;-0,2985533;-0,0814677;2,810835;-0,2928872;-0,194596;2,769383;0,08339501;0,4123224;2,92895;0,1228846;0,1433548;2,890378;0,1142325;-0,07547496;2,771725;0,08834849;-0,1771662;2,730793;-0,1670971;0,01320513;2,867941;-0,1597789;-0,4988592;2,900003;-0,1822774;-0,8630292;2,880719;-0,197639;-0,9190803;2,837342;-0,006761235;0,01441541;2,853476;0,01531018;-0,502419;2,904019;0,04449724;-0,8485776;2,903786;0,06668408;-0,9041117;2,841053; 
-0,1050219;0,726694;2,953944;-0,08673806;0,09110795;2,879033;-0,08134747;0,1534095;2,942799;-0,0850773;0,5395711;2,972332;-0,2677399;0,4034204;2,962779;-0,2904669;0,1384624;2,919298;-0,2965614;-0,08157555;2,812016;-0,2912245;-0,1946905;2,769919;0,08360339;0,4125458;2,929561;0,1227343;0,1435301;2,890551;0,1138819;-0,07579149;2,771899;0,08830653;-0,1770742;2,730866;-0,1670108;0,01338014;2,868029;-0,1599541;-0,4983417;2,899635;-0,1827443;-0,8624539;2,879938;-0,1841519;-0,9234703;2,848927;-0,006746438;0,01456581;2,853651;0,01533778;-0,5023826;2,903855;0,04530885;-0,8481449;2,903579;0,06328997;-0,9049737;2,842328; 
-0,1048291;0,7266522;2,954408;-0,08668783;0,09111004;2,879126;-0,08131151;0,1534028;2,942946;-0,08491692;0,5396999;2,972687;-0,2674855;0,4036196;2,962952;-0,2905453;0,1383392;2,919276;-0,2954198;-0,08162066;2,81354;-0,2898462;-0,194197;2,770453;0,08406074;0,4120992;2,929818;0,122444;0,1439466;2,890568;0,1137185;-0,07547924;2,772272;0,08839971;-0,1774343;2,730855;-0,1669975;0,01338249;2,868014;-0,1599585;-0,498438;2,899779;-0,1825532;-0,8625197;2,880133;-0,1936028;-0,9215192;2,844995;-0,006667475;0,01455829;2,853919;0,0151913;-0,502551;2,903822;0,04348574;-0,8486714;2,902409;0,06332308;-0,9049627;2,842464; 
-0,103962;0,7253904;2,954097;-0,08674976;0,09148976;2,879381;-0,08135861;0,1535957;2,943183;-0,08467554;0,539314;2,973009;-0,2671257;0,4043528;2,963463;-0,2903951;0,1381378;2,919489;-0,294744;-0,08217712;2,814535;-0,2873678;-0,1861443;2,774211;0,08471574;0,4118003;2,930323;0,1227897;0,1446551;2,891443;0,1138351;-0,07305321;2,776112;0,08837997;-0,1776239;2,73092;-0,167219;0,01398827;2,868212;-0,1599877;-0,4983904;2,899749;-0,1827144;-0,8626212;2,879866;-0,1863614;-0,921926;2,84604;-0,006705854;0,01464465;2,854011;0,01480618;-0,502189;2,903906;0,04557493;-0,8478395;2,903911;0,06208986;-0,9036316;2,845157; 
-0,1034111;0,7252595;2,954388;-0,08639443;0,09168345;2,879495;-0,08118332;0,1536799;2,943308;-0,08468597;0,5390142;2,973139;-0,266316;0,404508;2,963476;-0,2900575;0,1375855;2,920245;-0,2937889;-0,08167217;2,815312;-0,2868443;-0,186253;2,773572;0,08547367;0,4119048;2,930843;0,1226895;0,1447669;2,891476;0,1138953;-0,07410701;2,775738;0,0883107;-0,177706;2,731296;-0,1667125;0,01426623;2,868147;-0,15976;-0,497073;2,899638;-0,1831655;-0,8603643;2,879855;-0,1869249;-0,9203833;2,847436;-0,006289523;0,01485188;2,854201;0,01466047;-0,5021271;2,903904;0,0454984;-0,8477473;2,903835;0,06227065;-0,9035791;2,845215; 
-0,1028697;0,7255222;2,953825;-0,08625916;0,09162661;2,879597;-0,08105867;0,1535767;2,94347;-0,0845772;0,5389009;2,97365;-0,2662122;0,4044501;2,963451;-0,2896842;0,1353488;2,920174;-0,2929305;-0,08232193;2,816139;-0,2865713;-0,1844495;2,774264;0,08553116;0,4116926;2,930938;0,1228939;0,145846;2,892093;0,1140012;-0,07393765;2,775687;0,08842657;-0,17762;2,731436;-0,1665798;0,01418927;2,8681;-0,1600111;-0,4971786;2,899628;-0,1829756;-0,8606824;2,880149;-0,1982874;-0,9217591;2,840576;-0,006132633;0,01487001;2,854394;0,01469267;-0,5022125;2,90408;0,04256196;-0,8468951;2,904575;0,06262022;-0,9037663;2,845123; 
-0,1024843;0,7244915;2,953364;-0,0862167;0,09160295;2,879678;-0,08100796;0,1535298;2,943559;-0,08463258;0,5386282;2,973719;-0,2662424;0,4045265;2,963529;-0,288791;0,1347347;2,920509;-0,2922319;-0,08190375;2,816772;-0,2832;-0,1829465;2,775318;0,08550833;0,4113523;2,930811;0,1236652;0,1466146;2,893599;0,1145133;-0,07443408;2,775413;0,08896096;-0,1776058;2,731573;-0,1665488;0,0141096;2,868155;-0,1601861;-0,4972487;2,899555;-0,1832273;-0,8613389;2,880592;-0,1982782;-0,9217223;2,840544;-0,006064244;0,014883;2,854478;0,01547444;-0,5013393;2,903914;0,04271685;-0,8469957;2,90474;0,0626116;-0,903766;2,845136; 
-0,1024857;0,7245359;2,953419;-0,08600543;0,09155836;2,879752;-0,08089322;0,1534554;2,943647;-0,08475178;0,5383267;2,973861;-0,2657346;0,4044433;2,963356;-0,2881057;0,1334358;2,920291;-0,2913867;-0,08272797;2,817616;-0,2715665;-0,1956787;2,777951;0,08557797;0,4112878;2,930911;0,123235;0,1471104;2,893772;0,1152594;-0,0753898;2,775891;0,09192095;-0,1786208;2,732124;-0,1662039;0,01407257;2,868063;-0,1602252;-0,4970376;2,899446;-0,1833566;-0,8606356;2,880539;-0,194995;-0,9173614;2,844431;-0,005772037;0,01495274;2,854699;0,0153687;-0,5012974;2,90397;0,04263975;-0,8468289;2,904881;0,0625545;-0,903286;2,846108; 
-0,1019796;0,7260308;2,953844;-0,08532135;0,09092831;2,879931;-0,08023906;0,1530837;2,943755;-0,08471238;0,538332;2,97374;-0,2656802;0,4045145;2,963486;-0,2874972;0,1333145;2,920899;-0,2908143;-0,0827329;2,817979;-0,276105;-0,1880643;2,776428;0,08373579;0,4113406;2,930194;0,123669;0,1404636;2,893762;0,1222308;-0,07803392;2,775029;0,1016528;-0,1796412;2,734995;-0,1648331;0,01324367;2,868185;-0,1603445;-0,497284;2,899639;-0,1830282;-0,8611183;2,880326;-0,1952097;-0,9173695;2,843399;-0,005445148;0,01491801;2,855093;0,01529966;-0,5012803;2,904131;0,04254144;-0,8461871;2,905297;0,06212813;-0,900094;2,851388; 
-0,1101564;0,7283092;2,951048;-0,08559252;0,1214141;2,892971;-0,08434506;0,1764384;2,952289;-0,09353206;0,5407268;2,968744;-0,2681152;0,4058731;2,961389;-0,2884783;0,1345904;2,919154;-0,2937539;-0,08196656;2,817018;-0,2857062;-0,1944943;2,772105;0,08403736;0,4851849;2,955734;0,3207425;0,5799217;2,949706;0,5533212;0,6799932;2,944601;0,6348462;0,7174123;2,947531;-0,1629686;0,02983249;2,877069;-0,1606938;-0,4965829;2,90006;-0,1830857;-0,8611966;2,880291;-0,2009001;-0,9218298;2,831808;-0,00259946;0,05130024;2,875697;0,01548025;-0,500451;2,904478;0,04382299;-0,8454292;2,904414;0,06252504;-0,901652;2,84911; 
-0,1135696;0,730966;2,951332;-0,08544864;0,1222207;2,893283;-0,08459506;0,178831;2,952995;-0,09639383;0,5425925;2,96668;-0,2696332;0,4061639;2,960271;-0,2888562;0,1359671;2,916726;-0,2952219;-0,0815217;2,816754;-0,2885773;-0,1942631;2,77228;0,08395847;0,4852252;2,955644;0,3234806;0,5808208;2,949014;0,5560537;0,6811609;2,945727;0,6367633;0,7200162;2,950719;-0,1624727;0,03141279;2,878152;-0,1604522;-0,4970846;2,90061;-0,1829325;-0,861591;2,880924;-0,2008241;-0,9226197;2,832439;-0,002468402;0,05165371;2,875825;0,01578267;-0,4983003;2,905102;0,04513017;-0,8457152;2,904929;0,06269923;-0,9015388;2,849113; 
-0,1144996;0,7323454;2,951168;-0,08544546;0,122537;2,893339;-0,08505511;0,1800391;2,953291;-0,09799036;0,5443076;2,966053;-0,2708071;0,4065402;2,958155;-0,289126;0,1367433;2,915895;-0,2972932;-0,08103595;2,81617;-0,2893511;-0,1939994;2,772609;0,08419954;0,4850622;2,955514;0,329879;0,5835128;2,948838;0,5587292;0,6813015;2,943671;0,6385879;0,7214667;2,950872;-0,1624908;0,03212696;2,878531;-0,1605224;-0,497081;2,90063;-0,1824824;-0,863251;2,880253;-0,2008126;-0,9233342;2,832522;-0,002425641;0,05167196;2,875773;0,01585954;-0,4971069;2,904986;0,04742902;-0,845067;2,90545;0,06140209;-0,9008795;2,850122; 
-0,1161341;0,7322177;2,950604;-0,08539259;0,1226057;2,893361;-0,08532494;0,1804936;2,953409;-0,09886911;0,5449327;2,965272;-0,272;0,4060451;2,956173;-0,2893583;0,1367407;2,915199;-0,2981754;-0,08222788;2,815154;-0,2903837;-0,1952173;2,771817;0,08403251;0,4850728;2,955485;0,329715;0,5835396;2,948864;0,5592951;0,6805751;2,942355;0,6380939;0,7225196;2,950429;-0,1623102;0,03241246;2,879058;-0,1605582;-0,4971107;2,90075;-0,1820856;-0,8636448;2,880399;-0,2013646;-0,9237441;2,831989;-0,002311635;0,05166535;2,87567;0,01577586;-0,4968355;2,904936;0,04808515;-0,8447052;2,905191;0,06140116;-0,9008969;2,850159; 
-0,11675;0,7320477;2,950241;-0,08535407;0,1226315;2,893359;-0,08526412;0,1807344;2,953496;-0,09892523;0,5451699;2,965281;-0,2721907;0,4063205;2,955709;-0,2896883;0,137685;2,914161;-0,2989885;-0,08306324;2,815185;-0,2922108;-0,1960847;2,772043;0,08378651;0,4851571;2,955075;0,3318481;0,5844595;2,949039;0,5658817;0,6835653;2,945377;0,6442516;0,7266352;2,950234;-0,1621715;0,03263832;2,879265;-0,1607254;-0,4972325;2,900833;-0,1818271;-0,8642191;2,881149;-0,2016912;-0,9244085;2,831637;-0,002287853;0,05165221;2,875546;0,01588279;-0,4967577;2,904934;0,0491178;-0,8443229;2,90413;0,06139218;-0,9010304;2,850046; 
-0,1177967;0,7307392;2,949524;-0,08541691;0,1228311;2,893385;-0,08551776;0,1812253;2,953607;-0,1002114;0,545306;2,965031;-0,272646;0,4065555;2,9555;-0,2900591;0,1367269;2,912332;-0,2994008;-0,08321877;2,815278;-0,2927067;-0,1958533;2,771386;0,08377954;0,4851734;2,955058;0,3287085;0,5828286;2,948027;0,5661131;0,6836316;2,9454;0,6443573;0,726872;2,949386;-0,1622241;0,03298809;2,879367;-0,160705;-0,497422;2,900809;-0,1819068;-0,864127;2,881016;-0,2015227;-0,9243572;2,831832;-0,002280243;0,05166726;2,875514;0,01569883;-0,4959476;2,90479;0,04966203;-0,8447679;2,903152;0,06164206;-0,9015111;2,84861; 
-0,1184125;0,7325072;2,949816;-0,08532027;0,1229701;2,8934;-0,08552635;0,1816519;2,953678;-0,1000607;0,5457696;2,964766;-0,2728345;0,4067293;2,954062;-0,2903515;0,1362852;2,911542;-0,2997626;-0,08406335;2,814937;-0,2931149;-0,1966188;2,770781;0,08392075;0,4852233;2,954615;0,3286815;0,5828395;2,94797;0,5453446;0,6750901;2,941577;0,624552;0,7162016;2,948395;-0,162161;0,03340389;2,879555;-0,1609236;-0,4976596;2,90099;-0,181771;-0,8640922;2,881158;-0,2017048;-0,9244016;2,831579;-0,002186325;0,05163186;2,875458;0,01549917;-0,4958789;2,904794;0,04960445;-0,8447718;2,903161;0,06409063;-0,9022888;2,843815; 
-0,1188839;0,7316818;2,949683;-0,08526804;0,1230494;2,893393;-0,0855598;0,181875;2,953682;-0,1003042;0,5458512;2,964411;-0,2733453;0,4066001;2,953501;-0,2906206;0,1363946;2,910474;-0,3001364;-0,08469869;2,814765;-0,2931786;-0,1971053;2,770533;0,08385889;0,4852957;2,954464;0,3306098;0,5834177;2,947114;0,5590936;0,6824721;2,947228;0,6593999;0,738661;2,972493;-0,1620915;0,03348975;2,87964;-0,1610221;-0,4976263;2,901036;-0,1823151;-0,8656898;2,879653;-0,2012873;-0,9246402;2,831605;-0,002091647;0,05163855;2,875383;0,0159543;-0,4950197;2,904641;0,04916317;-0,844861;2,903826;0,06436255;-0,9023324;2,843967; 
-0,1190776;0,7317494;2,949765;-0,08526125;0,1232131;2,893405;-0,08569548;0,1821946;2,953734;-0,1010376;0,5459839;2,964272;-0,2735487;0,4064388;2,953078;-0,2903712;0,137108;2,910194;-0,3005702;-0,08587831;2,813756;-0,2936161;-0,1981262;2,76906;0,08386113;0,4852884;2,954444;0,3306207;0,5833951;2,947096;0,5457264;0,6757152;2,942131;0,624099;0,7188112;2,940869;-0,162018;0,03382147;2,87966;-0,1608067;-0,4941611;2,900983;-0,1819985;-0,8651183;2,879998;-0,1999871;-0,9246683;2,832802;-0,002064606;0,05164683;2,875368;0,01582818;-0,4949604;2,904541;0,05036332;-0,844436;2,904455;0,06391717;-0,9023293;2,844629; 
-0,119744;0,7310589;2,949509;-0,08508868;0,1229972;2,893283;-0,08557042;0,1822064;2,953681;-0,1006834;0,5467036;2,964124;-0,2736254;0,4063994;2,953013;-0,2904514;0,1372072;2,909957;-0,3002652;-0,08687101;2,812944;-0,293532;-0,1992297;2,768603;0,08364408;0,4852844;2,954223;0,3310414;0,5838137;2,947018;0,5572131;0,6799552;2,94204;0,6346083;0,7247186;2,940616;-0,1619167;0,03364623;2,879602;-0,1611386;-0,4958719;2,901194;-0,1819146;-0,8652321;2,880259;-0,1983675;-0,9249698;2,834189;-0,001876324;0,05138395;2,875154;0,01600383;-0,4951015;2,904657;0,0497861;-0,844177;2,904572;0,06385083;-0,902272;2,844594; 
-0,1199384;0,7309389;2,949279;-0,08502142;0,1233785;2,893174;-0,08554433;0,1826754;2,953558;-0,1009591;0,5466808;2,963633;-0,2738158;0,4065219;2,952872;-0,2904794;0,1377117;2,909641;-0,3003465;-0,08674665;2,811949;-0,2935253;-0,1992991;2,768227;0,08354408;0,485439;2,953967;0,3311488;0,5840095;2,946988;0,5567424;0,6802355;2,941873;0,6343703;0,7245342;2,940449;-0,1617538;0,03413299;2,879525;-0,1613477;-0,4964718;2,901103;-0,1809856;-0,867195;2,880611;-0,1994167;-0,9258358;2,833204;-0,001824168;0,05154575;2,875063;0,01601611;-0,4950876;2,90466;0,04883513;-0,8470693;2,904296;0,06399893;-0,9026891;2,844208; 
-0,1206296;0,7292351;2,949293;-0,08499573;0,1233364;2,893117;-0,0855894;0,1826989;2,953525;-0,1014466;0,546489;2,963303;-0,2739805;0,4064446;2,952578;-0,290574;0,1376496;2,909414;-0,3004195;-0,08667957;2,811906;-0,2935015;-0,1991187;2,767956;0,08362507;0,4854088;2,953908;0,3308969;0,5840729;2,946845;0,5472781;0,6741976;2,938092;0,6256334;0,7171842;2,937181;-0,1616791;0,03395641;2,879369;-0,1614681;-0,4963415;2,901114;-0,1807467;-0,867327;2,880572;-0,2002385;-0,9261625;2,833385;-0,001718127;0,05145307;2,875012;0,01593856;-0,4948758;2,904443;0,04938062;-0,846603;2,903811;0,06396548;-0,9021071;2,844387; 
-0,1213078;0,7292703;2,949181;-0,08498767;0,1233255;2,893102;-0,08554783;0,182686;2,953516;-0,1014427;0,546454;2,963456;-0,273991;0,4064869;2,952515;-0,2906013;0,1376815;2,90936;-0,3004558;-0,08661867;2,811721;-0,2936384;-0,1985291;2,766928;0,08341397;0,4855231;2,953656;0,3309975;0,5840857;2,946801;0,5822572;0,699504;2,95144;0,662899;0,7314056;2,930399;-0,1616719;0,03395885;2,87937;-0,1617185;-0,4967424;2,901144;-0,1807795;-0,8673542;2,880206;-0,1999466;-0,9264458;2,83255;-0,001701586;0,05143094;2,874918;0,01584666;-0,4952525;2,904403;0,04864959;-0,8469328;2,90375;0,06392559;-0,9020644;2,844378; 
-0,1214527;0,7294623;2,949406;-0,08497405;0,1233791;2,893068;-0,08552396;0,1827911;2,953475;-0,1014926;0,5464472;2,963328;-0,2740823;0,4065171;2,952532;-0,2909861;0,1369137;2,907869;-0,30041;-0,08677412;2,810621;-0,2929095;-0,1983746;2,765574;0,08351584;0,4854393;2,953489;0,3315128;0,5847492;2,946499;0,5760455;0,6941913;2,94691;0,654983;0,7341788;2,936262;-0,1616717;0,03399786;2,879408;-0,1617703;-0,4968186;2,901053;-0,1813276;-0,868808;2,879377;-0,2002303;-0,9266729;2,832677;-0,00163581;0,05145079;2,874733;0,01590007;-0,4951856;2,9043;0,04873296;-0,8469065;2,90367;0,06394054;-0,90226;2,844484; 
-0,1218486;0,7290442;2,949434;-0,08498831;0,1235191;2,893045;-0,08562001;0,1829312;2,953466;-0,102344;0,5460765;2,963295;-0,2744331;0,4063705;2,952341;-0,2912383;0,1358582;2,907006;-0,3005196;-0,08670793;2,810384;-0,2925726;-0,1984297;2,765447;0,08350559;0,485463;2,953461;0,3317205;0,5849224;2,946582;0,544605;0,6786434;2,938826;0,6207484;0,7177521;2,941143;-0,1616758;0,03415665;2,879446;-0,1613677;-0,4960769;2,901247;-0,181141;-0,8668978;2,88182;-0,2007696;-0,9245576;2,835575;-0,00153904;0,05149558;2,87459;0,01584423;-0,4951529;2,904306;0,04951166;-0,8464981;2,903637;0,06406205;-0,9023603;2,844807; 
-0,1220194;0,728422;2,94906;-0,08494028;0,1238454;2,892948;-0,08568015;0,1833171;2,953349;-0,1027192;0,546091;2,96276;-0,2749032;0,4060733;2,952017;-0,2913359;0,135744;2,906839;-0,3005039;-0,08673341;2,810283;-0,2926586;-0,1983667;2,76487;0,08353978;0,485495;2,953402;0,3462281;0,5984473;2,944722;0,562669;0,6835218;2,939454;0,618307;0,7173868;2,942865;-0,1616678;0,03438529;2,879436;-0,1612375;-0,4961147;2,901216;-0,1811489;-0,8665462;2,881377;-0,2006939;-0,9245042;2,835701;-0,001353395;0,05160786;2,874449;0,0160338;-0,4945456;2,904251;0,04939124;-0,8462191;2,904399;0,06426849;-0,9012929;2,845727; 
-0,1222595;0,7284297;2,948292;-0,0849235;0,1240106;2,892801;-0,08592518;0,1835527;2,953186;-0,1027645;0,5462127;2,96237;-0,2753223;0,406019;2,950121;-0,2913952;0,1364072;2,906854;-0,3011538;-0,08613301;2,809804;-0,2922444;-0,1977631;2,76482;0,08355381;0,4853526;2,953127;0,3441576;0,5967481;2,944551;0,5603279;0,6826617;2,938516;0,6654361;0,7417514;2,943508;-0,1616957;0,03473281;2,879323;-0,1615568;-0,4945455;2,900558;-0,1812583;-0,866415;2,881253;-0,2002493;-0,9242882;2,835807;-0,001288142;0,05159607;2,874288;0,0161172;-0,494167;2,903821;0,04822885;-0,8465577;2,903991;0,06436244;-0,9015182;2,844661; 
-0,1224229;0,7286762;2,947724;-0,08490582;0,1240428;2,892732;-0,08600971;0,1837214;2,953088;-0,1034069;0,5456081;2,961061;-0,2754784;0,4058703;2,949695;-0,2914712;0,1369768;2,907009;-0,3010301;-0,08686875;2,809466;-0,2923561;-0,1985558;2,764986;0,08338691;0,4854502;2,953011;0,3422408;0,5954115;2,945071;0,5715151;0,6942474;2,942146;0,6443353;0,7449804;2,949896;-0,1616071;0,03483769;2,879346;-0,1616703;-0,4942649;2,900352;-0,1810593;-0,8658809;2,880557;-0,1991028;-0,9225651;2,837564;-0,001241679;0,05155259;2,874175;0,01594801;-0,4943399;2,903542;0,0485973;-0,8463441;2,904003;0,06346679;-0,9019834;2,846261; 
-0,1222968;0,7278448;2,945992;-0,08487318;0,1241409;2,892606;-0,08609824;0,1840267;2,95289;-0,1039945;0,5456072;2,959527;-0,2756524;0,4057832;2,949385;-0,2914232;0,1372229;2,906517;-0,3010183;-0,08707907;2,809664;-0,2924533;-0,199299;2,766242;0,08336861;0,4855098;2,95295;0,3412825;0,595147;2,944468;0,574321;0,6947038;2,94465;0,6622764;0,7483944;2,941752;-0,1615922;0,03485709;2,879334;-0,1616544;-0,4942722;2,900285;-0,1811412;-0,8660331;2,880786;-0,1939385;-0,9243896;2,839971;-0,001100021;0,05160784;2,874036;0,01613918;-0,4943556;2,903276;0,04875869;-0,8469493;2,90494;0,06348793;-0,9020092;2,846301