0,2595495;0,7692282;2,463726;0,2297616;0,1437361;2,412034;0,2325448;0,2057241;2,475649;0,2554851;0,5862326;2,496618;0,07954863;0,5394402;2,491866;-0,05129577;0,7286879;2,410845;-0,137752;0,9202954;2,324912;-0,1642836;0,9920905;2,301237;0,3982003;0,4433967;2,479266;0,4419505;0,1696271;2,428155;0,4584239;-0,06009699;2,339538;0,4439165;-0,1584927;2,296441;0,1530143;0,07643766;2,391359;0,1289426;-0,470973;2,426732;0,145026;-0,8224947;2,384753;0,1321946;-0,8800356;2,308198;0,2980992;0,06438093;2,400039;0,3432486;-0,4707465;2,379272;0,3484999;-0,8211843;2,363557;0,3661756;-0,8794646;2,282306; 
0,2592558;0,7705756;2,463892;0,2297174;0,1438593;2,412018;0,232568;0,2058779;2,475633;0,2555096;0,5865709;2,496678;0,07892289;0,5412819;2,492434;-0,05083026;0,7290996;2,410683;-0,137049;0,9206281;2,324486;-0,1634345;0,9923192;2,300598;0,3978013;0,4433559;2,479061;0,4414085;0,1715387;2,42811;0,4585577;-0,05986355;2,339635;0,4439615;-0,1579967;2,296236;0,1529626;0,07658847;2,391418;0,1289968;-0,4714869;2,426697;0,1450012;-0,8222212;2,384604;0,1321035;-0,8800138;2,307966;0,2980175;0,06452144;2,399925;0,3432922;-0,4703074;2,379309;0,3485203;-0,8210981;2,363374;0,3658934;-0,879308;2,281796; 
0,2588845;0,7700578;2,463788;0,2297093;0,1435068;2,411918;0,2326199;0,2056116;2,475533;0,2555178;0,5865102;2,496605;0,07915844;0,5410421;2,49236;-0,05027144;0,7289113;2,410789;-0,1366614;0,9202164;2,324395;-0,1626987;0,9917076;2,299809;0,396709;0,4432603;2,478683;0,4413242;0,1700097;2,427627;0,458582;-0,06006617;2,339396;0,443835;-0,1580996;2,296098;0,1530834;0,07642056;2,391518;0,129187;-0,4709964;2,426535;0,1449979;-0,8221714;2,384622;0,1320944;-0,8800306;2,307603;0,2979037;0,0644554;2,399759;0,3433097;-0,4703087;2,379254;0,3484851;-0,8209553;2,363312;0,3659;-0,8792219;2,281631; 
0,2588281;0,7699974;2,46377;0,2297038;0,1435244;2,4119;0,2325445;0,205654;2,475498;0,2554252;0,5865597;2,496473;0,07929921;0,5410063;2,492322;-0,05000899;0,7293604;2,410684;-0,1366434;0,9203674;2,323954;-0,1626087;0,9918361;2,299503;0,3965069;0,4439064;2,479215;0,4414617;0,1696357;2,427676;0,4578097;-0,06038655;2,339101;0,443785;-0,1583614;2,295717;0,1531619;0,07653239;2,391563;0,1291302;-0,4712101;2,426562;0,1453506;-0,8222586;2,385402;0,1319849;-0,879918;2,308403;0,2978159;0,06460265;2,399716;0,3433321;-0,4703186;2,379225;0,3486824;-0,8203983;2,362867;0,3659016;-0,87901;2,280391; 
0,258364;0,77052;2,463499;0,2297945;0,143525;2,411848;0,2325561;0,2056783;2,475442;0,2554458;0,5866622;2,496441;0,07935394;0,5409981;2,492218;-0,04953215;0,7294251;2,410749;-0,1361751;0,9202487;2,323666;-0,1620607;0,9915029;2,298814;0,3953793;0,4467908;2,480105;0,4414739;0,1703181;2,427831;0,4578669;-0,06073735;2,338937;0,4436776;-0,1585871;2,29564;0,1534356;0,07665689;2,391522;0,129182;-0,4711012;2,426566;0,1452389;-0,8221266;2,385265;0,1321983;-0,8796651;2,309361;0,2978981;0,06475654;2,399679;0,3433315;-0,4702251;2,379203;0,348651;-0,8203394;2,362855;0,3658452;-0,8789343;2,280075; 
0,2583598;0,7705166;2,463504;0,229863;0,1434386;2,411864;0,2325834;0,2055951;2,475464;0,2556182;0,5866914;2,496689;0,07951332;0,5409644;2,492222;-0,04932147;0,7293984;2,41069;-0,1361077;0,9201673;2,323765;-0,1619806;0,9913211;2,298926;0,3955403;0,4465339;2,480318;0,4413575;0,1711159;2,427944;0,4579702;-0,06209007;2,338388;0,4435734;-0,1597531;2,295068;0,153543;0,07662016;2,391527;0,1292684;-0,4710935;2,426513;0,1453268;-0,8220505;2,385243;0,132648;-0,8793066;2,30991;0,2979092;0,06470371;2,399678;0,3433303;-0,47023;2,379212;0,3486581;-0,8207788;2,363457;0,3656358;-0,8796487;2,281317; 
0,2579154;0,7702945;2,463338;0,2296433;0,1434943;2,411795;0,232508;0,205642;2,475399;0,2555341;0,5867319;2,496665;0,07938768;0,5412019;2,492444;-0,04891154;0,7293901;2,410699;-0,136155;0,9198903;2,323776;-0,1619941;0,9909372;2,298918;0,3954476;0,4461797;2,47973;0,4412146;0,1717988;2,428234;0,4572553;-0,06282686;2,33798;0,4437723;-0,1604634;2,294644;0,1532416;0,07672811;2,391603;0,1291054;-0,4711739;2,426485;0,1451595;-0,8215863;2,385275;0,1324397;-0,8791414;2,309719;0,2976104;0,0647279;2,399402;0,3433243;-0,470091;2,379061;0,3486213;-0,8206726;2,36324;0,3657968;-0,8796007;2,281714; 
0,2580554;0,7702961;2,463443;0,229642;0,1434679;2,411772;0,2325699;0,2056428;2,475371;0,2555291;0,5868576;2,496605;0,07936698;0,541255;2,492392;-0,04877259;0,7293456;2,4107;-0,1358592;0,9198558;2,323788;-0,1619075;0,9907317;2,298993;0,3949502;0,445681;2,47918;0,4409747;0,1723393;2,42829;0,4572877;-0,0626244;2,337846;0,4428993;-0,1599059;2,294352;0,1532539;0,0767131;2,391616;0,1292155;-0,471212;2,426552;0,1451459;-0,8216408;2,385198;0,1324323;-0,8791077;2,310261;0,2975991;0,06472152;2,399362;0,3432759;-0,4700431;2,378923;0,3484797;-0,8204914;2,362979;0,3656017;-0,8789267;2,281694; 
0,2580667;0,7699382;2,4635;0,2296125;0,1434138;2,411746;0,2325418;0,2055904;2,47534;0,2554743;0,5867884;2,496603;0,07958911;0,5410376;2,492361;-0,04869515;0,7292712;2,410665;-0,1354936;0,9200136;2,324171;-0,161837;0,9906227;2,299248;0,3949372;0,4460186;2,479252;0,4407524;0,1717013;2,4283;0,4573404;-0,06289795;2,337693;0,4430936;-0,160309;2,294783;0,1532562;0,07671109;2,391609;0,1293364;-0,4709382;2,426822;0,1450475;-0,8212425;2,385324;0,1325228;-0,8791811;2,310365;0,2975423;0,06472778;2,399321;0,3433089;-0,4693829;2,378614;0,3484153;-0,8204437;2,362936;0,3658572;-0,878683;2,281617; 
0,2579318;0,7700325;2,4636;0,2291169;0,143556;2,411664;0,2322792;0,2057088;2,475264;0,2554103;0,586846;2,496578;0,07946304;0,5414656;2,492595;-0,04837995;0,729241;2,410949;-0,1354836;0,9196607;2,324172;-0,1617377;0,9903021;2,299555;0,3948549;0,4448211;2,478355;0,4408411;0,1727158;2,428693;0,4573343;-0,06288925;2,337686;0,443158;-0,1601757;2,294795;0,1525287;0,07696161;2,391576;0,1292679;-0,4709539;2,42681;0,1450985;-0,8212749;2,385257;0,1322275;-0,8796143;2,310237;0,2970119;0,06473295;2,399153;0,3433084;-0,4693808;2,378594;0,3482639;-0,8198681;2,361819;0,3665755;-0,8789345;2,280206; 
0,2578642;0,7704957;2,463645;0,2287678;0,1436524;2,411811;0,2319873;0,2058571;2,475418;0,2553599;0,5875109;2,496978;0,07946178;0,5414776;2,492734;-0,0485792;0,7295867;2,411603;-0,1358057;0,9197564;2,324535;-0,1616192;0,990312;2,299554;0,3947651;0,4448274;2,478489;0,4407376;0,1745441;2,42984;0,4571393;-0,0640474;2,337223;0,4431678;-0,1611941;2,294311;0,1521692;0,07717627;2,39184;0,1290112;-0,4710112;2,426719;0,1451398;-0,8212926;2,385176;0,1321878;-0,8796653;2,310225;0,2964483;0,06490364;2,39925;0,3432742;-0,4691672;2,378523;0,3481949;-0,8197319;2,361782;0,3666778;-0,878553;2,281182; 
0,2583072;0,7708659;2,464809;0,2288574;0,1439784;2,412193;0,2320125;0,2061357;2,475856;0,2557187;0,5877759;2,497903;0,07945432;0,5416268;2,492938;-0,04825831;0,7294848;2,412659;-0,1355888;0,9194723;2,325479;-0,1613847;0,9898139;2,300208;0,3947433;0,4459391;2,4794;0,4406052;0,176531;2,430494;0,4569069;-0,06408302;2,33724;0,4430718;-0,1611516;2,29446;0,1524251;0,0775674;2,392232;0,1289898;-0,470964;2,426715;0,1450939;-0,8212822;2,385142;0,1321081;-0,8798567;2,309911;0,2963604;0,06538965;2,399618;0,3431549;-0,4689949;2,378421;0,3477125;-0,8201162;2,361784;0,3674146;-0,8785368;2,279907; 
0,2582744;0,7707004;2,465299;0,2287761;0,1439797;2,412498;0,2320627;0,2061091;2,476182;0,2555437;0,5877223;2,49836;0,07902953;0,5420092;2,494295;-0,04826323;0,7295789;2,413475;-0,1357154;0,9194081;2,326258;-0,16143;0,989513;2,300511;0,394729;0,4451896;2,479585;0,4407761;0,17528;2,430802;0,4566206;-0,0639301;2,3375;0,4433949;-0,1611788;2,295218;0,1523232;0,07755143;2,392519;0,1289385;-0,4708259;2,426667;0,1451131;-0,8211728;2,385106;0,1339519;-0,8786173;2,311765;0,2963305;0,06530782;2,399837;0,3431787;-0,4690331;2,378414;0,3477768;-0,8199154;2,361704;0,3672107;-0,8782248;2,279377; 
0,2587284;0,7702299;2,465834;0,2287278;0,1443575;2,412933;0,2324056;0,2064057;2,476575;0,2558166;0,5877614;2,498654;0,07861011;0,5466076;2,497533;-0,04829364;0,7294994;2,413915;-0,1361751;0,9193527;2,327569;-0,1616545;0,9893906;2,301644;0,394727;0,4451011;2,47977;0,4408586;0,175489;2,430997;0,4566821;-0,06375312;2,337454;0,4433974;-0,1609297;2,29529;0,1522132;0,07781509;2,392937;0,1287472;-0,4714351;2,426725;0,1450946;-0,8211763;2,385086;0,1338758;-0,878588;2,311744;0,2962457;0,06550115;2,400111;0,3429614;-0,4685942;2,378399;0,3479261;-0,8193238;2,361176;0,3667706;-0,8773704;2,278409; 
0,2585722;0,7702821;2,466131;0,2287103;0,1444148;2,413182;0,2325307;0,2064432;2,476832;0,2560102;0,5877677;2,49901;0,07877363;0,5469238;2,498332;-0,04826653;0,7295129;2,414276;-0,1363691;0,919154;2,327929;-0,1619432;0,9893726;2,302815;0,3947066;0,4450575;2,47976;0,440845;0,1757534;2,430996;0,4566955;-0,06376045;2,337447;0,443412;-0,1608912;2,295422;0,152227;0,07794467;2,393513;0,1287626;-0,4714364;2,426739;0,1451664;-0,8213033;2,38521;0,1333347;-0,8792484;2,311232;0,2961922;0,06552883;2,400169;0,342923;-0,4685278;2,378324;0,3479836;-0,8192239;2,361184;0,3665541;-0,8773666;2,278282; 
0,2585088;0,770307;2,466305;0,2287389;0,1443333;2,413408;0,232567;0,2063706;2,477055;0,2564624;0,5877183;2,499308;0,07905968;0,5462783;2,498592;-0,04844903;0,7295912;2,414708;-0,1363409;0,9194095;2,328838;-0,1619525;0,9894049;2,303361;0,3947575;0,4449668;2,480377;0,4408703;0,1757538;2,431017;0,4567252;-0,06364223;2,337682;0,4430741;-0,1605814;2,295573;0,1522741;0,07786582;2,393823;0,1287049;-0,4713907;2,426784;0,1450737;-0,8213719;2,385109;0,1322007;-0,8793167;2,308789;0,2961363;0,06552849;2,400349;0,3429289;-0,4685147;2,378314;0,3479723;-0,8192269;2,361125;0,3663526;-0,8768973;2,27838; 
0,2585046;0,770875;2,466251;0,2289023;0,1448271;2,413835;0,2327963;0,206821;2,477462;0,2569114;0,5879266;2,499637;0,07893488;0,5464349;2,498912;-0,04868634;0,7296999;2,414912;-0,1364724;0,9193611;2,328783;-0,1618053;0,9893827;2,303308;0,3949428;0,4449539;2,480579;0,4406813;0,1771084;2,431429;0,4567887;-0,06257807;2,337964;0,4432106;-0,1594901;2,296;0,1523942;0,07825264;2,394313;0,1286849;-0,4711052;2,426802;0,1450136;-0,8214529;2,385129;0,1323504;-0,8791419;2,310023;0,2961911;0,06579486;2,400545;0,342821;-0,4674165;2,378423;0,3481123;-0,8174878;2,360505;0,3659538;-0,8758004;2,279133; 
0,2589269;0,7703402;2,467016;0,2288555;0,1447207;2,413951;0,2328149;0,2067059;2,477587;0,2569722;0,5878271;2,499875;0,07922273;0,5459956;2,499047;-0,04868982;0,7296836;2,415239;-0,1368044;0,9190077;2,328891;-0,1619325;0,9889733;2,30324;0,3947741;0,4449223;2,480472;0,4406383;0,1772337;2,431548;0,4567796;-0,06247673;2,338123;0,4431919;-0,1594142;2,296422;0,152391;0,07818934;2,394591;0,1288456;-0,4710756;2,426955;0,1450051;-0,8214568;2,385109;0,1320059;-0,879254;2,310552;0,2961159;0,06580564;2,400566;0,3427484;-0,4677506;2,378553;0,3481924;-0,817335;2,360484;0,3657395;-0,8756438;2,279285; 
0,2591771;0,7705663;2,467075;0,2288958;0,1447193;2,414087;0,2329254;0,2067008;2,477721;0,2570416;0,587797;2,500001;0,07883197;0,5462526;2,499712;-0,04880356;0,7296069;2,415317;-0,1369535;0,9189216;2,329269;-0,1620383;0,9891236;2,304488;0,3946196;0,4449457;2,480701;0,4404794;0,1777698;2,431995;0,4558897;-0,06638436;2,336689;0,4427569;-0,1632122;2,294871;0,152409;0,07819252;2,394684;0,1287632;-0,4710977;2,426967;0,144792;-0,821327;2,38504;0,1309272;-0,8788308;2,309186;0,2961661;0,0657788;2,400721;0,3427753;-0,4675131;2,378588;0,3480551;-0,8173785;2,360572;0,3663282;-0,8754221;2,280464; 
0,2588496;0,771257;2,467013;0,2289463;0,1447153;2,414174;0,2330006;0,2067188;2,477788;0,2569962;0,5878696;2,500032;0,07881153;0,5463393;2,500009;-0,04884661;0,7296618;2,41533;-0,1371179;0,9188415;2,329355;-0,1624135;0,988985;2,304873;0,39446;0,4450451;2,480747;0,4408429;0,1785291;2,432246;0,4560428;-0,06596056;2,336869;0,4431074;-0,1628196;2,295332;0,1525391;0,07817032;2,394897;0,1287631;-0,4724307;2,427091;0,1448075;-0,8212605;2,385063;0,1311411;-0,8785974;2,309966;0,2962175;0,06583407;2,400785;0,3427225;-0,467314;2,378622;0,3479962;-0,8171802;2,360466;0,3663817;-0,875488;2,280474; 
0,2587456;0,7714534;2,467363;0,2289598;0,1446716;2,414343;0,2330505;0,2067077;2,477947;0,2570464;0,5879654;2,500175;0,07881622;0,5462425;2,500225;-0,04890938;0,7295288;2,415513;-0,1370749;0,9186615;2,329561;-0,1624625;0,9889972;2,306002;0,3945843;0,4445557;2,480708;0,4407932;0,1785932;2,432294;0,4555868;-0,06599598;2,336841;0,442784;-0,1627533;2,295305;0,1525573;0,07807995;2,395214;0,1289743;-0,4718628;2,427198;0,1449405;-0,8211771;2,385052;0,1309751;-0,8791347;2,30886;0,2962158;0,06578459;2,400856;0,3426988;-0,4687468;2,379206;0,3479328;-0,8176786;2,360694;0,36662;-0,8763932;2,280774; 
0,2590221;0,7713413;2,468071;0,2288577;0,1447799;2,414633;0,232984;0,206776;2,47822;0,2568926;0,5878332;2,500408;0,07864321;0,546571;2,50072;-0,0489998;0,7295611;2,4157;-0,137279;0,9184677;2,329508;-0,1629514;0,9887535;2,306387;0,3942692;0,444245;2,480815;0,4406832;0,1744408;2,431221;0,4552284;-0,06717104;2,336637;0,4427951;-0,1637577;2,294877;0,1525308;0,07820044;2,395374;0,1289378;-0,4718544;2,427255;0,14494;-0,8211766;2,385036;0,1309391;-0,8792843;2,308722;0,2960203;0,06586261;2,401277;0,3427096;-0,469084;2,379492;0,3479584;-0,8178635;2,36042;0,3666715;-0,8766776;2,280302; 
0,2590031;0,7713774;2,468092;0,2289419;0,1449538;2,414807;0,2329907;0,206953;2,478387;0,2569831;0,5879264;2,50052;0,07876077;0,5464547;2,500673;-0,04915242;0,7295141;2,415708;-0,1374893;0,9184203;2,329787;-0,1631239;0,9886504;2,306706;0,3946759;0,4445341;2,48138;0,4408063;0,1742171;2,431271;0,4559161;-0,06587309;2,337313;0,4433844;-0,1626162;2,296204;0,1526411;0,07838359;2,395588;0,1290792;-0,4715537;2,427313;0,1447477;-0,8210704;2,385098;0,1318197;-0,8789641;2,309757;0,2960699;0,06603825;2,401405;0,3426308;-0,4684975;2,3795;0,3479901;-0,817911;2,360306;0,3663715;-0,8764935;2,279985; 
0,2590965;0,7708529;2,46834;0,2289129;0,1449229;2,414889;0,2329503;0,2069037;2,478466;0,2566956;0,5877273;2,500609;0,07874049;0,5463966;2,500781;-0,04916159;0,7294559;2,415846;-0,1380706;0,9182044;2,330395;-0,1636955;0,9885308;2,307817;0,3948486;0,44427;2,481359;0,4410428;0,1724251;2,431453;0,4562924;-0,06497917;2,338041;0,4436405;-0,1615882;2,296874;0,1525741;0,07829686;2,395692;0,1290879;-0,4715765;2,427325;0,1447434;-0,8210891;2,385026;0,1318438;-0,8789287;2,30985;0,2960979;0,06598564;2,401466;0,3426548;-0,4684388;2,37958;0,3479351;-0,8179076;2,360245;0,3665424;-0,8764816;2,27957; 
0,2588831;0,7715033;2,468236;0,2290486;0,1452204;2,415144;0,2330648;0,2071489;2,478687;0,2567529;0,5877381;2,500689;0,07863805;0,5464357;2,501027;-0,0492473;0,7292987;2,416116;-0,1381234;0,9179252;2,330495;-0,163507;0,9883341;2,3081;0,3950156;0,4444405;2,481699;0,4410196;0,1736892;2,432068;0,4571853;-0,06376192;2,338883;0,4438473;-0,1601351;2,29758;0,1526918;0,07855351;2,395854;0,1291423;-0,4718631;2,427505;0,145146;-0,8234493;2,384775;0,1318486;-0,8790772;2,309669;0,2962191;0,06616533;2,40172;0,3426691;-0,4684227;2,379644;0,348103;-0,8185404;2,36044;0,3667131;-0,8766041;2,280419; 
0,2589488;0,7711666;2,468273;0,2291514;0,1451758;2,415366;0,2331246;0,2070675;2,478954;0,256934;0,5877105;2,501313;0,07854952;0,5464346;2,501159;-0,04931974;0,7291946;2,416537;-0,1381705;0,9176378;2,33058;-0,163499;0,988088;2,30843;0,3953266;0,4443501;2,482073;0,4411916;0,1732148;2,43205;0,4573644;-0,06366733;2,339142;0,4443318;-0,1602465;2,2984;0,1527808;0,07844125;2,396073;0,1292184;-0,4718669;2,427559;0,1450762;-0,8236116;2,384701;0,1315348;-0,8802103;2,310616;0,2963129;0,06607521;2,401831;0,3426812;-0,4684364;2,379729;0,3481239;-0,8185357;2,360356;0,3667292;-0,8773135;2,281319; 
0,2585596;0,7688232;2,46897;0,2293219;0,144369;2,415574;0,2333643;0,2063235;2,479152;0,257123;0,5871295;2,501424;0,07958504;0,5440208;2,501031;-0,04920334;0,7289748;2,416767;-0,1382169;0,917277;2,330766;-0,1634988;0,987674;2,308556;0,3958208;0,4435087;2,481919;0,4415331;0,1710533;2,431866;0,4571996;-0,06360726;2,339239;0,4446706;-0,1602738;2,298708;0,15292;0,07775379;2,396244;0,1292062;-0,4717157;2,427663;0,1450369;-0,8234619;2,384641;0,1318621;-0,8801193;2,309581;0,2964937;0,06538056;2,402078;0,3428538;-0,4680957;2,379818;0,3483836;-0,8181518;2,360632;0,3668893;-0,8772855;2,281655; 
0,2584329;0,76872;2,468973;0,2293471;0,1441575;2,415664;0,2334615;0,2062235;2,479205;0,2570686;0,587201;2,501397;0,07973085;0,5436729;2,501291;-0,0492757;0,7289007;2,416858;-0,138188;0,9171195;2,330641;-0,1633503;0,9874133;2,308117;0,3956024;0,443458;2,481714;0,4415227;0,1715074;2,432208;0,4580616;-0,06291975;2,340137;0,4449543;-0,1593478;2,299369;0,1530816;0,07749603;2,39661;0,1292454;-0,4717352;2,427712;0,1447344;-0,8222926;2,384747;0,1324845;-0,8798842;2,310531;0,2964917;0,06534102;2,402082;0,3429191;-0,4683663;2,38014;0,3483778;-0,8181396;2,360501;0,3672242;-0,8775655;2,281132; 
0,2590421;0,7698576;2,469035;0,2294825;0,1444165;2,415916;0,2335846;0,2064808;2,479474;0,2571369;0,5874926;2,50173;0,07916161;0,5449657;2,501546;-0,04932481;0,7289755;2,416825;-0,1381994;0,917144;2,330569;-0,1633155;0,9874195;2,308094;0,395547;0,4434813;2,48169;0,4415593;0,1714769;2,432236;0,4580665;-0,06296321;2,340092;0,4452837;-0,1594872;2,299608;0,1532387;0,07763246;2,396759;0,1295126;-0,4713907;2,427753;0,1447721;-0,8221861;2,38465;0,1320564;-0,8801885;2,31047;0,2965797;0,06555075;2,402314;0,3430505;-0,4688728;2,380586;0,3483926;-0,8185962;2,36058;0,3669517;-0,8774483;2,280588; 
0,2589039;0,7698697;2,468727;0,2295212;0,1443271;2,416026;0,2335961;0,2064005;2,479559;0,2572426;0,5872871;2,501669;0,07915954;0,5449022;2,501728;-0,04935923;0,7288134;2,416983;-0,1381962;0,9168615;2,330514;-0,1631601;0,9871559;2,308112;0,3957745;0,4435656;2,482146;0,4415415;0,1722518;2,432349;0,4582103;-0,06368625;2,340186;0,4450783;-0,1601219;2,299789;0,1532533;0,07751705;2,396881;0,1295207;-0,4713607;2,42777;0,1448331;-0,8220398;2,38448;0,1323808;-0,8800333;2,310704;0,2966387;0,06541162;2,402473;0,3431187;-0,4692731;2,380867;0,3484485;-0,8188287;2,360645;0,3670897;-0,8778294;2,281308; 
0,2588905;0,7701417;2,468771;0,2294828;0,1444467;2,416184;0,2335469;0,2065204;2,479702;0,2573206;0,58737;2,501747;0,07892194;0,5452387;2,501884;-0,04960502;0,7288134;2,417065;-0,1380343;0,9169906;2,330568;-0,1630054;0,9872402;2,308222;0,3955133;0,4443672;2,482636;0,4415861;0,1722457;2,432354;0,4582528;-0,06430311;2,340206;0,4454505;-0,1607761;2,299985;0,1531928;0,07763942;2,397148;0,1295467;-0,4717853;2,427944;0,1448889;-0,822028;2,38448;0,1326581;-0,8798263;2,310558;0,2965747;0,06554344;2,40257;0,3431248;-0,4690174;2,381024;0,3485085;-0,8188623;2,360563;0,3672548;-0,8776659;2,280562; 
0,259117;0,7702293;2,468503;0,2295193;0,1445111;2,416537;0,2336519;0,2065061;2,480131;0,25767;0,5873923;2,50275;0,07844578;0,5458972;2,502614;-0,04967494;0,7286026;2,417146;-0,1377829;0,9167899;2,330401;-0,1630805;0,9867514;2,307706;0,3954124;0,444512;2,482907;0,4417703;0,1710412;2,432103;0,4580891;-0,0643172;2,340415;0,4455785;-0,1607674;2,300235;0,1532001;0,07764518;2,39745;0,129782;-0,4717926;2,428052;0,1452412;-0,8231323;2,384104;0,1322766;-0,8811199;2,308788;0,2965803;0,06558327;2,402759;0,3431067;-0,4692165;2,381166;0,3484246;-0,8188691;2,360694;0,3667159;-0,8775744;2,280705; 
0,2591063;0,7702696;2,468538;0,2296831;0,1445856;2,41663;0,2335287;0,206586;2,480211;0,2577519;0,5873857;2,502763;0,07840586;0,5458271;2,502762;-0,04969082;0,7285942;2,41717;-0,1379861;0,916598;2,330295;-0,163153;0,9865978;2,307737;0,3967469;0,4459507;2,485119;0,4420069;0,1721721;2,432554;0,4585498;-0,06355155;2,341164;0,4457216;-0,159787;2,300739;0,1532477;0,07764488;2,397465;0,1297301;-0,4716412;2,428131;0,1453613;-0,8226058;2,383926;0,1324197;-0,8806548;2,308921;0,2968945;0,06563801;2,402934;0,3432109;-0,4690939;2,381179;0,3484868;-0,8188227;2,360746;0,3665152;-0,8766211;2,28119; 
0,2586845;0,7708206;2,468326;0,2296476;0,14492;2,416884;0,2334217;0,2069231;2,480411;0,2576718;0,5876065;2,502725;0,07830507;0,5461094;2,502787;-0,04974226;0,7286081;2,417165;-0,1380593;0,9166133;2,330451;-0,1631566;0,9865837;2,307881;0,3971358;0,4463882;2,485649;0,4421519;0,1734161;2,433121;0,4585442;-0,06353552;2,341157;0,4458258;-0,159864;2,301082;0,1531418;0,07790232;2,397763;0,1297909;-0,4716268;2,428239;0,1454231;-0,8225051;2,384203;0,1330865;-0,8799082;2,309781;0,296926;0,06577589;2,403098;0,3432156;-0,46901;2,381168;0,3485589;-0,8187915;2,360949;0,366182;-0,8763456;2,280457; 
0,2587171;0,7707517;2,468397;0,2294547;0,1450464;2,416888;0,2332104;0,2070542;2,480398;0,2573567;0,5876599;2,502553;0,07829394;0,5460947;2,502826;-0,04975649;0,7286026;2,417154;-0,1380993;0,9165349;2,330424;-0,1632287;0,9864943;2,30801;0,3974974;0,4459833;2,485706;0,441917;0,1741969;2,433111;0,4586416;-0,06348965;2,341263;0,4458124;-0,1597197;2,301144;0,1526508;0,07802452;2,397858;0,1299472;-0,4716335;2,428438;0,1454431;-0,8224723;2,384055;0,1328411;-0,880082;2,309088;0,2969111;0,06577878;2,403071;0,3431912;-0,4699301;2,3813;0,3486164;-0,8188568;2,360968;0,366124;-0,8765028;2,280447; 
0,2587242;0,7708606;2,468409;0,2294878;0,1450167;2,416935;0,2332313;0,2070397;2,480435;0,2574284;0,5876577;2,502539;0,07824924;0,5460033;2,502876;-0,0495775;0,7280443;2,417297;-0,1378147;0,9160112;2,330693;-0,1629267;0,9860412;2,308663;0,3976814;0,4457747;2,485851;0,4420308;0,1752959;2,433707;0,4583222;-0,06419505;2,341033;0,4457029;-0,1603462;2,300843;0,1526419;0,07798971;2,397851;0,1299189;-0,4718781;2,428484;0,1455534;-0,8223774;2,384156;0,1341435;-0,879437;2,310521;0,2970589;0,06560336;2,403297;0,3433067;-0,4696129;2,381368;0,3484672;-0,8189748;2,360855;0,3673774;-0,8772534;2,279783; 
0,2587512;0,7712826;2,468271;0,2295167;0,1450259;2,41697;0,2332608;0,2070592;2,480474;0,2574604;0,587781;2,50262;0,07825619;0,5459845;2,502892;-0,04969796;0,7281473;2,41725;-0,1379607;0,9160424;2,330662;-0,1630692;0,9860144;2,308615;0,3975817;0,4461858;2,485963;0,4416096;0,1765415;2,434163;0,4584244;-0,06393687;2,341141;0,4463306;-0,1601957;2,30122;0,1527049;0,07798792;2,397913;0,1299013;-0,4721168;2,428596;0,1456469;-0,8224795;2,383858;0,1336083;-0,8799276;2,308966;0,297083;0,06566521;2,403323;0,3432103;-0,4691885;2,381435;0,3485438;-0,8193498;2,360288;0,3671476;-0,8768934;2,279274; 
0,2589439;0,7713989;2,468393;0,2294753;0,1446432;2,417073;0,2333366;0,2067996;2,480562;0,257478;0,5877755;2,502632;0,07848117;0,5457396;2,50304;-0,04969679;0,7281364;2,41725;-0,1379898;0,9159524;2,330633;-0,1631207;0,9859129;2,308724;0,3973923;0,4456721;2,485501;0,4416803;0,1747729;2,433822;0,4582345;-0,06324651;2,34176;0,4464037;-0,1594488;2,301774;0,1527111;0,0777768;2,398;0,129767;-0,471805;2,428674;0,1456509;-0,8224574;2,383966;0,1335321;-0,88009;2,308958;0,2969667;0,06528942;2,403453;0,343296;-0,4692056;2,381555;0,3485181;-0,819508;2,36045;0,367399;-0,8774647;2,279389; 
0,2589519;0,771248;2,468483;0,2297172;0,1448183;2,417266;0,2335557;0,2069274;2,480766;0,2577723;0,5877606;2,502903;0,07844725;0,5456946;2,503034;-0,04971187;0,7281505;2,417238;-0,1381368;0,9158375;2,330591;-0,1631374;0,9858242;2,308771;0,397605;0,4457542;2,485668;0,4416196;0,1751191;2,434034;0,458218;-0,06304298;2,341924;0,4464611;-0,1592444;2,302068;0,1528772;0,07783845;2,397976;0,1297519;-0,4716691;2,428743;0,1456548;-0,8224073;2,38392;0,1333984;-0,879749;2,309761;0,2972416;0,06545585;2,403852;0,3433821;-0,4690059;2,381478;0,3485196;-0,8195331;2,36046;0,3671005;-0,8772105;2,279616; 
0,2592387;0,7713322;2,468226;0,2297017;0,1448071;2,417346;0,2335532;0,2068977;2,48087;0,2579885;0,5879153;2,503291;0,07826308;0,5457092;2,503048;-0,04976607;0,7281651;2,417231;-0,1381128;0,9158948;2,330734;-0,1634428;0,9857708;2,309059;0,397651;0,4456561;2,485631;0,4417938;0,1744948;2,433909;0,4582794;-0,06311233;2,341857;0,4462524;-0,1592061;2,301943;0,1528162;0,07778597;2,398025;0,1298387;-0,4718511;2,428989;0,1455741;-0,8225037;2,383832;0,1332344;-0,8797819;2,308956;0,2972306;0,06540433;2,403911;0,3432548;-0,4692107;2,381546;0,3484313;-0,819782;2,360488;0,3667647;-0,8771576;2,279813; 
0,2593606;0,7705501;2,468469;0,2297419;0,1444995;2,417453;0,233634;0,2066935;2,480982;0,2581263;0,5880201;2,503482;0,07885371;0,5449081;2,502849;-0,04975279;0,7280121;2,417166;-0,137988;0,9158314;2,330872;-0,163246;0,9857314;2,309314;0,3977538;0,4453375;2,485357;0,4418882;0,1727372;2,433623;0,4584281;-0,06320942;2,341855;0,4461979;-0,1592332;2,301956;0,1528252;0,07748263;2,398187;0,1297934;-0,4717217;2,429176;0,1457112;-0,8225388;2,383537;0,1332326;-0,8796779;2,308882;0,2972645;0,06526915;2,403939;0,3432601;-0,4693979;2,381609;0,348399;-0,8198373;2,360722;0,3671426;-0,8775078;2,279779; 
0,2593005;0,770725;2,468277;0,2298045;0,1448192;2,417579;0,2336396;0,2069175;2,481071;0,2581308;0,5880184;2,503475;0,07871049;0,5450452;2,502977;-0,05009274;0,7280404;2,416977;-0,1379304;0,9160568;2,330843;-0,1632092;0,985981;2,309526;0,3980319;0,4459333;2,485885;0,4421297;0,1754217;2,434317;0,4584973;-0,06321859;2,341786;0,4461683;-0,1591595;2,301853;0,1528368;0,07769058;2,398245;0,1297552;-0,4719631;2,429305;0,1457658;-0,8228705;2,383856;0,1331746;-0,879709;2,308863;0,297356;0,06547755;2,404059;0,3432323;-0,4693282;2,381653;0,3483099;-0,8201013;2,360784;0,3671188;-0,8773683;2,279348; 
0,2592622;0,7709277;2,468123;0,229854;0,1448412;2,417598;0,2336858;0,2069192;2,481112;0,2581955;0,5881407;2,503792;0,07871418;0,5450667;2,502996;-0,05008867;0,7280485;2,41699;-0,138042;0,9158512;2,33055;-0,1632721;0,9857765;2,309336;0,3980344;0,4459457;2,485897;0,4422238;0,1741022;2,434036;0,4590673;-0,06491166;2,341637;0,4459712;-0,1606407;2,301595;0,1529059;0,07771859;2,398272;0,1298576;-0,4719302;2,429321;0,1457656;-0,8233415;2,384005;0,1332308;-0,8801224;2,308807;0,2974103;0,06550601;2,40403;0,3432236;-0,4695879;2,381698;0,3483572;-0,820163;2,360778;0,365715;-0,8766677;2,280877; 
0,2596579;0,766843;2,469003;0,2296856;0,1445608;2,417618;0,2335944;0,2066283;2,481119;0,2581257;0,5876458;2,503624;0,07878811;0,5448296;2,503111;-0,05004223;0,7278415;2,417007;-0,1386479;0,9152914;2,330552;-0,16358;0,9852588;2,309255;0,3981579;0,4451082;2,485544;0,4424785;0,1732757;2,43396;0,4591712;-0,06480852;2,341798;0,445811;-0,1604661;2,301798;0,1526079;0,07742388;2,39833;0,1298654;-0,471973;2,42932;0,1461225;-0,8228763;2,384192;0,133929;-0,8793556;2,309766;0,2972864;0,06514251;2,404024;0,343419;-0,4690183;2,381838;0,3486555;-0,8191904;2,361096;0,3658213;-0,8766722;2,281045; 
0,259746;0,7657786;2,469115;0,2297532;0,1444745;2,417682;0,233675;0,2065191;2,481186;0,2581489;0,5874075;2,503668;0,0788478;0,5446337;2,503189;-0,05015021;0,7278475;2,416909;-0,1387815;0,9152302;2,330404;-0,1635775;0,9852058;2,309087;0,3981572;0,44493;2,485517;0,4426705;0,1725104;2,433686;0,4594247;-0,06446256;2,341928;0,4459037;-0,1600774;2,301989;0,1527275;0,07733927;2,398347;0,129752;-0,4721666;2,429408;0,146106;-0,8228784;2,38428;0,133859;-0,8792492;2,309276;0,2973337;0,06506011;2,404135;0,3434417;-0,4686273;2,381939;0,3485837;-0,8191946;2,360991;0,3657007;-0,8766282;2,280915; 
0,2594054;0,7667156;2,468149;0,2297493;0,1443802;2,41772;0,2337288;0,2064978;2,48121;0,2580876;0,587713;2,503676;0,07884539;0,544624;2,503132;-0,05021857;0,727868;2,416861;-0,1385026;0,9152727;2,330072;-0,1635315;0,985216;2,309039;0,3976811;0,4450243;2,485136;0,4426972;0,1722403;2,433628;0,4591608;-0,06451565;2,341905;0,4458512;-0,1600836;2,301895;0,1527863;0,07725658;2,398446;0,1297856;-0,4722207;2,429413;0,1461264;-0,8227815;2,384301;0,1340684;-0,8790725;2,308948;0,297314;0,06503835;2,404149;0,3434032;-0,4688534;2,382057;0,3485422;-0,81924;2,36105;0,3667591;-0,8769954;2,280158; 
0,2593186;0,7674413;2,468355;0,2297783;0,1441829;2,417725;0,2338056;0,2063473;2,481231;0,2583577;0,5877354;2,503793;0,07900278;0,5444406;2,503279;-0,05035829;0,7277462;2,416813;-0,138731;0,9148707;2,329486;-0,1640583;0,984454;2,307798;0,3976193;0,4450886;2,485185;0,4427888;0,1719182;2,433491;0,4576238;-0,06649534;2,341072;0,4455257;-0,1620123;2,300722;0,1528047;0,07720646;2,398446;0,1297951;-0,472151;2,429433;0,1463322;-0,8228639;2,384494;0,1342959;-0,8787555;2,308813;0,2972944;0,06490995;2,404152;0,3435647;-0,4687611;2,382098;0,3485385;-0,8190086;2,36077;0,3669926;-0,8771602;2,280146; 
0,2590838;0,7679877;2,467958;0,2297816;0,1441929;2,417747;0,2338328;0,2063647;2,481257;0,2583393;0,5878167;2,503816;0,07894136;0,5445053;2,503344;-0,05148296;0,7279205;2,415938;-0,1397963;0,9148098;2,328003;-0,1650711;0,9843099;2,306105;0,3973994;0,4452452;2,485113;0,442852;0,172105;2,433457;0,458544;-0,06436519;2,342466;0,4461847;-0,159801;2,302119;0,1528211;0,07722298;2,39847;0,1298541;-0,4723818;2,429627;0,1460208;-0,8227881;2,384642;0,1342395;-0,8788987;2,309096;0,2972939;0,06494328;2,404191;0,3435645;-0,468702;2,382121;0,3486321;-0,8189585;2,360538;0,3663628;-0,8771024;2,279655; 
0,2594252;0,7677029;2,467906;0,229766;0,1441956;2,417743;0,2338469;0,2063641;2,481253;0,2583315;0,5878123;2,503812;0,0789387;0,5447155;2,503566;-0,05182964;0,7272264;2,415582;-0,1404547;0,9137828;2,327258;-0,1659755;0,9830742;2,30514;0,3973958;0,4452702;2,485122;0,4433841;0,1731621;2,433826;0,4569234;-0,06767265;2,340899;0,4456896;-0,163237;2,300682;0,1527638;0,07724893;2,398436;0,1299541;-0,4723451;2,429594;0,1460772;-0,8227775;2,384652;0,1342964;-0,8788616;2,309053;0,297289;0,06493454;2,404198;0,3434991;-0,4688656;2,382196;0,3487305;-0,8189343;2,360254;0,3661619;-0,8768038;2,27973; 
0,2594714;0,7677982;2,467595;0,2296918;0,1445184;2,417765;0,2338406;0,2066346;2,48129;0,2585721;0,588035;2,503917;0,07869682;0,5449084;2,503739;-0,05347598;0,7263867;2,414315;-0,1415249;0,9129621;2,325421;-0,1670463;0,9825773;2,304458;0,3975682;0,4451135;2,485118;0,4435386;0,1725391;2,43362;0,4577507;-0,06554168;2,342221;0,4455402;-0,1608635;2,301821;0,1524276;0,07758056;2,398392;0,1298638;-0,4725036;2,429606;0,1460709;-0,8227459;2,384668;0,1343131;-0,8789108;2,309023;0,2972978;0,06500775;2,404181;0,3436192;-0,4687113;2,382229;0,3487978;-0,8188969;2,360213;0,3659632;-0,8766795;2,279616; 
0,2594454;0,7692984;2,467224;0,2296974;0,1446234;2,417803;0,2338472;0,2067426;2,481333;0,258821;0,5881884;2,503983;0,07844051;0,545122;2,503953;-0,05561336;0,7255234;2,411768;-0,1446173;0,9104573;2,320049;-0,1705289;0,9799511;2,299278;0,3971967;0,4462348;2,485693;0,4435108;0,1760838;2,43429;0,4579037;-0,06508497;2,342395;0,4457224;-0,1603487;2,301959;0,1524294;0,0776752;2,398486;0,1298955;-0,4731258;2,429606;0,1459923;-0,8225579;2,384773;0,1338785;-0,8793998;2,309618;0,2972551;0,06520651;2,404159;0,3435607;-0,4686947;2,382204;0,3488756;-0,8209831;2,361425;0,3662293;-0,8771539;2,279829; 
0,2594368;0,769335;2,467284;0,2297138;0,1446025;2,417781;0,2338633;0,2066991;2,481314;0,2586946;0,5879531;2,504016;0,07808945;0,5445866;2,503964;-0,05881465;0,7231936;2,408323;-0,1510902;0,9038603;2,310639;-0,1814123;0,9709412;2,288082;0,3973219;0,4457781;2,485648;0,4437401;0,1755106;2,434222;0,4580631;-0,06427602;2,342654;0,4457866;-0,1594976;2,302241;0,1524496;0,07752468;2,39849;0,1300148;-0,4731736;2,429701;0,1460153;-0,8225524;2,384771;0,1335438;-0,8796259;2,309669;0,2973647;0,06517734;2,403957;0,3435641;-0,4689252;2,382117;0,3490012;-0,8208197;2,36128;0,3662328;-0,8771978;2,27959; 
0,2594573;0,7694458;2,467277;0,2300064;0,1440609;2,417768;0,2342587;0,2061692;2,48136;0,2591868;0,5876451;2,504376;0,07897349;0,539768;2,503633;-0,06288734;0,7178444;2,403154;-0,1578892;0,8943918;2,299919;-0,1849007;0,9622201;2,275536;0,3979148;0,4450996;2,485688;0,443592;0,1763977;2,434588;0,4581252;-0,0642032;2,342649;0,4454347;-0,1591807;2,301865;0,1526695;0,07704546;2,398555;0,1300193;-0,4732172;2,429738;0,1459507;-0,8225061;2,384719;0,1332457;-0,8797477;2,308605;0,2976567;0,06474066;2,40378;0,343635;-0,4685898;2,381955;0,3492717;-0,8200624;2,36142;0,3666258;-0,8767231;2,28118; 
0,2592971;0,7694603;2,467497;0,2299798;0,1440861;2,417792;0,2342443;0,2061464;2,481395;0,2593467;0,5875323;2,50471;0,07805061;0,5395147;2,503742;-0,07237478;0,709156;2,39109;-0,1688996;0,8805608;2,279801;-0,2011001;0,9385326;2,24073;0,398275;0,4449731;2,485778;0,4434122;0,1772875;2,434725;0,458368;-0,06494007;2,342013;0,4453046;-0,1599466;2,30143;0,1523364;0,07687965;2,398742;0,1300991;-0,4732676;2,429757;0,1457893;-0,8224703;2,384584;0,1331593;-0,8797151;2,308141;0,297694;0,0647371;2,403663;0,3436117;-0,4687053;2,38186;0,3492845;-0,8197199;2,361284;0,3662571;-0,8764566;2,280152; 
0,2590152;0,7693856;2,467699;0,2301826;0,1435322;2,417675;0,2347462;0,2055538;2,481328;0,2596477;0,5870275;2,504862;0,07927183;0,5328149;2,504248;-0,07634458;0,6971461;2,383333;-0,1794741;0,8546741;2,256518;-0,2109768;0,9127123;2,216925;0,3986265;0,444519;2,485904;0,4437302;0,1763196;2,434745;0,4597746;-0,05833413;2,343717;0,4456322;-0,1534792;2,303727;0,1525905;0,07623836;2,398632;0,1302776;-0,4733801;2,429744;0,1459257;-0,8225526;2,384695;0,1330061;-0,880517;2,308923;0,2978077;0,0645661;2,403538;0,3436431;-0,4690523;2,38166;0,3492432;-0,8205125;2,361637;0,3662987;-0,8765635;2,28029; 
0,2590421;0,7695089;2,467907;0,2304492;0,1405685;2,417361;0,2354019;0,2031303;2,481281;0,2603578;0,5864491;2,505618;0,08038477;0,5271678;2,504386;-0,08401504;0,6747456;2,369105;-0,1843732;0,8302686;2,237089;-0,2100596;0,8639355;2,208832;0,3984625;0,4410716;2,484697;0,4453703;0,1734214;2,434243;0,4592699;-0,06157591;2,341619;0,4438827;-0,1566404;2,301681;0,1530091;0,07365997;2,399061;0,1304171;-0,4738264;2,429802;0,1457957;-0,8225637;2,385189;0,1336476;-0,8801522;2,310058;0,2977865;0,06248622;2,402378;0,34365;-0,4694765;2,381732;0,3492874;-0,8204683;2,361805;0,3665731;-0,8759278;2,281818; 
0,2586449;0,7701348;2,470327;0,2308127;0,1388992;2,417444;0,2363295;0,2012279;2,481608;0,2631455;0,5854489;2,508957;0,08089329;0,5222304;2,505725;-0,09092294;0,6607018;2,356127;-0,1972335;0,7982727;2,207993;-0,2347285;0,8450615;2,166353;0,3988608;0,4402072;2,484303;0,4465211;0,1710045;2,433846;0,4591229;-0,06287885;2,340792;0,4433153;-0,1579161;2,300739;0,1532009;0,07169667;2,399749;0,13106;-0,4731255;2,429893;0,1457722;-0,8222649;2,385192;0,1338484;-0,8788645;2,312028;0,2980038;0,06135891;2,401499;0,3435975;-0,4699918;2,381577;0,349475;-0,8197949;2,361276;0,3663891;-0,8757244;2,281513; 
0,2585554;0,7694739;2,470824;0,231329;0,1349948;2,417398;0,2373842;0,1981449;2,481777;0,2637573;0,5851216;2,509419;0,08317059;0,5139898;2,506382;-0,1063702;0,63477;2,330512;-0,2199778;0,7768688;2,164646;-0,2635283;0,8233725;2,121233;0,3989186;0,4397703;2,484275;0,4476255;0,1689956;2,43372;0,4594039;-0,0643249;2,339751;0,4424811;-0,159206;2,29986;0,1538295;0,06811956;2,40079;0,1312379;-0,4729265;2,430059;0,1455562;-0,8220823;2,385025;0,1330001;-0,8797708;2,311452;0,29823;0,05914846;2,400623;0,3436661;-0,4710641;2,381511;0,3495464;-0,8197079;2,361283;0,3663443;-0,8757833;2,281499; 
0,2583725;0,7689578;2,47141;0,2320623;0,130268;2,417213;0,238671;0,1939744;2,48202;0,2652453;0,5841041;2,511367;0,0853138;0,5063257;2,507437;-0,1122276;0,6156659;2,315279;-0,2415694;0,742166;2,118937;-0,2827039;0,7933627;2,078492;0,3997138;0,4383027;2,48426;0,4488137;0,166205;2,433385;0,4594052;-0,06417756;2,339588;0,4423102;-0,1590126;2,299547;0,154477;0,06388782;2,401471;0,1314602;-0,4733576;2,430319;0,145563;-0,8221291;2,385293;0,1326279;-0,8798637;2,310468;0,2988294;0,05513489;2,399074;0,3435054;-0,4722582;2,381758;0,3495885;-0,8196839;2,36113;0,3669164;-0,8761388;2,278899; 
0,258116;0,7683895;2,474603;0,2325562;0,1276168;2,417462;0,2392633;0,1914886;2,482362;0,2658273;0,5832914;2,511943;0,08701569;0,4977838;2,506042;-0,1114922;0,5788893;2,304187;-0,2377578;0,6723129;2,112376;-0,2850851;0,7251847;2,053594;0,4015117;0,4367821;2,484355;0,4490089;0,1656062;2,433418;0,4591661;-0,06529754;2,339077;0,4419521;-0,1602653;2,299042;0,1548823;0,06087324;2,402422;0,131625;-0,4734368;2,430575;0,1454525;-0,8220118;2,385245;0,1321119;-0,8805708;2,309757;0,2994443;0,05270279;2,398624;0,3437032;-0,4734886;2,381557;0,3493756;-0,8199915;2,361479;0,3667728;-0,8762239;2,278944; 
0,257806;0,7677726;2,475719;0,2330899;0,1249565;2,417323;0,240096;0,1889017;2,482304;0,2662445;0,5821182;2,512302;0,08979316;0,490328;2,506178;-0,1063286;0,5324348;2,297929;-0,2404784;0,6119819;2,086718;-0,2904069;0,6510714;2,028564;0,4019577;0,4354986;2,484194;0,4497407;0,1637702;2,433454;0,4595233;-0,06493131;2,339578;0,4415228;-0,1597747;2,299318;0,1557528;0,0584229;2,402928;0,1318847;-0,4733839;2,430749;0,1453592;-0,8222154;2,38503;0,1321693;-0,8803435;2,309336;0,2997128;0,0512946;2,398113;0,3438863;-0,4750995;2,38163;0,3492482;-0,8200606;2,361376;0,3668886;-0,8761384;2,278974; 
0,2578782;0,7674391;2,476104;0,2343795;0,1204002;2,417146;0,2413372;0,1852031;2,482242;0,2667125;0,581563;2,512516;0,09424956;0,4840063;2,505001;-0,09649778;0,4892477;2,304729;-0,2315022;0,5409334;2,085734;-0,2911486;0,570796;2,015421;0,4019405;0,434485;2,483948;0,4498618;0,1637587;2,433583;0,4593104;-0,06610329;2,339257;0,4412893;-0,1610099;2,298728;0,1581322;0,05497885;2,403367;0,1323487;-0,4744345;2,431125;0,1457867;-0,8227364;2,385466;0,1320992;-0,8804089;2,309325;0,3000495;0,04895599;2,397929;0,3439844;-0,4765343;2,382251;0,3493358;-0,8200505;2,361314;0,3667153;-0,8762699;2,279037; 
0,257667;0,766417;2,476829;0,2357731;0,116299;2,416581;0,2423432;0,1816752;2,48187;0,2663711;0,5807461;2,512787;0,09429963;0,4765411;2,503973;-0,08077122;0,4524059;2,313951;-0,2440348;0,4710365;2,051484;-0,274476;0,4859703;2,018799;0,4028258;0,4326026;2,483871;0,4501615;0,1628727;2,433993;0,459278;-0,06614479;2,339291;0,4414271;-0,1609955;2,299215;0,1599002;0,05041731;2,403172;0,1327049;-0,474684;2,431336;0,1459492;-0,8226851;2,385495;0,131914;-0,880426;2,309722;0,3022938;0,04445718;2,396775;0,3441415;-0,4767396;2,382423;0,3494905;-0,8200069;2,361188;0,3663917;-0,8759824;2,278218; 
0,2567372;0,763074;2,477729;0,2365651;0,1136241;2,416304;0,2426421;0,1789626;2,481571;0,2656357;0,5786238;2,512529;0,09637243;0,4713461;2,501876;-0,0727954;0,4259784;2,313902;-0,2360497;0,4017791;2,051937;-0,2630454;0,4014364;2,013643;0,4030516;0,4322768;2,484555;0,4504088;0,1621507;2,434422;0,4593323;-0,06639182;2,339695;0,4413091;-0,1608834;2,299734;0,161321;0,04821064;2,402773;0,132814;-0,474727;2,43144;0,1457075;-0,8221601;2,385671;0,1317965;-0,8807185;2,308621;0,3028831;0,04267146;2,396935;0,3441537;-0,4796358;2,383699;0,3497061;-0,8199282;2,361058;0,3665077;-0,8760359;2,278214; 
0,255623;0,7641227;2,476558;0,237442;0,1122648;2,415857;0,2428571;0,1777816;2,481098;0,2650367;0,5779094;2,511807;0,09657561;0,4676048;2,498911;-0,06841242;0,3903141;2,312435;-0,1827887;0,3348001;2,118577;-0,2492894;0,3294246;2,011582;0,4029607;0,4324448;2,484816;0,4512393;0,162441;2,435361;0,4604085;-0,06574026;2,343085;0,442132;-0,1596866;2,302143;0,1628412;0,04666299;2,402442;0,1330004;-0,4753962;2,431855;0,1456718;-0,8221613;2,385681;0,1318488;-0,8806357;2,308585;0,3037086;0,04186913;2,396706;0,3442361;-0,4795152;2,383958;0,3497046;-0,8199803;2,361353;0,366394;-0,8758702;2,277997; 
0,2532866;0,7644715;2,47395;0,2379943;0,1093335;2,415181;0,2429359;0,1751871;2,480433;0,2641811;0,5767847;2,511243;0,09684007;0,4642524;2,497082;-0,06498604;0,3590559;2,307444;-0,1762254;0,2962623;2,113977;-0,2342651;0,2511467;2,012796;0,4028673;0,4318552;2,484873;0,4519089;0,1624863;2,436496;0,4616285;-0,06525878;2,346531;0,4431083;-0,1587293;2,304792;0,1636486;0,04359998;2,402461;0,133392;-0,4761193;2,432338;0,1458109;-0,8220358;2,385682;0,1319739;-0,8805183;2,308242;0,3045712;0,03958201;2,395708;0,3447774;-0,4808426;2,384551;0,3499471;-0,8196023;2,361248;0,3660181;-0,8756194;2,278977; 
0,2508273;0,76469;2,472066;0,2386618;0,1080471;2,414811;0,2431698;0,1739732;2,480028;0,2627909;0,5754175;2,510377;0,09630289;0,462532;2,495997;-0,04835709;0,3414467;2,329412;-0,1457993;0,2346977;2,149249;-0,228146;0,1772349;2,012464;0,4026889;0,4318414;2,4851;0,4524445;0,1627271;2,437598;0,4621951;-0,06570298;2,348615;0,4432666;-0,1596681;2,308303;0,1647455;0,04189937;2,401934;0,1334416;-0,476916;2,432788;0,1457618;-0,8220078;2,385715;0,1320127;-0,8805486;2,307282;0,3054861;0,03863763;2,395587;0,3448479;-0,4818487;2,385223;0,3499429;-0,8196975;2,361243;0,3660192;-0,8756098;2,278963; 
0,2493442;0,7652203;2,470238;0,2388981;0,10805;2,414795;0,242754;0,1740102;2,480041;0,2598176;0,5748237;2,50987;0,09465688;0,4608218;2,49473;-0,04647353;0,304312;2,328061;-0,1393155;0,1851045;2,153807;-0,2081139;0,1105555;2,038121;0,4032416;0,4333565;2,487233;0,4521967;0,1627703;2,438356;0,4653974;-0,06550105;2,35365;0,4437221;-0,1590794;2,313941;0,1651665;0,04159324;2,401731;0,1339469;-0,4775149;2,433087;0,1456483;-0,8219973;2,385822;0,1324079;-0,8801609;2,307569;0,3065837;0,03861644;2,395744;0,3449562;-0,4806816;2,385679;0,3498804;-0,8197191;2,361164;0,365845;-0,8756381;2,278639; 
0,2476214;0,7631652;2,46771;0,2392757;0,1078896;2,414736;0,2422929;0,1739219;2,479962;0,2580625;0,5738277;2,508809;0,09247329;0,4575332;2,49097;-0,04508799;0,2764264;2,331166;-0,1390865;0,1185783;2,142394;-0,1838176;0,05172431;2,061166;0,4033332;0,4338835;2,487988;0,4523111;0,1627685;2,439772;0,4667521;-0,06358294;2,358269;0,4451972;-0,1571487;2,317713;0,1659311;0,04092309;2,401107;0,133836;-0,4787504;2,43391;0,1456102;-0,8219899;2,385808;0,1316194;-0,880977;2,308347;0,3076387;0,03830396;2,396237;0,3451411;-0,4809789;2,385982;0,3498861;-0,8197647;2,361053;0,3658294;-0,8756893;2,27861; 
0,2455658;0,7636491;2,464805;0,2394034;0,1076178;2,414658;0,2413548;0,173737;2,479797;0,2568256;0,5734174;2,507659;0,0904109;0,4523964;2,48445;-0,04220017;0,2552773;2,337361;-0,1374101;0,0566628;2,140588;-0,1644389;-0,0061576;2,087515;0,4031985;0,4340976;2,488363;0,4522344;0,1627828;2,440786;0,4672003;-0,06353678;2,359878;0,4459971;-0,1578753;2,320608;0,1661135;0,04027381;2,400631;0,1338924;-0,4791933;2,43416;0,1457578;-0,8215466;2,385736;0,1316412;-0,8809793;2,308864;0,3080698;0,03789973;2,396604;0,3452625;-0,4810023;2,386016;0,3500082;-0,8194407;2,360903;0,3656909;-0,875406;2,278778; 
0,2417073;0,764292;2,460938;0,2393661;0,1072549;2,414506;0,2407364;0,173469;2,479457;0,2540167;0,5727685;2,505207;0,08822405;0,4515783;2,481888;-0,03642211;0,2405426;2,346293;-0,1188068;0,0314032;2,163769;-0,1382287;-0,04080728;2,121744;0,4024182;0,4345108;2,488153;0,4519858;0,1640425;2,441769;0,4674674;-0,06369449;2,361174;0,4459991;-0,1580459;2,32174;0,1660692;0,039366;2,400349;0,1338838;-0,4792011;2,434183;0,1457637;-0,8215255;2,385716;0,1316705;-0,880975;2,308867;0,308212;0,03764433;2,396673;0,3453931;-0,48047;2,386215;0,3500529;-0,8193282;2,36056;0,3656467;-0,8752783;2,278244; 
0,2384439;0,7628685;2,45723;0,2394398;0,1068304;2,414229;0,2401037;0,1731796;2,478896;0,2514259;0,5717019;2,501956;0,08677797;0,4486504;2,478483;-0,02813935;0,2145291;2,360332;-0,09783821;0,003179673;2,201238;-0,1192218;-0,07041921;2,152626;0,4013696;0,4343905;2,488088;0,4516179;0,1662275;2,444525;0,4677209;-0,06448141;2,363097;0,4461435;-0,159418;2,324703;0,1663317;0,03842479;2,399779;0,1338196;-0,4792264;2,434206;0,1457833;-0,8215597;2,385802;0,1315435;-0,8811433;2,308794;0,3084087;0,03749824;2,396804;0,3454393;-0,480461;2,386309;0,3500522;-0,8192421;2,360449;0,3656635;-0,8752727;2,278248; 
0,2361829;0,7623077;2,453144;0,2394099;0,1064673;2,41397;0,2395479;0,172755;2,478391;0,2489527;0,5705453;2,500247;0,08544584;0,4478241;2,476691;-0,02335248;0,2064608;2,3685;-0,09166522;-0,02043848;2,215223;-0,1005477;-0,1095911;2,177732;0,4003097;0,4347022;2,487836;0,4504225;0,168589;2,445135;0,4677446;-0,06464625;2,36447;0,4461479;-0,15967;2,325772;0,1664016;0,03766817;2,399234;0,1338676;-0,4796026;2,434276;0,1458423;-0,822207;2,386183;0,1312273;-0,8816121;2,308556;0,3085665;0,03732069;2,396884;0,3454753;-0,4804096;2,386331;0,3500534;-0,8191659;2,360404;0,365626;-0,8752046;2,278226; 
0,2321278;0,762069;2,448122;0,2394154;0,1062062;2,413706;0,2391443;0,1725159;2,477891;0,2473669;0,5699611;2,498558;0,08353331;0,4451304;2,474399;-0,01702966;0,19721;2,379306;-0,0781583;-0,04131708;2,237632;-0,08921646;-0,1257142;2,197818;0,3988263;0,4353349;2,487286;0,4496112;0,1685791;2,445231;0,4673116;-0,0634307;2,366531;0,4479038;-0,159924;2,329688;0,1665576;0,03709987;2,398622;0,1339374;-0,4792632;2,434143;0,1459315;-0,8218437;2,386379;0,132075;-0,8810959;2,309178;0,3087079;0,03719092;2,397005;0,3455438;-0,4810805;2,386624;0,3501757;-0,8200325;2,360689;0,3656752;-0,8752955;2,277683; 
0,2287517;0,7595774;2,443712;0,2389349;0,1049056;2,413039;0,2382129;0,1712342;2,476859;0,2453785;0,5685245;2,496085;0,08330078;0,4450361;2,47379;-0,01154303;0,1885849;2,389413;-0,06852466;-0,05512572;2,258075;-0,0746616;-0,1392045;2,225272;0,3970872;0,4354519;2,486911;0,4484386;0,1723319;2,446589;0,466748;-0,06321911;2,367013;0,4477761;-0,1599295;2,32991;0,1663959;0,03591268;2,398119;0,1339047;-0,4792984;2,434192;0,1459439;-0,8217497;2,386337;0,1313423;-0,8814737;2,310741;0,308503;0,03659647;2,397;0,3455781;-0,4816424;2,38679;0,3505602;-0,8195847;2,360569;0,3659609;-0,8762473;2,283022; 
0,2238956;0,7611477;2,439665;0,2378834;0,1040825;2,412302;0,2372046;0,1705577;2,475939;0,2436598;0,5686697;2,494876;0,08175027;0,4453456;2,473547;-0,005970495;0,1837922;2,39834;-0,05523537;-0,06057286;2,278446;-0,06622018;-0,1471686;2,248676;0,3937757;0,4358422;2,48449;0,4481672;0,1721079;2,446318;0,4661152;-0,06304318;2,367064;0,4477389;-0,159981;2,329594;0,1655852;0,0351315;2,397858;0,1338072;-0,4793792;2,434021;0,1459062;-0,8212136;2,386533;0,1318328;-0,8809021;2,311146;0,307763;0,03596818;2,396429;0,3455233;-0,4813634;2,386913;0,3505028;-0,8194619;2,360641;0,3658;-0,8759249;2,28287; 
0,2205542;0,7605346;2,437687;0,2369487;0,1035579;2,41177;0,2360421;0,1700661;2,475213;0,2411786;0,5681117;2,49348;0,07967907;0,4447419;2,472597;-0,003956921;0,1746;2,406351;-0,04658596;-0,06824045;2,293947;-0,05596551;-0,1557182;2,262847;0,3916222;0,4367267;2,482977;0,4477764;0,1719874;2,446227;0,465732;-0,06303808;2,367144;0,4477971;-0,1603278;2,329758;0,1647302;0,03416312;2,397985;0,1338167;-0,4792805;2,433908;0,1460648;-0,8217408;2,386231;0,1322803;-0,8807626;2,306448;0,3070476;0,03571279;2,395621;0,3454363;-0,481859;2,386852;0,3506538;-0,8192317;2,360362;0,3658101;-0,875535;2,282705; 
0,216994;0,7551857;2,436709;0,23646;0,1035304;2,41143;0,2353361;0,1700961;2,474681;0,2388372;0,5674394;2,491845;0,07779028;0,4443342;2,472658;-0,001797319;0,1709073;2,41156;-0,03388332;-0,07322858;2,311947;-0,04824303;-0,1613836;2,273574;0,3911805;0,4367086;2,482564;0,447301;0,1718493;2,445825;0,4656114;-0,06315008;2,366921;0,4478318;-0,1606541;2,32938;0,1643819;0,03393923;2,397785;0,1335025;-0,4793487;2,433711;0,1461978;-0,8217199;2,385861;0,1323325;-0,8803256;2,305689;0,3068236;0,03562558;2,395447;0,3454342;-0,4818507;2,386855;0,3504924;-0,8192239;2,360203;0,3655695;-0,8757073;2,280873; 
0,2149065;0,7550938;2,434781;0,235469;0,1031649;2,410443;0,2343279;0,1697647;2,473481;0,2377008;0,5667751;2,489901;0,07565206;0,4439344;2,472317;0,0005240618;0,1684487;2,417128;-0,02784937;-0,07544854;2,321295;-0,03772959;-0,1673984;2,291412;0,3900982;0,4366813;2,481551;0,4467106;0,1715152;2,44538;0,4653457;-0,06278335;2,366745;0,4475937;-0,1605362;2,329234;0,1633517;0,0332729;2,397345;0,1329674;-0,4756344;2,432926;0,1461486;-0,8209033;2,38625;0,1357401;-0,8761457;2,315808;0,3060356;0,03510149;2,394197;0,3454105;-0,4818881;2,386775;0,3504949;-0,8192586;2,360195;0,3665143;-0,8764421;2,280015; 
0,2123768;0,7562006;2,432362;0,2342791;0,1032305;2,409711;0,2332117;0,1698264;2,472587;0,2361866;0,5661454;2,488206;0,07376729;0,4435206;2,472217;0,003066943;0,1658378;2,420346;-0,01921347;-0,07400891;2,334055;-0,02659758;-0,1712071;2,310971;0,3889304;0,4375576;2,480498;0,4448621;0,1713164;2,44411;0,4650244;-0,06246465;2,36638;0,4478108;-0,160525;2,328787;0,1621343;0,03284585;2,397076;0,1327877;-0,47632;2,432965;0,1463238;-0,8210373;2,386197;0,1354541;-0,8765255;2,314878;0,3050867;0,03523349;2,39333;0,3454095;-0,4818814;2,38677;0,3504231;-0,8192849;2,360181;0,36627;-0,8761522;2,280278; 
0,2114952;0,7550714;2,431047;0,2332633;0,1029942;2,409106;0,2319623;0,1697392;2,471768;0,2334178;0,5658339;2,485926;0,07122637;0,4430042;2,472193;0,004625135;0,1636619;2,424173;-0,01395088;-0,07342631;2,339675;-0,0224583;-0,1740131;2,315505;0,3884818;0,4372299;2,480189;0,4443622;0,1698068;2,44335;0,4648889;-0,06219258;2,366081;0,4457652;-0,1595101;2,32693;0,160935;0,03185994;2,396788;0,1324523;-0,4766771;2,432568;0,1465851;-0,822186;2,386735;0,1334438;-0,8790521;2,310359;0,304514;0,03499657;2,392761;0,3453792;-0,4813164;2,386721;0,3500506;-0,8187084;2,360652;0,3656042;-0,8751634;2,284015; 
0,2095655;0,7553481;2,429836;0,2319654;0,1033368;2,408195;0,230859;0,1699199;2,470855;0,2329303;0,5655702;2,485256;0,06977397;0,4432761;2,472354;0,005399012;0,1616792;2,427035;-0,002863162;-0,06945744;2,350434;-0,01487024;-0,1722081;2,324704;0,3877929;0,4377364;2,479931;0,4437207;0,1695056;2,44294;0,4646252;-0,06204487;2,365697;0,4445667;-0,1589705;2,326112;0,1595553;0,03175484;2,396284;0,1323804;-0,476794;2,432475;0,1465392;-0,8222182;2,386607;0,1334511;-0,8790876;2,310344;0,3032975;0,0353418;2,391487;0,3449787;-0,4814012;2,386529;0,3500073;-0,8185225;2,360724;0,3651269;-0,8748724;2,283984; 
0,208589;0,7543558;2,430027;0,231265;0,1032391;2,407613;0,2301826;0,1697982;2,470292;0,2323118;0,5655075;2,484963;0,06911535;0,4436783;2,472374;0,006510203;0,1613865;2,428911;-0,0004547903;-0,06868429;2,353401;-0,009057649;-0,1720092;2,328738;0,3869464;0,4381285;2,47962;0,4427643;0,1693884;2,442525;0,4645711;-0,06194133;2,365611;0,4444675;-0,1588435;2,326062;0,1589919;0,03157035;2,395918;0,1321767;-0,4768056;2,432255;0,1463978;-0,8217974;2,386327;0,1332985;-0,8792552;2,307978;0,3026259;0,03527184;2,390756;0,3444414;-0,4818639;2,386173;0,3499894;-0,8185204;2,360741;0,3654064;-0,8753633;2,284375; 
0,2077143;0,7540886;2,429655;0,2302973;0,103077;2,406735;0,2291847;0,1696726;2,46941;0,2314731;0,5656018;2,484243;0,06799625;0,4435102;2,471941;0,007339937;0,1612485;2,43102;0,002665495;-0,06941832;2,354465;-0,002020568;-0,1734652;2,33199;0,3861359;0,4381745;2,479326;0,4421679;0,1688723;2,442101;0,464398;-0,06192352;2,365232;0,4440791;-0,1586263;2,325376;0,157942;0,03125183;2,395204;0,1317646;-0,4770896;2,431988;0,1463096;-0,8217477;2,386377;0,133195;-0,8792961;2,307895;0,3018511;0,03506585;2,389828;0,3439229;-0,4816397;2,385883;0,3499389;-0,8184468;2,360283;0,3659487;-0,8754877;2,281748; 
0,2070777;0,7542862;2,429279;0,229007;0,1034708;2,405684;0,2279056;0,1700002;2,468398;0,2298062;0,5658404;2,483573;0,06674741;0,4437492;2,471589;0,007852369;0,1622869;2,432981;0,007116533;-0,07118212;2,356577;0,002705069;-0,1748515;2,332467;0,3849653;0,4383003;2,478359;0,4409239;0,1678474;2,441127;0,4631435;-0,06344971;2,362881;0,44313;-0,1605461;2,323896;0,1568138;0,03143175;2,394324;0,1314747;-0,4768409;2,431559;0,1460384;-0,8217198;2,386219;0,1335724;-0,8788244;2,312131;0,3006736;0,03545715;2,388617;0,3437279;-0,4815092;2,385718;0,3496562;-0,8186153;2,359603;0,3659286;-0,8757343;2,281842; 
0,2062739;0,7549313;2,428601;0,2285649;0,1043851;2,404786;0,2273052;0,1707849;2,467558;0,2288539;0,5663474;2,483038;0,06530043;0,4434472;2,471011;0,008701088;0,1634888;2,433928;0,01146097;-0,05371955;2,364507;0,009930992;-0,1568956;2,338196;0,3846908;0,4388632;2,478375;0,4398498;0,1675913;2,440437;0,4630728;-0,06394337;2,362551;0,4428159;-0,1607321;2,323035;0,1562735;0,03205561;2,393452;0,1291131;-0,4696734;2,429335;0,1455296;-0,8204797;2,386515;0,1342092;-0,8758147;2,316566;0,3005939;0,03608559;2,387692;0,3436782;-0,4812628;2,385403;0,3490955;-0,8181042;2,359389;0,3662827;-0,8758124;2,281874; 
0,2056045;0,7542447;2,428706;0,2280688;0,1043493;2,403938;0,2266463;0,170771;2,46669;0,2273887;0,5663863;2,482099;0,06458488;0,4432742;2,470569;0,009335457;0,1641347;2,434507;0,01328254;-0,05151451;2,364262;0,01579454;-0,1544527;2,337265;0,3842629;0,4384827;2,478052;0,4396415;0,1674744;2,440227;0,4625449;-0,06353594;2,361914;0,4422859;-0,1601936;2,322186;0,1557154;0,03192641;2,392406;0,1289117;-0,470803;2,429231;0,1454835;-0,8205521;2,3865;0,134579;-0,8759052;2,316138;0,3003572;0,03598862;2,387011;0,3430416;-0,4808929;2,385047;0,3490508;-0,8176482;2,359294;0,3660636;-0,8754339;2,281697; 
0,2055949;0,7542502;2,42867;0,2277466;0,1041228;2,402817;0,2261664;0,1706202;2,465679;0,2269723;0,5667585;2,481529;0,06421049;0,4433321;2,46948;0,009517841;0,1644771;2,434371;0,0157946;-0,05064213;2,364081;0,01984203;-0,1448327;2,336987;0,3835286;0,4379205;2,477636;0,4393566;0,167063;2,440206;0,4607559;-0,06487937;2,359118;0,4410442;-0,1624521;2,321065;0,1554175;0,03170637;2,390964;0,1287474;-0,4710629;2,429148;0,1457224;-0,8211506;2,386131;0,1341098;-0,8765267;2,313327;0,3001148;0,03588766;2,386169;0,3428269;-0,480955;2,384821;0,3491457;-0,8176134;2,359224;0,3669955;-0,8759787;2,281496; 
0,2053697;0,7537663;2,428797;0,2277286;0,1040879;2,402126;0,2258376;0,1705899;2,465059;0,2263907;0,56695;2,481169;0,06317566;0,442924;2,468123;0,009787179;0,1645522;2,434094;0,01612482;-0,05057196;2,363364;0,02470333;-0,1517793;2,331246;0,3831369;0,4378475;2,477678;0,4385548;0,1671584;2,439921;0,4602906;-0,065248;2,35898;0,4404916;-0,1626344;2,320614;0,1553407;0,03151555;2,389986;0,1282724;-0,4726553;2,429053;0,1456714;-0,8210414;2,386209;0,1339763;-0,8766284;2,313303;0,300334;0,03590127;2,385519;0,3424641;-0,4812834;2,384582;0,3488645;-0,8176844;2,358829;0,3666943;-0,8756955;2,281605; 
0,2053591;0,7544239;2,428822;0,2276987;0,1040782;2,401317;0,2254729;0,1707509;2,464226;0,2253294;0,5679417;2,480011;0,06252086;0,4429308;2,466689;0,009680743;0,1648691;2,433721;0,01650324;-0,05004279;2,361794;0,02337201;-0,1516289;2,330618;0,3827703;0,4380317;2,477565;0,4378443;0,1666882;2,439539;0,4600665;-0,06511479;2,358888;0,440419;-0,1625435;2,320672;0,1553575;0,03142576;2,389006;0,12745;-0,4750708;2,429337;0,1456604;-0,8210655;2,386231;0,1339844;-0,8766443;2,313348;0,3004627;0,03591891;2,384947;0,3422951;-0,4810041;2,384146;0,3487904;-0,8178262;2,358917;0,3668573;-0,8761622;2,282579; 
0,2055235;0,754801;2,428934;0,2273215;0,1037985;2,400039;0,2249235;0,1705597;2,462988;0,2243889;0,5682761;2,479053;0,06219901;0,4430397;2,465612;0,009635258;0,1651783;2,432318;0,01679278;-0,04942733;2,358872;0,02279881;-0,1513287;2,328702;0,3823524;0,4375517;2,476758;0,4368942;0,1662885;2,438994;0,4588476;-0,06542158;2,358467;0,440167;-0,1630614;2,320419;0,15495;0,03111085;2,387509;0,1271803;-0,4746085;2,429406;0,1456796;-0,8212125;2,386119;0,1323842;-0,8783165;2,312287;0,300319;0,03565642;2,383901;0,3419095;-0,4823173;2,383944;0,3491683;-0,8186302;2,359448;0,36702;-0,8766879;2,283573; 
0,2063077;0,7549694;2,429028;0,2273063;0,1036707;2,399293;0,2245782;0,1704726;2,462303;0,2240729;0,5685108;2,478693;0,06167128;0,4428073;2,464183;0,009046016;0,1639025;2,42894;0,0157891;-0,05031559;2,353633;0,02018302;-0,1525398;2,32444;0,3821395;0,4373212;2,476936;0,4365652;0,1650887;2,439154;0,458527;-0,06546522;2,358404;0,4401088;-0,1631262;2,320398;0,1549016;0,0308458;2,38604;0,1270351;-0,4750241;2,42944;0,1450564;-0,8216133;2,38585;0,1319041;-0,8791819;2,31165;0,300421;0,03556366;2,383557;0,3418717;-0,4816324;2,3835;0,349189;-0,8185833;2,359563;0,3673483;-0,8765243;2,283912; 
0,1654276;0,7233568;2,410096;0,181126;0,0938734;2,457035;0,1708975;0,1654424;2,509516;0,1599095;0,5508912;2,48059;0,001274105;0,4407774;2,472963;-0,05049821;0,1735989;2,436405;-0,01833847;-0,05354924;2,366333;0,001232499;-0,1568626;2,349563;0,3248135;0,4327339;2,51428;0,3699482;0,1617651;2,493241;0,3788126;-0,09107599;2,400313;0,3872446;-0,1711782;2,372609;0,1100663;0,0166445;2,44253;0,09087671;-0,4880547;2,474475;0,1393576;-0,8198017;2,388359;0,1308366;-0,8794392;2,310133;0,2589575;0,02523538;2,459392;0,3079103;-0,483606;2,441079;0,3457487;-0,8213462;2,381294;0,3650966;-0,8771856;2,290345; 
0,1638542;0,7277334;2,410113;0,1805984;0,09425451;2,45768;0,1705838;0,1659441;2,508626;0,1599151;0,5510234;2,480813;0,0008786469;0,4414557;2,474131;-0,05075334;0,172585;2,437193;-0,02198694;-0,05506639;2,370947;-0,005751101;-0,1596546;2,358315;0,3237138;0,4341395;2,516093;0,3693726;0,1619636;2,493877;0,379791;-0,08764981;2,404412;0,3869853;-0,1718152;2,374035;0,1094385;0,01707305;2,443233;0,0910814;-0,4882721;2,474634;0,1380538;-0,8206291;2,389238;0,1299856;-0,8792616;2,308366;0,258211;0,02581371;2,460224;0,3061845;-0,4786208;2,444057;0,3387079;-0,822378;2,412467;0,3532068;-0,8774843;2,342646; 
0,1629719;0,7282488;2,4107;0,1783257;0,09436201;2,460552;0,168863;0,1662606;2,509964;0,1589323;0,5509125;2,482676;-0,0004514358;0,4417119;2,476273;-0,05189207;0,1713447;2,438958;-0,03021887;-0,05737671;2,3772;-0,01688005;-0,1627693;2,366692;0,3232478;0,4327761;2,517318;0,3692328;0,1589364;2,496898;0,3822486;-0,08620481;2,411156;0,3864872;-0,1727924;2,380859;0,1066228;0,01764067;2,446868;0,09113361;-0,4888807;2,475167;0,1365139;-0,8207055;2,389119;0,1297382;-0,8792586;2,30813;0,2560036;0,02515151;2,462705;0,3028913;-0,4779625;2,449394;0,3374764;-0,8235466;2,422709;0,3509481;-0,8789904;2,348306; 
0,1604912;0,7307563;2,412996;0,1740991;0,09282704;2,465037;0,1657148;0,1655104;2,512551;0,1573743;0,5509202;2,484674;-0,00223235;0,4413024;2,479185;-0,05423203;0,1694269;2,443311;-0,03843076;-0,05910644;2,381983;-0,02743181;-0,1649088;2,371072;0,3199995;0,4268815;2,517081;0,3689345;0,1546652;2,501271;0,3823534;-0,08924869;2,419095;0,3860799;-0,1756324;2,38634;0,1020242;0,0170838;2,451928;0,09110226;-0,4900155;2,476474;0,1356608;-0,8212682;2,389915;0,126513;-0,8796971;2,303286;0,2511471;0,02266792;2,467539;0,3047888;-0,4804114;2,459485;0,3326672;-0,8304021;2,449455;0,3494163;-0,882387;2,361857; 
0,1592195;0,7349445;2,41629;0,172096;0,09248003;2,469843;0,1639635;0,1655605;2,515546;0,1555701;0,5510733;2,487554;-0,002753087;0,4406751;2,482016;-0,05691798;0,1671494;2,449323;-0,04484539;-0,06314445;2,384495;-0,0351245;-0,1693195;2,373973;0,3197592;0,4265524;2,519362;0,3696266;0,1507344;2,505133;0,3857107;-0,08470327;2,432602;0,3859779;-0,1756186;2,395428;0,09942422;0,01730018;2,458173;0,09114619;-0,4918124;2,477879;0,135341;-0,8215916;2,389952;0,125881;-0,8796886;2,302257;0,2497317;0,02193661;2,471622;0,2996586;-0,4801241;2,472767;0,327222;-0,8320827;2,473985;0,3440477;-0,8863157;2,396282; 
0,1586216;0,7337207;2,420232;0,1701401;0,09191728;2,476314;0,1627732;0,1652561;2,520576;0,1550697;0,551057;2,49353;-0,004021709;0,4396253;2,487276;-0,060564;0,1633199;2,455666;-0,04918263;-0,06748221;2,38734;-0,03865464;-0,1734118;2,375511;0,318618;0,4263932;2,52201;0,3693486;0,1479834;2,509193;0,3860425;-0,08192606;2,439768;0,3850396;-0,1778078;2,403956;0,09723628;0,01744074;2,464799;0,0909104;-0,4927447;2,479195;0,1338821;-0,8208641;2,390064;0,125636;-0,8796133;2,302902;0,2476234;0,02097224;2,477957;0,2996705;-0,4662552;2,483839;0,3158861;-0,8329012;2,506857;0,3340168;-0,8864043;2,439461; 
0,1592658;0,7348109;2,426875;0,1688023;0,09128158;2,483085;0,1617482;0,1648514;2,525866;0,1545587;0,5507571;2,499485;-0,004575898;0,4389707;2,493327;-0,06176122;0,162415;2,459731;-0,05400007;-0,07241575;2,391399;-0,04346593;-0,1783398;2,377775;0,3190747;0,4241872;2,527802;0,3699659;0,1454087;2,513344;0,3860753;-0,085495;2,445012;0,3862787;-0,1782907;2,408586;0,09555652;0,01685753;2,471765;0,09111276;-0,4956995;2,481989;0,1325717;-0,820869;2,390083;0,1253273;-0,878999;2,302741;0,2464305;0,01975423;2,484692;0,300227;-0,4640622;2,494498;0,3139644;-0,8350681;2,524276;0,3331708;-0,8882397;2,448763; 
0,1596991;0,7353244;2,431343;0,1685364;0,08876731;2,490247;0,161834;0,1629648;2,531079;0,155559;0,5497183;2,504133;-0,003869634;0,4369038;2,497767;-0,06325035;0,159133;2,464046;-0,0583734;-0,08098007;2,390743;-0,04500302;-0,1868072;2,377657;0,32015;0,4219736;2,532738;0,3713842;0,1424247;2,519769;0,3885061;-0,08669692;2,451853;0,3872247;-0,1774616;2,413358;0,09493009;0,01381821;2,479791;0,09210964;-0,4983418;2,485984;0,1322036;-0,8209845;2,389688;0,1243348;-0,8789034;2,300641;0,2460578;0,0174116;2,49186;0,298323;-0,4798073;2,515146;0,3124604;-0,8395356;2,552303;0,3305422;-0,8937279;2,479753; 
0,1641982;0,7299302;2,443726;0,1699631;0,08719593;2,498634;0,1633101;0,1614517;2,53812;0,156508;0,5480536;2,512294;-0,001972971;0,435211;2,503831;-0,06472088;0,1597331;2,469287;-0,05987668;-0,08307917;2,391386;-0,04648618;-0,1890543;2,378264;0,3216622;0,4203334;2,538745;0,3731899;0,1407177;2,527514;0,3901907;-0,08769426;2,459524;0,3891216;-0,179167;2,420224;0,09646355;0,01273199;2,487677;0,09307511;-0,5004367;2,489557;0,1308503;-0,819477;2,390486;0,1243674;-0,8786354;2,300756;0,2475974;0,015587;2,500723;0,3007413;-0,4647543;2,522678;0,3086221;-0,8363767;2,579498;0,3198172;-0,8993013;2,52667; 
0,2595018;0,726475;2,664508;0,2512298;0,07076739;2,69891;0,2494507;0,1445742;2,741009;0,2483864;0,5355851;2,726419;0,08911715;0,4163421;2,7237;0,03826227;0,1530939;2,707274;0,05582824;-0,07279216;2,624569;0,05526297;-0,1744906;2,589449;0,4134203;0,4082752;2,73343;0,4658155;0,1239524;2,721709;0,4781957;-0,110116;2,646958;0,4619924;-0,2110394;2,613369;0,1759146;-0,002625537;2,693789;0,1385991;-0,5009044;2,589628;0,129948;-0,8200967;2,455418;0,121261;-0,8596135;2,350682;0,3274347;-0,001267302;2,690895;0,3233375;-0,5064107;2,672662;0,3049294;-0,8508881;2,682593;0,3085869;-0,9089765;2,604962; 
0,2600109;0,7241436;2,667474;0,2514667;0,07052799;2,69953;0,2501175;0,1439833;2,742274;0,252319;0,5344864;2,72963;0,08952972;0,4171056;2,725339;0,03897908;0,156168;2,708824;0,05397309;-0,0711007;2,628437;0,04846796;-0,1662445;2,590127;0,4134254;0,4078195;2,733855;0,4665556;0,1222583;2,723027;0,4779226;-0,1099076;2,649068;0,4672921;-0,2121401;2,616977;0,1760859;-0,002734749;2,694335;0,1383134;-0,5004876;2,590492;0,1302713;-0,8219354;2,463637;0,1207172;-0,8629005;2,359441;0,3273616;-0,001457654;2,691252;0,3256162;-0,5003178;2,67345;0,3048818;-0,8509678;2,682718;0,3085341;-0,9089442;2,604652; 
0,2620189;0,7225488;2,66974;0,2520927;0,07144825;2,701535;0,2509955;0,1448615;2,744313;0,2525249;0,5347489;2,730301;0,09120503;0,4199266;2,731492;0,03996351;0,1594113;2,713916;0,0528263;-0,0709025;2,632949;0,04882593;-0,1706999;2,592366;0,4156325;0,4077823;2,737638;0,4668229;0,1215097;2,72513;0,4787613;-0,1090966;2,656038;0,4690514;-0,211155;2,622687;0,1766575;-0,001797245;2,696067;0,1368618;-0,4992494;2,595063;0,1339486;-0,8178287;2,504727;0,1247156;-0,8720341;2,406651;0,3279572;-0,0008957469;2,693674;0,3262991;-0,4970576;2,67574;0,3042699;-0,851177;2,683122;0,3084344;-0,9089023;2,604714; 
0,2640837;0,7225993;2,672106;0,2534849;0,07426311;2,705472;0,2527691;0,1469115;2,74838;0,2548368;0,533847;2,734272;0,09279771;0,4218328;2,736375;0,04057142;0,1602663;2,719052;0,05333188;-0,06682222;2,638904;0,0477476;-0,1658482;2,596734;0,4183328;0,408602;2,740864;0,4682774;0,1204581;2,730462;0,47833;-0,109956;2,659766;0,4628562;-0,213173;2,632889;0,177571;0,0006138958;2,700169;0,134633;-0,4948494;2,605175;0,1332116;-0,8190565;2,511046;0,1247775;-0,8719758;2,412214;0,3291432;0,001360576;2,696658;0,3258415;-0,4880499;2,680263;0,3029487;-0,8504609;2,682911;0,3015393;-0,9076866;2,622675; 
0,2664812;0,7246486;2,675551;0,2550176;0,07544082;2,709013;0,2543159;0,1480026;2,753133;0,2590253;0,5368125;2,741674;0,09568059;0,4233905;2,741275;0,04224224;0,162665;2,722944;0,0534571;-0,06694701;2,640361;0,04711183;-0,1664723;2,599607;0,4240469;0,4088565;2,748983;0,4685716;0,1192369;2,734007;0,4793988;-0,1006305;2,676911;0,4712698;-0,2045759;2,649786;0,1787022;0,001336835;2,703082;0,1319916;-0,4915952;2,612428;0,1304834;-0,8276895;2,540013;0,119871;-0,8848697;2,443786;0,330429;0,00247109;2,69996;0,3264667;-0,4878671;2,682582;0,3017528;-0,8510807;2,683459;0,3038003;-0,9044875;2,619548; 
0,2720519;0,7249716;2,678379;0,2551663;0,07579606;2,712189;0,2550754;0,1479542;2,757463;0,2613098;0,5362417;2,747324;0,09873278;0,4254337;2,746278;0,04316571;0,1642399;2,726183;0,0531406;-0,06684302;2,64114;0,04470871;-0,1660651;2,600129;0,4247142;0,409867;2,751426;0,4689873;0,1193972;2,737465;0,4798426;-0,1004276;2,679639;0,4721164;-0,2040188;2,651228;0,1789122;0,002247293;2,706763;0,130422;-0,4895823;2,620532;0,1288039;-0,8306988;2,570255;0,1329734;-0,8919889;2,501502;0,3300247;0,002922215;2,702341;0,3270083;-0,488082;2,685007;0,3012581;-0,8512059;2,683525;0,30537;-0,9068292;2,615035; 
0,276125;0,7254487;2,680247;0,2549288;0,07654406;2,714303;0,2549936;0,1486542;2,760109;0,2608752;0,5366765;2,748686;0,1010638;0,4269287;2,750055;0,04291234;0,165335;2,727964;0,05091278;-0,06764702;2,643183;0,04381371;-0,1649886;2,601573;0,4251502;0,4096229;2,753762;0,4683999;0,1194737;2,740613;0,4797019;-0,1003928;2,682618;0,4725672;-0,2040586;2,65447;0,1788397;0,003779255;2,709168;0,1283808;-0,4911207;2,630658;0,1311125;-0,8345963;2,594063;0,1297266;-0,8927476;2,511702;0,3295816;0,003637105;2,704582;0,3274651;-0,4866591;2,688486;0,2998957;-0,8508478;2,684167;0,3056821;-0,9068717;2,615357; 
0,277747;0,726231;2,682199;0,2552627;0,07695881;2,716733;0,2554766;0,1487389;2,763956;0,2633297;0,5377905;2,754782;0,102085;0,4275394;2,751075;0,04305987;0,1650337;2,728677;0,04821454;-0,06569482;2,645631;0,04241158;-0,1631564;2,604092;0,4253548;0,4090682;2,755517;0,4688796;0,1194049;2,745677;0,4793215;-0,09993269;2,68443;0,4723973;-0,2034745;2,655928;0,1790655;0,004677662;2,711081;0,1248179;-0,4875723;2,641516;0,1321553;-0,8435289;2,629859;0,1292171;-0,8998726;2,568994;0,3295529;0,004042046;2,706783;0,3268701;-0,4850316;2,690925;0,2992501;-0,8501964;2,684335;0,3056258;-0,9067701;2,615737; 
0,2788329;0,7264799;2,684192;0,2560399;0,07916076;2,719414;0,2559399;0,1504165;2,76727;0,2649378;0,5375819;2,756874;0,1030403;0,4289177;2,753387;0,04297571;0,166858;2,730167;0,04735645;-0,06535755;2,646563;0,04197053;-0,162186;2,605031;0,4278772;0,4120821;2,761674;0,4688452;0,1223571;2,750604;0,4790082;-0,09782456;2,687186;0,4704712;-0,2009597;2,657794;0,1793971;0,006740038;2,712494;0,1218181;-0,4815696;2,655549;0,1285305;-0,8426995;2,641086;0,1284627;-0,8963907;2,574151;0,3302358;0,005994955;2,710512;0,3268272;-0,4842815;2,693083;0,2988397;-0,8498054;2,684891;0,3047886;-0,9072816;2,61438; 
0,2793595;0,7265563;2,684391;0,2560411;0,07954617;2,721224;0,2561995;0,1504659;2,770251;0,2664173;0,5374371;2,760802;0,1025935;0,430132;2,755666;0,0430216;0,1673743;2,730486;0,0460468;-0,06323637;2,64697;0,04132644;-0,1613367;2,60642;0,42741;0,4110289;2,763127;0,4691388;0,1223677;2,75287;0,4790359;-0,09768803;2,690886;0,469882;-0,2001315;2,659465;0,1792791;0,007274548;2,713536;0,1220016;-0,4802665;2,665785;0,1252649;-0,8408527;2,654098;0,1206686;-0,8989081;2,580298;0,3299861;0,006153243;2,712522;0,326667;-0,4848859;2,694553;0,2989006;-0,8494825;2,685366;0,3049105;-0,9079853;2,61355; 
0,282051;0,719178;2,68791;0,2556403;0,07956634;2,722938;0,2560802;0,1500961;2,773;0,2679556;0,5366588;2,764662;0,1021281;0,4307792;2,757337;0,0425719;0,1683431;2,730492;0,0423248;-0,05298094;2,647818;0,0407714;-0,1536248;2,61007;0,4273246;0,4098376;2,764209;0,4688147;0,1223658;2,754306;0,4785181;-0,09853217;2,691425;0,4691108;-0,2007955;2,659641;0,1786357;0,007547496;2,714482;0,120278;-0,4798251;2,67568;0,1227259;-0,83942;2,66438;0,1160279;-0,9002645;2,583711;0,32936;0,005686724;2,714566;0,3267095;-0,4849157;2,696887;0,2969279;-0,8491693;2,686045;0,3051131;-0,9085084;2,612674; 
0,2827488;0,7192895;2,688147;0,2554836;0,07936686;2,723943;0,2555845;0,1497901;2,774797;0,2678769;0,5365154;2,766043;0,10198;0,4311633;2,757937;0,04213023;0,1718456;2,729785;0,04182477;-0,05545896;2,647521;0,0407225;-0,1560366;2,609691;0,4265216;0,4084222;2,7671;0,4677912;0,1199162;2,75725;0,4775819;-0,09917128;2,692292;0,4675379;-0,2011211;2,659834;0,1784665;0,007473205;2,714846;0,1188027;-0,4799453;2,683854;0,1263905;-0,8472988;2,680022;0,1157443;-0,9014292;2,587694;0,3291635;0,005514821;2,716041;0,3256662;-0,4856288;2,699998;0,29703;-0,8490607;2,686388;0,3058473;-0,909182;2,611174; 
0,2831492;0,7178641;2,688727;0,2548465;0,07879372;2,725008;0,2549757;0,149237;2,776455;0,2681469;0,5362592;2,76702;0,1017951;0,4312319;2,757905;0,0411021;0,1716416;2,729501;0,04180926;-0,05889342;2,646411;0,04125727;-0,1592096;2,608544;0,4247642;0,4049038;2,767715;0,466871;0,1187333;2,758901;0,4761401;-0,1000548;2,691923;0,4635499;-0,2009787;2,657337;0,1778937;0,007437227;2,715298;0,1168647;-0,4813822;2,690573;0,1257674;-0,8469975;2,680934;0,1142251;-0,9022334;2,592003;0,3279788;0,004354462;2,717873;0,3239292;-0,4845963;2,702936;0,2967453;-0,8488921;2,68744;0,3060068;-0,909365;2,611168; 
0,2222353;0,732247;2,735161;0,197506;0,08682718;2,739623;0,1895607;0,1547016;2,793549;0,192182;0,5393282;2,796376;0,03388888;0,4308766;2,77873;-0,03365581;0,1641649;2,74885;-0,02085686;-0,06163587;2,658652;-0,008575258;-0,1631154;2,625719;0,356996;0,410165;2,823537;0,394857;0,1320369;2,789392;0,4047554;-0,08548361;2,694708;0,3968606;-0,1852285;2,655693;0,1242717;0,01600205;2,71333;0,08712845;-0,4988647;2,758428;0,1199324;-0,8489041;2,696033;0,1116111;-0,904108;2,600253;0,2724659;0,01099254;2,74284;0,3008487;-0,4788488;2,706334;0,2945087;-0,847676;2,688663;0,2929842;-0,9076363;2,631366; 
0,2207419;0,7334371;2,735946;0,1966082;0,08580001;2,739422;0,1886626;0,1538098;2,793827;0,1916086;0,5391468;2,79613;0,03385375;0,4308191;2,778756;-0,03547436;0,161347;2,748674;-0,02172975;-0,06295437;2,660497;-0,0101163;-0,1646665;2,62815;0,3570058;0,4100986;2,82357;0,3938656;0,1317581;2,788679;0,4044223;-0,08694556;2,693977;0,3966426;-0,1867203;2,655105;0,1231485;0,0147364;2,713262;0,08707408;-0,4990064;2,758593;0,1131432;-0,8475163;2,703437;0,1109463;-0,9035733;2,606251;0,2717086;0,01006399;2,742592;0,2969877;-0,4804622;2,706658;0,2928399;-0,8477281;2,689668;0,2954983;-0,9064065;2,631108; 
0,219163;0,7334534;2,736323;0,1955103;0,0843225;2,739207;0,1875955;0,1526268;2,794074;0,190218;0,5392268;2,795897;0,03210057;0,4299975;2,7797;-0,03849921;0,159598;2,748924;-0,02487068;-0,06527968;2,661258;-0,01513154;-0,1685713;2,633768;0,3529716;0,410888;2,82379;0,3926395;0,1323741;2,789047;0,4041219;-0,08613269;2,694011;0,396548;-0,1859628;2,655329;0,1224515;0,01339358;2,713535;0,08684441;-0,4996462;2,759049;0,1133036;-0,8476598;2,703351;0,1107264;-0,9047303;2,606747;0,27057;0,009331117;2,742112;0,2954538;-0,4825115;2,706528;0,2922269;-0,8484312;2,689974;0,2985797;-0,9054398;2,625931; 
0,2158944;0,7360337;2,737073;0,1937155;0,08324074;2,73921;0,1861169;0,1517425;2,794518;0,1893726;0,539306;2,795973;0,0309387;0,4298516;2,780443;-0,04137329;0,1596342;2,749705;-0,02834634;-0,06835924;2,662017;-0,02107568;-0,1725686;2,637499;0,3511372;0,4106417;2,823138;0,3919612;0,1321452;2,790144;0,4037144;-0,08678614;2,693962;0,3963955;-0,18649;2,654986;0,1206172;0,01241141;2,714269;0,08685599;-0,4997134;2,758922;0,1132832;-0,847623;2,703542;0,110668;-0,9046375;2,606887;0,2684223;0,008580135;2,741457;0,2943468;-0,4822906;2,706419;0,2920409;-0,8481424;2,690255;0,2986678;-0,9056392;2,625621; 
0,2133453;0,7358127;2,739207;0,1928536;0,08352403;2,739272;0,1852823;0,1519067;2,794913;0,1885964;0,539288;2,795863;0,02841778;0,4286458;2,781477;-0,04428251;0,1576063;2,750551;-0,03559773;-0,07524177;2,667112;-0,03239691;-0,178702;2,646111;0,3507595;0,4110133;2,82425;0,3913542;0,1322629;2,790703;0,4036385;-0,08654595;2,693721;0,3962344;-0,1862855;2,654923;0,1192364;0,01267915;2,714922;0,0866759;-0,4999695;2,758587;0,113618;-0,8475809;2,703892;0,1105812;-0,9045668;2,607213;0,2678069;0,008669501;2,741128;0,2937681;-0,4825386;2,706283;0,2914013;-0,8489846;2,690878;0,2992425;-0,9057553;2,625693; 
0,2102586;0,7369998;2,740162;0,1916848;0,08346024;2,739165;0,1842819;0,1517423;2,795218;0,1877288;0,5392941;2,796183;0,02808591;0,4285632;2,78256;-0,04573523;0,1570474;2,751695;-0,03800742;-0,07734992;2,668271;-0,03475466;-0,18079;2,648019;0,3503528;0,4112421;2,824224;0,3910002;0,1319845;2,790113;0,4035474;-0,08765578;2,693088;0,3960935;-0,1876222;2,654375;0,1182478;0,01280699;2,715194;0,0866589;-0,5002006;2,758329;0,1133735;-0,84759;2,703907;0,1100794;-0,9050352;2,607531;0,2661096;0,008713455;2,74033;0,292524;-0,4822488;2,70626;0,2909408;-0,8486688;2,691671;0,294682;-0,9074609;2,633254; 
0,2090982;0,7365199;2,741126;0,1911896;0,08322057;2,73902;0,1840399;0,1514932;2,795438;0,1876991;0,5392812;2,79622;0,02791019;0,427554;2,783266;-0,04650717;0,1559623;2,752606;-0,03948986;-0,07939705;2,669;-0,03697894;-0,1829513;2,649497;0,3501327;0,410769;2,82382;0,3912521;0,1316192;2,78948;0,4051958;-0,08969207;2,691338;0,3960263;-0,1896591;2,652514;0,1176892;0,01270719;2,715435;0,08665572;-0,5004191;2,756652;0,1138174;-0,8478086;2,70389;0,1103268;-0,9055246;2,60771;0,2653054;0,008381418;2,739501;0,2923293;-0,4823172;2,706996;0,2904583;-0,8484964;2,691876;0,2943425;-0,9078776;2,634092; 
0,2071687;0,7320375;2,745382;0,1906691;0,08299741;2,738766;0,1836325;0,1511097;2,795512;0,1868345;0,5387389;2,796407;0,02718914;0,4264438;2,784026;-0,04631723;0,1540169;2,753972;-0,04009163;-0,08035401;2,670345;-0,03815971;-0,1836939;2,650194;0,3499131;0,4106007;2,823411;0,3916259;0,1312241;2,787413;0,4065171;-0,09287683;2,686162;0,3957178;-0,1934856;2,649024;0,1172282;0,01258243;2,715432;0,08766989;-0,5007632;2,755698;0,1146182;-0,8481203;2,703336;0,110132;-0,9061162;2,608395;0,2647819;0,008029753;2,738736;0,2916158;-0,4844822;2,708016;0,2902904;-0,8485912;2,692786;0,2979274;-0,9054999;2,632934; 
0,2065236;0,7317131;2,74609;0,1904802;0,08281957;2,738551;0,1836409;0,1507953;2,795645;0,18634;0,5384021;2,79699;0,02701537;0,4255757;2,784571;-0,04494276;0,1511934;2,754685;-0,04116315;-0,08363751;2,672012;-0,03852367;-0,1842019;2,650171;0,3501107;0,4103476;2,822501;0,3927396;0,1278289;2,779171;0,4121244;-0,09052844;2,679519;0,4005935;-0,1914472;2,642989;0,1170816;0,01251163;2,715406;0,08885814;-0,4999785;2,75365;0,1146508;-0,847927;2,703258;0,1094734;-0,9061019;2,609501;0,2646292;0,007588323;2,737745;0,2906975;-0,4865263;2,711166;0,2898629;-0,8487619;2,695214;0,2986531;-0,9051725;2,633079; 
0,2056541;0,7325951;2,747467;0,1903817;0,08258894;2,738262;0,1837601;0,1505859;2,795725;0,1863485;0,5385468;2,797194;0,02705962;0,425448;2,784969;-0,04392558;0,14928;2,755693;-0,04099967;-0,08377213;2,673218;-0,0380488;-0,1858843;2,651428;0,3494962;0,4103079;2,821445;0,4060032;0,1159676;2,75736;0,4293781;-0,0926912;2,65726;0,4271232;-0,1885259;2,607316;0,1170635;0,01241984;2,715444;0,08951604;-0,5010686;2,75311;0,1146522;-0,8479675;2,703386;0,1092113;-0,905795;2,609636;0,2643496;0,007625428;2,736459;0,2910228;-0,4871784;2,712578;0,2900314;-0,8485143;2,695608;0,2978858;-0,9059099;2,636266; 
0,2054572;0,7357071;2,74835;0,1903547;0,08238107;2,738049;0,1839309;0,1504032;2,795816;0,1861964;0,5387576;2,797354;0,0270016;0,4252697;2,785253;-0,04276584;0,1492379;2,756638;-0,03918336;-0,07909948;2,677034;-0,03694677;-0,1846669;2,653638;0,3491195;0,4092944;2,820017;0,4123343;0,1250673;2,752531;0,4646098;-0,1062788;2,613151;0,4713744;-0,1863773;2,571193;0,1171092;0,01222631;2,715443;0,08994265;-0,5010571;2,751602;0,1148293;-0,8477887;2,703466;0,1069652;-0,9055498;2,609349;0,2643157;0,007555662;2,735913;0,2910637;-0,4873089;2,714054;0,2899117;-0,8486416;2,696084;0,2984654;-0,906503;2,637314; 
0,2052992;0,7359411;2,749153;0,1903648;0,08240858;2,73792;0,1839531;0,1503068;2,79593;0,1857124;0,5389923;2,797988;0,02713415;0,4251838;2,785568;-0,04187573;0,1489972;2,757684;-0,03808603;-0,07718341;2,679448;-0,03442824;-0,1829585;2,657201;0,3493056;0,4095764;2,819996;0,4243269;0,1320554;2,745847;0,4978564;-0,09191748;2,591208;0,5034641;-0,1647119;2,558657;0,1171224;0,01228346;2,715432;0,09342074;-0,4999233;2,749943;0,116162;-0,8476349;2,704244;0,1042093;-0,9049067;2,61294;0,2645322;0,007625905;2,73526;0,2904114;-0,4872172;2,715791;0,2902431;-0,8482393;2,696975;0,2987831;-0,905905;2,638037; 
0,2045405;0,7375965;2,751557;0,1906959;0,08251804;2,737588;0,1845117;0,1503134;2,795936;0,1853954;0,5393429;2,798181;0,02716448;0,4249477;2,785897;-0,04118222;0,148485;2,757812;-0,03696335;-0,07598294;2,681106;-0,03200516;-0,1741848;2,661566;0,3522552;0,4071582;2,817529;0,4530967;0,1436848;2,72861;0,5435408;-0,05717418;2,567312;0,554358;-0,129486;2,522011;0,1172862;0,01229137;2,715313;0,0941751;-0,5000362;2,749534;0,1171551;-0,8459781;2,704839;0,1033539;-0,9039861;2,615453;0,2657433;0,007450066;2,734289;0,29008;-0,4873028;2,716856;0,2900565;-0,8484853;2,697462;0,2984565;-0,9067433;2,639124; 
0,2042922;0,7373851;2,752597;0,1910027;0,08314548;2,73712;0,1850682;0,1505883;2,795837;0,1851172;0,5393713;2,798418;0,02656247;0,4241794;2,786191;-0,04047229;0,1488728;2,757737;-0,0334724;-0,06968105;2,685245;-0,02743541;-0,1547543;2,670626;0,3569803;0,4069396;2,815578;0,4671186;0,1519292;2,718584;0,5812743;-0,02238753;2,54318;0,6121884;-0,0809111;2,494321;0,1172557;0,01236156;2,71514;0,09534614;-0,4988881;2,748616;0,118918;-0,8459254;2,705118;0,1022556;-0,9024853;2,620437;0,2671607;0,007583661;2,733047;0,2898359;-0,4880821;2,718143;0,2897305;-0,8486992;2,697758;0,2992595;-0,9067981;2,639482; 
0,2044317;0,739166;2,753984;0,1916465;0,08369957;2,736546;0,1854868;0,1508081;2,795651;0,1841225;0,5399734;2,79929;0,02656702;0,4238313;2,785883;-0,03976434;0,1494786;2,757369;-0,02942597;-0,0685232;2,682971;-0,02483153;-0,1747533;2,663571;0,3595642;0,4056605;2,814436;0,4938045;0,1667343;2,699107;0,6244116;0,02344755;2,517553;0,6595929;-0,02581447;2,479535;0,1176451;0,01259321;2,714588;0,0969701;-0,4975261;2,746414;0,118995;-0,8457715;2,705057;0,1024426;-0,9026991;2,621143;0,2689657;0,007675485;2,731894;0,2898063;-0,4880009;2,719146;0,2896526;-0,8484995;2,698719;0,2990896;-0,9064901;2,64037; 
0,2042821;0,7399563;2,755877;0,1921809;0,0838842;2,735777;0,1864076;0,1507936;2,795387;0,1833058;0,5404921;2,80011;0,02656437;0,423694;2,785667;-0,03954515;0,1497777;2,757372;-0,02456289;-0,06688699;2,679068;-0,02111426;-0,1557938;2,661094;0,3620985;0,4021688;2,809294;0,5148266;0,200081;2,689114;0,6583782;0,0769203;2,514458;0,7007724;0,01484797;2,456362;0,1180839;0,01260887;2,713323;0,09721593;-0,4976517;2,7453;0,1187298;-0,8450751;2,705093;0,1020605;-0,902467;2,621412;0,2703308;0,007323707;2,730785;0,2902623;-0,4891273;2,720801;0,2901784;-0,8480489;2,699777;0,2989253;-0,90576;2,641086; 
0,2029775;0,7359211;2,757895;0,1922078;0,08405419;2,735125;0,1866686;0,1506884;2,79517;0,1831681;0,5405735;2,801366;0,02550969;0,4226973;2,78538;-0,03922402;0,1498979;2,757066;-0,02607225;-0,06665257;2,677918;-0,02201953;-0,1559521;2,66012;0,3637417;0,4004434;2,807328;0,5322941;0,2266727;2,685767;0,6856106;0,1384843;2,5081;0,735415;0,1050276;2,446043;0,1174225;0,01250232;2,711789;0,09684504;-0,4968523;2,744572;0,1181536;-0,8436886;2,704262;0,1018569;-0,9022577;2,621483;0,270902;0,006731156;2,729656;0,2904535;-0,4887465;2,721069;0,2898053;-0,8478659;2,699965;0,2993646;-0,9055176;2,641387; 
0,2029332;0,7358016;2,759014;0,1921967;0,08441934;2,73371;0,1865513;0,1507823;2,794291;0,1825545;0,5408109;2,801892;0,02502182;0,4222537;2,785008;-0,03859368;0,1496074;2,755513;-0,02689428;-0,06700724;2,67625;-0,02323108;-0,1567771;2,65705;0,3639948;0,4001328;2,806983;0,5532298;0,2512374;2,682781;0,712261;0,2070707;2,513367;0,7763696;0,1679417;2,440708;0,1171503;0,01279675;2,70958;0,09681265;-0,4966936;2,744132;0,1185691;-0,8437076;2,704224;0,1017152;-0,9023104;2,621619;0,2712314;0,006454959;2,728127;0,2902779;-0,4892549;2,721988;0,2891814;-0,8475398;2,699747;0,2987976;-0,9055392;2,641565; 
0,2031321;0,7370254;2,760265;0,192189;0,08493867;2,732705;0,1865564;0,1510133;2,793634;0,1820409;0,5408372;2,802271;0,02436166;0,4216252;2,784606;-0,03806017;0,1481538;2,752963;-0,02853367;-0,06875965;2,674358;-0,02461703;-0,1565201;2,654887;0,3645742;0,4010773;2,80622;0,567027;0,2915868;2,678371;0,7303789;0,2630266;2,509796;0,7958424;0,2464292;2,439908;0,1169761;0,01303849;2,708361;0,09666821;-0,4966573;2,743869;0,1185559;-0,8436494;2,704224;0,1013058;-0,9025668;2,621035;0,2715123;0,006582912;2,726973;0,2903213;-0,4894019;2,722226;0,289643;-0,847713;2,699893;0,2989058;-0,9060314;2,642016; 
0,2019539;0,737355;2,762051;0,1920873;0,08559409;2,73117;0,1865868;0,1512705;2,792474;0,1813574;0,5405524;2,802361;0,02394619;0,4211518;2,784158;-0,03804113;0,1484418;2,75048;-0,0292918;-0,06836744;2,671436;-0,02301354;-0,160116;2,644826;0,3658759;0,4032123;2,804676;0,581781;0,3272852;2,67503;0,7537299;0,3294114;2,513338;0,8140838;0,3163815;2,449708;0,116638;0,01355462;2,706273;0,09650723;-0,4948701;2,743093;0,1182946;-0,8434154;2,704307;0,1016507;-0,9025254;2,621817;0,2718021;0,006588386;2,725411;0,2903113;-0,4893469;2,722318;0,2893007;-0,8471725;2,700127;0,3007555;-0,9043264;2,636445; 
0,2021319;0,7469963;2,764017;0,2072711;0,1386332;2,717271;0,1994508;0,1974733;2,77887;0,1822333;0,5527557;2,79959;0,03175219;0,4256973;2,767719;-0,03083191;0,1667785;2,720144;-0,01790649;-0,06382157;2,645044;0,002629705;-0,1648926;2,61157;0,3718276;0,5208204;2,815522;0,4820772;0,7174366;2,767134;0,6032471;0,9864789;2,729663;0,6471831;1,075333;2,719549;0,1360704;0,05665925;2,685472;0,09810743;-0,4924061;2,740294;0,1191743;-0,8436546;2,704092;0,1016507;-0,9025934;2,621804;0,2873347;0,0642598;2,714596;0,2922511;-0,486668;2,71975;0,2891919;-0,8473623;2,700141;0,301505;-0,904173;2,635677; 
0,2020795;0,7498807;2,766914;0,2076851;0,1384985;2,717004;0,1993641;0,1973909;2,778748;0,1828291;0,5555335;2,799625;0,03211573;0,4254462;2,76502;-0,02998248;0,1679484;2,718154;-0,01471142;-0,06561147;2,639723;0,004214374;-0,1679676;2,608963;0,3716991;0,5204983;2,815355;0,4818325;0,7170448;2,766693;0,6016293;0,9839454;2,729357;0,6406609;1,068343;2,719674;0,1361436;0,05649454;2,685409;0,1000917;-0,4869046;2,736632;0,1193318;-0,843552;2,70407;0,1018754;-0,9026028;2,621504;0,2889192;0,06444506;2,713387;0,2929278;-0,4862203;2,719078;0,2897137;-0,8473983;2,700029;0,3025685;-0,9051056;2,63264; 
0,2024443;0,7513292;2,767455;0,2076251;0,1385042;2,716903;0,1991711;0,1973647;2,778737;0,1830161;0,5564996;2,799777;0,03227132;0,4258046;2,763958;-0,02918168;0,1696;2,716849;-0,01360585;-0,06649505;2,637176;0,006975792;-0,16848;2,605886;0,3717449;0,5204626;2,815309;0,4817368;0,7169795;2,76664;0,5997764;0,9805025;2,728495;0,6407855;1,068485;2,719553;0,1359048;0,05647719;2,685434;0,100392;-0,4857086;2,735894;0,1192714;-0,8433762;2,703995;0,1018594;-0,9026954;2,621449;0,2888274;0,06449164;2,712666;0,2936845;-0,4843348;2,717723;0,2896218;-0,8471967;2,700315;0,3017657;-0,9040158;2,636253; 
0,2025695;0,7511488;2,767766;0,2076389;0,1384251;2,716831;0,1989741;0,1972495;2,77871;0,1827438;0,5568594;2,799695;0,03246872;0,4257257;2,762713;-0,02901868;0,1699983;2,716507;-0,01278907;-0,06713484;2,635502;0,008624614;-0,1689777;2,60398;0,371732;0,5204226;2,81527;0,4816462;0,7167599;2,76552;0,5995776;0,9802091;2,727987;0,6408334;1,068416;2,719005;0,1359076;0,05630691;2,685399;0,1007026;-0,4843068;2,734753;0,1192424;-0,8427817;2,704254;0,1025521;-0,9026613;2,622411;0,2889089;0,0644347;2,712495;0,2942759;-0,4840739;2,717239;0,2897117;-0,8471563;2,700152;0,3020735;-0,904546;2,634773; 
0,2020017;0,7527842;2,769174;0,2076097;0,1382783;2,716632;0,1988864;0,1971548;2,778625;0,1832654;0,5579109;2,799639;0,03293546;0,4259368;2,761979;-0,02846544;0,1711578;2,715503;-0,01300619;-0,06634516;2,634516;0,00932661;-0,1681324;2,603088;0,3717156;0,5202631;2,814995;0,48173;0,716419;2,765078;0,5994534;0,9797154;2,727028;0,6400875;1,067516;2,714125;0,1358435;0,05618897;2,685296;0,1006747;-0,4842928;2,734482;0,119234;-0,842723;2,704161;0,1015936;-0,9031337;2,621059;0,2887606;0,06433498;2,712098;0,2942798;-0,4835521;2,717092;0,2896772;-0,8469583;2,699934;0,3010138;-0,9037458;2,63904; 
0,2021325;0,752983;2,769027;0,2074;0,1379938;2,716285;0,1987084;0,1968805;2,778405;0,1831902;0,5582212;2,799551;0,03314041;0,4261709;2,76157;-0,02831185;0,1713776;2,715213;-0,01289847;-0,06596765;2,633541;0,01001596;-0,1677235;2,602142;0,3717505;0,5196403;2,814445;0,4817628;0,7156949;2,764519;0,599034;0,9770575;2,724246;0,6352396;1,058174;2,704295;0,1355665;0,05603962;2,685224;0,1007275;-0,4844007;2,734382;0,1194336;-0,8426785;2,704191;0,1015194;-0,903155;2,622008;0,2885089;0,06400838;2,711195;0,2943962;-0,4830836;2,716805;0,2896902;-0,8475976;2,699999;0,3009161;-0,9036126;2,640325; 
0,2020972;0,7538196;2,769225;0,2074253;0,1379941;2,716198;0,1986136;0,1968549;2,778385;0,1828615;0,5591621;2,799799;0,03330227;0,4260173;2,760775;-0,02799677;0,1716896;2,714558;-0,01296951;-0,06493693;2,632909;0,01033007;-0,166589;2,601155;0,37178;0,5193871;2,814293;0,4816715;0,7153854;2,764181;0,598785;0,9753801;2,722314;0,6346334;1,056101;2,702474;0,1355878;0,05604689;2,685169;0,101243;-0,4835837;2,73399;0,1194336;-0,8426687;2,704177;0,1014602;-0,9030066;2,622175;0,2885911;0,06401461;2,710966;0,2951336;-0,4820484;2,715928;0,2892801;-0,8481978;2,699493;0,3009811;-0,9040271;2,639763; 
0,2022028;0,7537848;2,769459;0,2073336;0,137931;2,716065;0,1984937;0,1967636;2,778314;0,18284;0,5592582;2,799793;0,03349255;0,425894;2,760173;-0,0270951;0,1704739;2,714008;-0,01242176;-0,06480139;2,632255;0,01096683;-0,1665698;2,600604;0,3715601;0,519004;2,813906;0,4824638;0,7152239;2,763344;0,5990096;0,9745506;2,721762;0,6378416;1,05856;2,701946;0,1355407;0,05600669;2,685118;0,1013402;-0,4838471;2,73402;0,1195066;-0,8427031;2,704185;0,1015273;-0,9035419;2,622386;0,2883469;0,06405283;2,710655;0,2957162;-0,4806127;2,715518;0,2893043;-0,8478588;2,699829;0,3004131;-0,904397;2,640685