;0,2020867;0,7529871;2,750332;0,1894889;0,1187104;2,71503;0,1932873;0,1809022;2,776635;0,1884127;0,5547225;2,786381;0,02461602;0,4282011;2,789385;-0,03417433;0,1519153;2,770056;-0,03488698;-0,06911844;2,683305;-0,03416698;-0,1591291;2,662543;0,3935125;0,4611804;2,772987;0,6278819;0,4656558;2,66056;0,8468683;0,5140919;2,584579;0,8869005;0,5095853;2,553169;0,1100883;0,04069969;2,697872;0,09225783;-0,4797622;2,736786;0,1053858;-0,8377865;2,699626;0,08333196;-0,901584;2,622867;0,2712349;0,03883573;2,697149;0,3031927;-0,4829835;2,709405;0,3149542;-0,8453643;2,698288;0,3185634;-0,9063712;2,636708; 
0,2017109;0,7533962;2,749549;0,1899246;0,1177461;2,714187;0,1934523;0,1802211;2,775859;0,1883663;0,5547854;2,786263;0,02495708;0,4281186;2,789076;-0,03475841;0,151315;2,770656;-0,03590599;-0,06986262;2,684538;-0,0342546;-0,1591778;2,662822;0,3934596;0,4581159;2,772288;0,6282619;0,4663488;2,661155;0,8429406;0,5249545;2,579349;0,9022095;0,5233833;2,543356;0,1104513;0,03953081;2,696928;0,09235594;-0,4799184;2,736804;0,1054348;-0,837759;2,699626;0,08380125;-0,9017188;2,622946;0,271708;0,03722967;2,696761;0,303432;-0,4844183;2,709509;0,315048;-0,845295;2,698057;0,3172904;-0,9090159;2,62911; 
0,2012502;0,7535329;2,748888;0,1898912;0,1173246;2,713719;0,1932083;0,1798404;2,77524;0,1870776;0,5543773;2,785454;0,02491003;0,428166;2,789274;-0,03480493;0,1509876;2,771102;-0,03635277;-0,07004565;2,68475;-0,03429585;-0,1590575;2,662832;0,3931403;0,4567569;2,772088;0,6268244;0,466672;2,66334;0,8400508;0,5286229;2,580148;0,9188522;0,5311583;2,543475;0,1103551;0,03891783;2,696764;0,09251478;-0,4801356;2,736908;0,105489;-0,8378057;2,699727;0,0839029;-0,9012902;2,62373;0,2718661;0,03639594;2,696176;0,3031016;-0,483186;2,708932;0,3151053;-0,8452215;2,698214;0,3178362;-0,9063437;2,633284; 
0,2000987;0,7522092;2,747527;0,1899575;0,116681;2,713136;0,193096;0,1793561;2,7745;0,1864083;0,5541921;2,784271;0,02499464;0,4281547;2,789274;-0,03512752;0,150416;2,771511;-0,03706231;-0,07077515;2,68583;-0,03427384;-0,159263;2,662876;0,3926609;0,4560926;2,771938;0,6281559;0,4712347;2,664636;0,8403654;0,535605;2,580708;0,9193309;0,533322;2,544527;0,1104315;0,03793111;2,696589;0,09274173;-0,4797744;2,736734;0,105673;-0,8366655;2,699211;0,08313262;-0,8969862;2,625163;0,271942;0,03596069;2,695807;0,3031181;-0,4832627;2,708968;0,3150203;-0,845208;2,698264;0,3178885;-0,9063601;2,633084; 
0,2000217;0,7525848;2,746815;0,1901358;0,1164046;2,712805;0,1931621;0,1792195;2,77422;0,1860745;0,5545716;2,784185;0,0249971;0,428154;2,789272;-0,03512508;0,1503677;2,771495;-0,03729813;-0,07086024;2,686152;-0,03442656;-0,159026;2,663576;0,3924839;0,4556911;2,771668;0,6243474;0,4747163;2,666847;0,8348623;0,5453848;2,584114;0,9159098;0,5671865;2,562491;0,1105723;0,03754525;2,696459;0,09298684;-0,4805603;2,736983;0,105535;-0,8369851;2,700062;0,08286033;-0,8980219;2,623945;0,272287;0,0355021;2,695374;0,3032863;-0,4832765;2,708955;0,3146426;-0,8453959;2,698304;0,3181919;-0,9066373;2,632588; 
0,1998798;0,7525979;2,746581;0,1901965;0,1163384;2,712538;0,1931149;0,1792051;2,773871;0,184807;0,5544719;2,78357;0,0248724;0,4280885;2,789423;-0,03514471;0,1506939;2,771544;-0,03738469;-0,07073864;2,687033;-0,03514391;-0,1543341;2,664718;0,3923204;0,4551771;2,771397;0,625927;0,4830671;2,667498;0,8348547;0,5564279;2,582953;0,9209418;0,5741881;2,546136;0,1107255;0,03713309;2,696444;0,09302824;-0,4809983;2,737347;0,105079;-0,8368557;2,700093;0,08291166;-0,8977841;2,624248;0,2725007;0,03545442;2,694843;0,3033749;-0,4824216;2,708945;0,3146528;-0,8453099;2,698504;0,318832;-0,9060936;2,633815; 
0,1997785;0,7525519;2,746442;0,1903392;0,1163206;2,712343;0,1931226;0,1792059;2,773675;0,1841853;0,554508;2,783382;0,02487337;0,4280667;2,789412;-0,03534996;0,1506537;2,771534;-0,03753418;-0,07089846;2,687546;-0,03502381;-0,1530232;2,665625;0,3924896;0,4553604;2,771473;0,6291503;0,4903227;2,668592;0,8363227;0,5685168;2,584207;0,9218924;0,5833164;2,548682;0,1108789;0,03696307;2,696393;0,09282377;-0,4816304;2,737267;0,105289;-0,8369148;2,699932;0,0819749;-0,898867;2,622558;0,2729082;0,0352727;2,694483;0,3034542;-0,4825894;2,708888;0,3142307;-0,846234;2,6984;0,3188559;-0,9071541;2,631991; 
0,1997295;0,7525867;2,746352;0,1903649;0,116447;2,71219;0,1930971;0,1793179;2,773512;0,1838677;0,5546409;2,783431;0,02487038;0,4280271;2,789413;-0,03556341;0,150408;2,771396;-0,03765689;-0,07121743;2,687741;-0,03475837;-0,1536591;2,666013;0,3927672;0,4557125;2,771335;0,6313401;0,5011612;2,668901;0,8408504;0,5793417;2,591946;0,9471543;0,6100928;2,552767;0,1108844;0,0369235;2,696383;0,09286904;-0,4819929;2,737126;0,1047824;-0,8374416;2,699458;0,08186836;-0,8997997;2,621275;0,2730279;0,03541463;2,694167;0,3035621;-0,4819805;2,708536;0,3145969;-0,842961;2,698131;0,3190687;-0,9066854;2,631455; 
0,1997435;0,752494;2,746219;0,1903289;0,1164801;2,712016;0,1929353;0,1793567;2,773256;0,182413;0,5542526;2,783053;0,02476313;0,4277515;2,789443;-0,03553764;0,1507407;2,771661;-0,03764458;-0,07088229;2,688103;-0,03432301;-0,1533366;2,665627;0,3927809;0,4560167;2,771244;0,6309455;0,5047831;2,66906;0,8350331;0,5941212;2,589302;0,9257925;0,6081865;2,558312;0,1108549;0,03677838;2,696297;0,0929755;-0,4820626;2,737134;0,1053172;-0,837444;2,699297;0,08197806;-0,8997287;2,621225;0,2731238;0,035441;2,693973;0,3035867;-0,4818994;2,708515;0,3143548;-0,8430947;2,698169;0,3189235;-0,9068159;2,631744; 
0,1995338;0,7522982;2,746233;0,1903847;0,1165651;2,711957;0,1930141;0,1793926;2,773213;0,1823528;0,5543329;2,783272;0,02476302;0,4276268;2,789517;-0,03545609;0,1512377;2,77157;-0,03706086;-0,07033685;2,687929;-0,03396163;-0,1538661;2,665306;0,3929898;0,4568956;2,771014;0,6327913;0,5111957;2,670558;0,8350609;0,6031528;2,588901;0,9262356;0,6197317;2,555554;0,1108827;0,03674304;2,69631;0,09360556;-0,4815792;2,737028;0,10606;-0,8372283;2,698978;0,08183511;-0,9000125;2,620912;0,2732524;0,03556375;2,693779;0,303912;-0,4814912;2,708131;0,3144483;-0,8422797;2,698342;0,3186223;-0,9062513;2,633667; 
0,1994176;0,752292;2,746233;0,1904512;0,1166089;2,711859;0,1931024;0,1794737;2,773075;0,1823171;0,5545012;2,783074;0,02471626;0,4275782;2,789525;-0,03530923;0,150883;2,771449;-0,03724287;-0,07078379;2,688182;-0,03421842;-0,155563;2,662943;0,3929518;0,4573224;2,770659;0,6330226;0,5165142;2,671842;0,8135611;0,6514047;2,601805;0,9222698;0,6713602;2,562215;0,1109067;0,03670935;2,696348;0,09370194;-0,4816492;2,736962;0,1058226;-0,837047;2,699189;0,08277117;-0,8995673;2,621506;0,273415;0,03554513;2,693572;0,304107;-0,4817924;2,708172;0,3139366;-0,8434926;2,698583;0,3188452;-0,906875;2,633215; 
0,1992805;0,7524644;2,746273;0,1905006;0,1168743;2,711752;0,1931641;0,1797917;2,772896;0,1815659;0,5546249;2,782398;0,0237858;0,4277121;2,790433;-0,03494845;0,1514201;2,771693;-0,03659422;-0,07012777;2,688105;-0,0343376;-0,1533262;2,663476;0,3928614;0,4574928;2,770546;0,6330874;0,5221295;2,673933;0,896099;0,6528608;2,568659;0,9762129;0,6323391;2,543103;0,1109466;0,03664063;2,696567;0,09372845;-0,4816584;2,736957;0,1058787;-0,836898;2,699227;0,08331317;-0,8993878;2,622307;0,2737079;0,03593266;2,693187;0,3041213;-0,4817207;2,708096;0,3138922;-0,8433004;2,698282;0,3188294;-0,9067944;2,63287; 
0,1987441;0,7517835;2,746346;0,1907006;0,1169605;2,711696;0,1932942;0,1798494;2,772843;0,1815851;0,5546507;2,782419;0,02374667;0,4276676;2,790444;-0,0348273;0,152216;2,771321;-0,03641137;-0,06921345;2,687425;-0,03415336;-0,1536895;2,663542;0,392783;0,4581213;2,770525;0,6323311;0,5272918;2,674114;0,8340718;0,6338122;2,595571;0,9340258;0,6567395;2,559957;0,1111457;0,0365351;2,696727;0,09378208;-0,4817827;2,736923;0,106364;-0,8378209;2,699183;0,08292316;-0,8999074;2,622313;0,2740741;0,03604651;2,692946;0,3041123;-0,4822393;2,708212;0,3139572;-0,8444629;2,699416;0,3190833;-0,9068078;2,632805; 
0,1986765;0,751678;2,7465;0,1907525;0,1168883;2,711686;0,1932945;0,179811;2,772835;0,18152;0,554675;2,782467;0,02394775;0,4276565;2,790257;-0,03432081;0,1523021;2,771173;-0,03619215;-0,0690036;2,686921;-0,03397733;-0,1539601;2,663633;0,392731;0,4583986;2,770465;0,6345097;0,5331564;2,674371;0,8333766;0,6347557;2,595476;0,9321809;0,6627154;2,561886;0,1112602;0,0364052;2,696796;0,09438731;-0,4839106;2,73763;0,1059437;-0,8382373;2,699237;0,08148095;-0,9011167;2,619333;0,2741289;0,03594865;2,692959;0,3043488;-0,4826016;2,708342;0,3132788;-0,845801;2,699788;0,3194691;-0,9075707;2,632494; 
0,1985013;0,7518042;2,746446;0,1908918;0,1171092;2,711573;0,1933423;0,179986;2,772703;0,1812807;0,5547112;2,782283;0,02398926;0,4275599;2,79018;-0,0342839;0,1527646;2,771208;-0,03604427;-0,06847379;2,68676;-0,03385062;-0,1503604;2,661914;0,3928863;0,4589907;2,770433;0,6348573;0,539126;2,675714;0,8350646;0,6409789;2,595004;0,9323;0,672962;2,563426;0,1113291;0,03644566;2,696816;0,09465297;-0,4822824;2,737886;0,105645;-0,8373094;2,700144;0,08490124;-0,8977736;2,628269;0,274439;0,0361544;2,692813;0,3043324;-0,4823473;2,707934;0,313415;-0,8456652;2,699981;0,3198746;-0,9069093;2,637492; 
0,1981449;0,7519621;2,746613;0,1910262;0,1173955;2,711574;0,1934318;0,180196;2,772705;0,1814666;0,5548382;2,7825;0,02394685;0,4276023;2,790149;-0,03413566;0,1527494;2,770873;-0,03586912;-0,06854276;2,686583;-0,03386286;-0,1505765;2,66195;0,3930318;0,4595672;2,770576;0,6364877;0,5443523;2,676801;0,8356019;0,6445094;2,595176;0,9310446;0,6765127;2,56343;0,1113527;0,03646647;2,696885;0,09477022;-0,4822454;2,737828;0,1052931;-0,8374208;2,699799;0,08326995;-0,8993216;2,625026;0,2746352;0,03648446;2,692687;0,3044288;-0,4815202;2,708003;0,3138853;-0,8432594;2,700207;0,319805;-0,9065474;2,63696; 
0,197884;0,7517359;2,746653;0,1911149;0,1175182;2,711561;0,1934117;0,1802392;2,77269;0,1804595;0,5543892;2,78246;0,02383566;0,4275852;2,790082;-0,03395274;0,1524839;2,770655;-0,03543093;-0,0687495;2,68616;-0,03331419;-0,1524788;2,662923;0,3931992;0,46059;2,770797;0,6366101;0,5459352;2,677598;0,8364171;0,6482213;2,595656;0,9294614;0,6821283;2,564498;0,1115308;0,0363958;2,696993;0,09513464;-0,4826959;2,737787;0,1053796;-0,8372245;2,699515;0,08417397;-0,8984588;2,626337;0,2749251;0,03666073;2,69259;0,3044176;-0,4814693;2,708019;0,3139047;-0,8434166;2,70012;0,3193315;-0,9067978;2,635901; 
0,1976805;0,7516137;2,746675;0,1912336;0,117666;2,71156;0,193437;0,1803798;2,772662;0,1804792;0,5545023;2,782385;0,02387607;0,4275716;2,790039;-0,03405433;0,1526098;2,770647;-0,0352216;-0,06858021;2,685965;-0,03332764;-0,1528758;2,662929;0,3934036;0,461171;2,771148;0,6388351;0,5503969;2,678736;0,9076508;0,6851854;2,573912;0,9295203;0,6857436;2,565409;0,1116586;0,03637815;2,697168;0,09507649;-0,4823304;2,737887;0,1053734;-0,8363599;2,699824;0,08406898;-0,8984455;2,626211;0,275089;0,03685113;2,692541;0,3043835;-0,4816187;2,708189;0,3140826;-0,8432857;2,700225;0,3197458;-0,9044626;2,637805; 
0,1975398;0,7516961;2,746922;0,1913465;0,1180273;2,711515;0,1934822;0,1806334;2,7726;0,1804534;0,5545112;2,782377;0,02374899;0,4276116;2,790099;-0,03401152;0,1527061;2,770498;-0,03498242;-0,06836194;2,685392;-0,03286682;-0,1543256;2,662991;0,3936083;0,4617442;2,771216;0,6386302;0,5515298;2,679446;0,8277755;0,6694992;2,600394;0,930087;0,6899214;2,567706;0,1116904;0,03641572;2,697215;0,09496524;-0,4830149;2,737848;0,1050597;-0,8366994;2,699176;0,08382531;-0,8989136;2,624449;0,2753173;0,037174;2,692393;0,3042353;-0,4827439;2,708864;0,3140941;-0,8432908;2,70019;0,3192352;-0,9081032;2,625285; 
0,1972302;0,7515045;2,747206;0,1913509;0,1180459;2,711534;0,1934676;0,1806485;2,772611;0,1802165;0,5544814;2,782414;0,02357948;0,4273897;2,790067;-0,03415398;0,1529616;2,770487;-0,03498021;-0,06812076;2,6854;-0,03247565;-0,1537583;2,663233;0,3935703;0,4620036;2,771244;0,637544;0,5525866;2,680588;0,8321172;0,66317;2,602296;0,9304667;0,6927422;2,568181;0,1117113;0,03627698;2,697296;0,09490794;-0,4830863;2,737866;0,1046918;-0,8364017;2,699649;0,08386478;-0,8989921;2,624552;0,2753743;0,03724455;2,692461;0,304314;-0,4818898;2,708746;0,3140293;-0,8428234;2,700223;0,3192022;-0,9069945;2,631472; 
0,1959957;0,7505892;2,747597;0,1913431;0,1180403;2,711565;0,1934482;0,1806382;2,772641;0,1801428;0,5545008;2,782539;0,02358067;0,4274009;2,790081;-0,03437045;0,1527729;2,770336;-0,03501502;-0,06806064;2,684449;-0,03257411;-0,1535567;2,662726;0,3934285;0,4621953;2,771272;0,6371558;0,5540677;2,680841;0,8328302;0,6639526;2,60209;0,92986;0,6949307;2,567957;0,1117564;0,03617201;2,697672;0,09494648;-0,4832562;2,737909;0,1041927;-0,8358709;2,699469;0,08293933;-0,8994669;2,622904;0,2753496;0,03724381;2,692443;0,3038059;-0,4821794;2,708933;0,3141137;-0,8433082;2,699627;0,3191994;-0,9070631;2,631497; 
0,1955228;0,7501076;2,748274;0,1914283;0,1181054;2,711606;0,1935017;0,1806845;2,772683;0,1804122;0,554671;2,782825;0,0235413;0,4272351;2,789972;-0,03452449;0,152994;2,770341;-0,03501626;-0,06772304;2,684077;-0,03242763;-0,1542054;2,66206;0,3935618;0,4626929;2,771456;0,6367881;0,5549456;2,681271;0,8331808;0,6669495;2,601598;0,9298384;0,6977507;2,568892;0,1117563;0,0361716;2,697672;0,0951116;-0,4837471;2,737963;0,1041889;-0,8359348;2,699493;0,08296858;-0,8996355;2,622635;0,2755367;0,0372648;2,692526;0,3039733;-0,4819803;2,708842;0,3140031;-0,8435876;2,699316;0,3191957;-0,9071023;2,631491; 
0,1950688;0,7503832;2,748652;0,1914296;0,1181425;2,711608;0,1934788;0,1807462;2,772679;0,1803356;0,5548283;2,782833;0,02360405;0,42725;2,789891;-0,034578;0,1529046;2,770314;-0,03505589;-0,06780997;2,684022;-0,03232572;-0,1533708;2,662714;0,3934921;0,462886;2,771449;0,6365293;0,5560148;2,681412;0,8272746;0,6742612;2,607682;0,9306613;0,6990214;2,569697;0,1117616;0,03615238;2,697694;0,09503233;-0,4838693;2,737992;0,1045078;-0,8363622;2,699649;0,082825;-0,8998572;2,622292;0,2755398;0,03745701;2,692552;0,3038743;-0,4816211;2,708683;0,3140274;-0,8435524;2,699341;0,3179129;-0,9048609;2,638492; 
0,1942523;0,750362;2,749434;0,1914751;0,1182273;2,711648;0,1935058;0,180801;2,772697;0,1803313;0,5548146;2,782842;0,0235049;0,4269842;2,78983;-0,03436283;0,1519907;2,769968;-0,03508685;-0,06858099;2,683398;-0,03265007;-0,1525052;2,663112;0,3934238;0,4631793;2,77141;0,6147012;0,5607617;2,678161;0,8299599;0,672241;2,604863;0,930311;0,7001307;2,568919;0,1117783;0,03613488;2,697716;0,09503073;-0,483865;2,737991;0,1045325;-0,8363602;2,699727;0,08276695;-0,9000914;2,622062;0,2756449;0,03762124;2,692653;0,3038616;-0,4800749;2,708235;0,3147987;-0,8413499;2,699668;0,3189677;-0,9029586;2,640373; 
0,1938254;0,7502735;2,749979;0,1914425;0,1182514;2,711664;0,1934182;0,1808782;2,772705;0,1800144;0,555073;2,782743;0,02350203;0,427031;2,789829;-0,0343971;0,1520674;2,769937;-0,03510962;-0,06847002;2,683337;-0,03304543;-0,1515902;2,662709;0,3933934;0,4632815;2,771456;0,6230767;0,562216;2,680224;0,8197852;0,6721498;2,610382;0,9260283;0,7011298;2,569966;0,1117664;0,03611767;2,697758;0,09500877;-0,4839945;2,737991;0,1051559;-0,8371992;2,699657;0,08321964;-0,9000359;2,622654;0,2755955;0,0376568;2,692705;0,3034893;-0,4806346;2,708321;0,3152906;-0,8409919;2,699565;0,3185682;-0,9034005;2,639724; 
0,1937249;0,7504008;2,750414;0,1914307;0,1183173;2,711675;0,1934078;0,1809345;2,772703;0,1798947;0,5550445;2,782738;0,02334316;0,4268482;2,789972;-0,03457939;0,1520712;2,77003;-0,03509792;-0,06857263;2,683811;-0,03291098;-0,1514063;2,662683;0,3933093;0,4634013;2,771472;0,6252087;0,5621347;2,681146;0,8204924;0,6738835;2,609989;0,9298481;0,7023982;2,56823;0,1117278;0,03606691;2,697866;0,09497841;-0,4839121;2,737879;0,105328;-0,8372434;2,699818;0,08318293;-0,900157;2,622633;0,2756392;0,03780828;2,692661;0,3037168;-0,4801872;2,70823;0,3150114;-0,8408495;2,699535;0,3183232;-0,9031605;2,640495; 
0,1936783;0,750282;2,750444;0,1914064;0,1183956;2,71179;0,1933654;0,180926;2,772826;0,1798607;0,5547963;2,783344;0,02333272;0,426822;2,789895;-0,03462261;0,1520218;2,770039;-0,03549714;-0,06848598;2,683461;-0,0329296;-0,1516736;2,662651;0,3932671;0,4638156;2,771532;0,6260813;0,5619053;2,68249;0,8428501;0,6812053;2,597803;0,929202;0,7032483;2,567863;0,1117124;0,03605003;2,698031;0,09504551;-0,4836767;2,73777;0,1051297;-0,8370737;2,699847;0,08283131;-0,9007036;2,62176;0,2756012;0,03789483;2,692695;0,3036843;-0,4800417;2,708166;0,3150958;-0,841267;2,699707;0,318249;-0,9030899;2,640456; 
0,1935564;0,7504655;2,751024;0,1913943;0,1184713;2,711802;0,1933794;0,1810117;2,772816;0,1798692;0,5548362;2,783225;0,02306333;0,4267572;2,790128;-0,03470061;0,1520192;2,770063;-0,03547319;-0,06852899;2,683656;-0,03324485;-0,1521271;2,663097;0,3932285;0,463847;2,771513;0,6266674;0,5620645;2,682423;0,8424391;0,680675;2,597693;0,9288477;0,7039438;2,567669;0,1116885;0,03605225;2,698077;0,09506604;-0,4837246;2,737785;0,1053025;-0,8369687;2,700035;0,08429456;-0,9000585;2,623745;0,2755963;0,03793334;2,692707;0,3037427;-0,4799832;2,708219;0,3143707;-0,8433002;2,699433;0,3184844;-0,9045977;2,638325; 
0,1934871;0,7504449;2,751108;0,1913104;0,1186498;2,711849;0,1933288;0,1811482;2,772863;0,1795875;0,5548277;2,783438;0,02274576;0,4270354;2,790901;-0,03532538;0,1496847;2,770201;-0,03568875;-0,07075845;2,683587;-0,03331442;-0,1503892;2,663383;0,3931705;0,4638839;2,771699;0,6147867;0,5624341;2,678706;0,8422518;0,6807225;2,59769;0,9286623;0,704543;2,567461;0,1116593;0,03611143;2,698127;0,09422784;-0,4820302;2,7369;0,1058756;-0,836844;2,700111;0,08592183;-0,8980525;2,628119;0,2755272;0,03806732;2,692698;0,3037729;-0,4799164;2,708235;0,3142838;-0,8429256;2,699454;0,3176979;-0,9048036;2,637395; 
0,1933376;0,7504703;2,751166;0,1913056;0,1187183;2,711901;0,1933153;0,181154;2,772938;0,1797063;0,5548596;2,784053;0,02270846;0,4271035;2,790819;-0,03524921;0,1497317;2,770096;-0,03620547;-0,0711232;2,684591;-0,03311623;-0,1512603;2,663533;0,3931713;0,4640892;2,771712;0,6400437;0,5750452;2,67935;0,8416525;0,6797119;2,59839;0,928704;0,7048756;2,567431;0,1116315;0,03612638;2,698149;0,09420968;-0,481973;2,73683;0,1057123;-0,8368564;2,700147;0,08526444;-0,8999017;2,625107;0,2755322;0,03810997;2,692711;0,304254;-0,4818323;2,709035;0,3140018;-0,8436737;2,699186;0,3185643;-0,9080882;2,621786; 
0,1932479;0,750533;2,751279;0,1912804;0,1187332;2,711928;0,1932238;0,1811674;2,772981;0,1790944;0,5549388;2,784262;0,02270534;0,4270792;2,790775;-0,03528086;0,1496051;2,770029;-0,03648609;-0,07147427;2,685099;-0,03295335;-0,1516603;2,663513;0,3931187;0,4641424;2,771743;0,6377059;0,5726408;2,680132;0,8412668;0,6798822;2,597925;0,9287657;0,7054178;2,567459;0,1116356;0,03611359;2,698174;0,09437788;-0,4823601;2,736856;0,105558;-0,8368696;2,700151;0,08404678;-0,9007285;2,62304;0,2755166;0,03814197;2,692742;0,3042921;-0,481833;2,709049;0,314105;-0,8435583;2,698934;0,3189674;-0,9060945;2,626775; 
0,1926301;0,7505748;2,751394;0,19125;0,1187136;2,71196;0,1931881;0,181165;2,773;0,1791002;0,5549547;2,784242;0,0225926;0,4269199;2,790699;-0,03554781;0,1483077;2,770107;-0,03670146;-0,07261671;2,684543;-0,03281844;-0,1520228;2,663361;0,3928126;0,4642323;2,771785;0,6382698;0,5733111;2,679915;0,8448478;0,681658;2,596525;0,9284093;0,7060234;2,567325;0,1115886;0,03607758;2,698235;0,09418565;-0,48092;2,736723;0,1062155;-0,8365785;2,700532;0,08558041;-0,8982292;2,627938;0,2754538;0,03810041;2,692831;0,3042947;-0,4819749;2,709116;0,3139406;-0,8440619;2,699039;0,3194171;-0,90642;2,626763; 
0,1917777;0,7483475;2,752256;0,1911875;0,1187068;2,711996;0,1930562;0,181158;2,773046;0,1785651;0,5549707;2,784349;0,02258322;0,4268935;2,790649;-0,0355479;0,1483143;2,7701;-0,03675894;-0,07265747;2,68453;-0,03290465;-0,1536236;2,662323;0,3923808;0,4646146;2,771832;0,6389239;0,5734035;2,679647;0,8515716;0,6840633;2,593082;0,9303151;0,7071937;2,565939;0,1115861;0,0360634;2,698263;0,09420276;-0,4810614;2,736739;0,1061861;-0,8365949;2,70066;0,08385514;-0,8989881;2,623021;0,2753601;0,03813688;2,692894;0,30437;-0,4819153;2,709193;0,3136774;-0,8448877;2,699203;0,319849;-0,9069215;2,626188; 
0,1916726;0,7485949;2,75239;0,191151;0,1186953;2,712015;0,1930272;0,1811654;2,773053;0,1784752;0,5549723;2,784247;0,02244026;0,4267752;2,790803;-0,03554796;0,1484782;2,769955;-0,03704583;-0,07274461;2,68508;-0,03338692;-0,1510776;2,661762;0,3922682;0,4645578;2,771809;0,6344839;0,5688677;2,681248;0,8466893;0,6797961;2,594966;0,9278245;0,7066212;2,566743;0,1115035;0,03593643;2,698416;0,09412806;-0,4813494;2,736827;0,1061582;-0,8366941;2,700716;0,08317769;-0,9000895;2,621795;0,2753438;0,03813953;2,692898;0,3037607;-0,4828178;2,709574;0,3136522;-0,8450564;2,699003;0,3193648;-0,9073428;2,626172; 
0,1914586;0,7487442;2,752222;0,1910093;0,1188373;2,712105;0,192821;0,1813434;2,77313;0,1777281;0,5551051;2,784185;0,02235388;0,4268835;2,791145;-0,03581189;0,1482281;2,77005;-0,03698777;-0,0730008;2,685223;-0,03363678;-0,149718;2,661538;0,3920693;0,464689;2,771947;0,6238137;0,5613281;2,683645;0,8421576;0,6768319;2,594501;0,9246087;0,7063406;2,56102;0,1114115;0,03602052;2,69861;0,09383814;-0,4820394;2,737179;0,1061999;-0,8367139;2,700698;0,08301125;-0,9003472;2,621154;0,2752647;0,03832641;2,692949;0,3037337;-0,482457;2,709435;0,313463;-0,8443546;2,699059;0,318964;-0,9068735;2,627912; 
0,190997;0,7492452;2,753281;0,1909804;0,1188192;2,712124;0,1927668;0,1813203;2,773157;0,177698;0,5551888;2,784348;0,02235271;0,4268088;2,791001;-0,03599326;0,1483559;2,770149;-0,03695117;-0,07281102;2,685237;-0,0337078;-0,1501451;2,662189;0,3920568;0,4647134;2,771944;0,6136498;0,5625212;2,679576;0,8416291;0,6762466;2,593963;0,9240255;0,7062862;2,55925;0,1113887;0,03597655;2,698614;0,09374556;-0,4821734;2,737286;0,1061755;-0,8366967;2,700685;0,0829059;-0,9005152;2,620838;0,2752257;0,03831511;2,692974;0,3035367;-0,482657;2,709469;0,3135079;-0,8443825;2,69898;0,3202283;-0,9078344;2,626787; 
0,191247;0,7496955;2,75328;0,1908122;0,1188802;2,712157;0,192506;0,1814531;2,773178;0,1771321;0,5555329;2,784203;0,0223501;0,4267651;2,790944;-0,03619191;0,1486625;2,770406;-0,03692991;-0,07253918;2,685718;-0,03383375;-0,150068;2,662681;0,3920695;0,4648037;2,771949;0,6140972;0,561674;2,680634;0,8405323;0,6754444;2,593694;0,9236509;0,7062733;2,558673;0,1112913;0,03598296;2,698672;0,09373073;-0,4816011;2,737158;0,1061613;-0,8361197;2,700254;0,08241066;-0,9003028;2,620654;0,2750975;0,03835654;2,693014;0,3035331;-0,4821542;2,709493;0,3135379;-0,8439855;2,699483;0,3200065;-0,9078;2,634769; 
0,1905638;0,7497137;2,753292;0,1907193;0,1190111;2,712272;0,1923801;0,1815268;2,773344;0,176842;0,5557034;2,785002;0,02219628;0,4266499;2,790956;-0,03622541;0,1489078;2,770591;-0,03689256;-0,07222344;2,685816;-0,03337746;-0,1508549;2,662372;0,3920321;0,4648187;2,771943;0,6118722;0,5618969;2,679549;0,8396478;0,6750188;2,593006;0,9225218;0,7061558;2,556179;0,1112031;0,03600192;2,698757;0,093595;-0,48058;2,737404;0,1063722;-0,836304;2,699406;0,08216927;-0,9007725;2,620471;0,2750671;0,03852277;2,693037;0,3036917;-0,481655;2,709462;0,3134027;-0,8433363;2,699655;0,3191051;-0,9063218;2,637239; 
0,1902136;0,7497872;2,753536;0,190629;0,1190523;2,712336;0,1922534;0,1816021;2,773426;0,1766043;0,5560938;2,785218;0,02197928;0,4267057;2,790958;-0,03635051;0,1490568;2,770853;-0,03689831;-0,07198854;2,685948;-0,03354267;-0,1511502;2,662633;0,3919716;0,4648938;2,771912;0,6102749;0,5619847;2,67831;0,8390808;0,6751795;2,592711;0,9220078;0,7059273;2,555226;0,1111654;0,03597959;2,698814;0,09365289;-0,4808036;2,737393;0,1061211;-0,8366942;2,698724;0,08168647;-0,9007843;2,619963;0,2749574;0,03856939;2,693082;0,3037572;-0,4814916;2,709437;0,3132335;-0,8432563;2,699325;0,3193262;-0,9060953;2,636815; 
0,1899874;0,7499244;2,753674;0,190409;0,1191362;2,712447;0,1920627;0,1816739;2,77352;0,1765049;0,5560563;2,785238;0,02190543;0,4268616;2,791196;-0,03628561;0,1490074;2,770836;-0,03671132;-0,07212071;2,686284;-0,03346941;-0,1517659;2,66361;0,3916988;0,4647944;2,77189;0,6151376;0,5626165;2,678928;0,8389507;0,6750433;2,592591;0,9219764;0,7060093;2,555025;0,1109196;0,03605988;2,699095;0,09353098;-0,4809695;2,737204;0,1063934;-0,8369228;2,698651;0,0819718;-0,9015338;2,619026;0,27471;0,03872211;2,693113;0,3037616;-0,4809496;2,709436;0,3132663;-0,8431208;2,699439;0,3180237;-0,9057181;2,639024; 
0,1898416;0,7501304;2,753807;0,1903923;0,1192124;2,712524;0,1920652;0,1817259;2,77362;0,1768106;0,5562528;2,785671;0,02190477;0,4270056;2,791292;-0,03637663;0,1490321;2,770669;-0,03685313;-0,07216705;2,686469;-0,03365064;-0,1516454;2,664066;0,3915823;0,4649721;2,771996;0,6104655;0,5618032;2,676605;0,8429894;0,6757767;2,58963;0,9211195;0,7057576;2,553989;0,1109153;0,03607921;2,699153;0,09351216;-0,4809972;2,737167;0,1067726;-0,837152;2,698329;0,0819203;-0,9016157;2,618554;0,2746112;0,03893329;2,693175;0,3037953;-0,4806741;2,709524;0,3134733;-0,8427446;2,700346;0,3182175;-0,9054382;2,639553; 
0,1898164;0,7502681;2,753811;0,1903843;0,1192112;2,712531;0,1920216;0,1817257;2,773629;0,1768313;0,5562639;2,785674;0,02199361;0,4270193;2,791047;-0,03632031;0,1488225;2,770603;-0,03693236;-0,07234448;2,686434;-0,03347345;-0,1525287;2,663527;0,3915809;0,4650068;2,772031;0,6090118;0,5623435;2,675858;0,8424875;0,6753317;2,589404;0,9213759;0,7057;2,553738;0,110908;0,03607744;2,699164;0,09351361;-0,4810011;2,737171;0,105621;-0,8354166;2,699475;0,08191063;-0,901609;2,618739;0,2745935;0,03893076;2,693185;0,3038744;-0,4805169;2,709457;0,3132824;-0,8425015;2,700204;0,3176477;-0,9059767;2,637898; 
0,1898069;0,7505012;2,753695;0,190395;0,119261;2,712565;0,1920828;0,1817671;2,773652;0,1768334;0,5562625;2,785679;0,02167702;0,4270061;2,791433;-0,03623979;0,1489075;2,770825;-0,03688022;-0,07220131;2,686559;-0,03360648;-0,1509001;2,664968;0,3915909;0,4650854;2,771998;0,6146016;0,562418;2,677041;0,8410384;0,6745225;2,589714;0,9214804;0,7057181;2,553643;0,1109175;0,03605612;2,699262;0,09347647;-0,4814152;2,737572;0,1056637;-0,8354573;2,699475;0,08162113;-0,9016036;2,61833;0,2746203;0,03896828;2,693167;0,3038578;-0,480492;2,709448;0,313322;-0,8424914;2,700129;0,3183101;-0,905148;2,633029; 
0,1895247;0,7508954;2,754113;0,1903956;0,1193916;2,712611;0,192112;0,181842;2,77369;0,1769649;0,5561861;2,785743;0,02151494;0,4269668;2,791592;-0,03636118;0,1490105;2,770818;-0,03692838;-0,07212692;2,686683;-0,03336813;-0,1521779;2,665214;0,3915858;0,4652352;2,772047;0,6206023;0,5624504;2,678071;0,8385803;0,6735872;2,589324;0,9213148;0,7056503;2,552843;0,1109113;0,03613022;2,699259;0,09343498;-0,4804138;2,737436;0,1057378;-0,8351811;2,699441;0,0861545;-0,8970204;2,627197;0,2746109;0,03901906;2,693209;0,3038556;-0,4804392;2,70946;0,3133722;-0,8425478;2,700022;0,3185036;-0,9056244;2,632858; 
0,1893778;0,7509512;2,754373;0,1903627;0,1193904;2,712628;0,1920396;0,1818416;2,773715;0,1766822;0,5561522;2,785767;0,02151276;0,426946;2,791551;-0,03637666;0,149123;2,770961;-0,03718287;-0,0722332;2,687565;-0,03332766;-0,1518098;2,665227;0,391434;0,4653306;2,772077;0,6208625;0,5623772;2,678207;0,8060601;0,6871417;2,601385;0,9209279;0,7055827;2,552153;0,1108926;0,03611855;2,699297;0,09340922;-0,4805359;2,737509;0,1056539;-0,8351493;2,699353;0,08451154;-0,8972969;2,625773;0,274601;0,03903363;2,693213;0,3037911;-0,4805213;2,709417;0,313316;-0,8424158;2,700122;0,3186559;-0,9059361;2,631798; 
0,1891376;0,7510596;2,754245;0,1903383;0,1194038;2,712636;0,1920451;0,1818587;2,773717;0,1766295;0,5561076;2,785713;0,02151264;0,4270454;2,79178;-0,03630724;0,1486157;2,771029;-0,03706567;-0,07268737;2,687542;-0,03310704;-0,1526773;2,664881;0,3914183;0,4652334;2,771998;0,6146223;0,5618364;2,675219;0,8344503;0,671451;2,585989;0,9206201;0,7058219;2,551307;0,1108845;0,03610639;2,69935;0,09322798;-0,4807131;2,737635;0,1054873;-0,8349875;2,69895;0,08322808;-0,8978305;2,622814;0,2745489;0,03907939;2,693186;0,3038547;-0,4806595;2,709512;0,3131646;-0,8423777;2,700369;0,3182622;-0,9052579;2,634503; 
0,1889328;0,751136;2,754243;0,1902905;0,1194439;2,712665;0,1920606;0,1818591;2,773758;0,1768885;0,5561889;2,78612;0,02152807;0,4270783;2,791833;-0,03633344;0,1486061;2,771031;-0,03714757;-0,07264984;2,687492;-0,0331385;-0,1528686;2,664963;0,3912731;0,4653881;2,771784;0,6111521;0,5626756;2,673072;0,8343156;0,6715785;2,586174;0,9206673;0,7059084;2,551005;0,1107868;0,03613101;2,699473;0,09315155;-0,4803186;2,73752;0,105457;-0,834929;2,698915;0,08317335;-0,8979429;2,622548;0,2744156;0,03923882;2,693066;0,3040825;-0,4808196;2,709625;0,313425;-0,8424155;2,70051;0,3181026;-0,9046137;2,63651; 
0,1889901;0,7512614;2,754221;0,1902353;0,1194909;2,712634;0,1920172;0,1819226;2,773724;0,176879;0,556281;2,786051;0,0214284;0,4271294;2,791921;-0,03640481;0,1488491;2,771034;-0,03728112;-0,07249208;2,68783;-0,03321086;-0,1530679;2,665008;0,3912132;0,4653901;2,771772;0,6164047;0,5623978;2,675215;0,8344827;0,6715234;2,586324;0,9208683;0,7059191;2,550603;0,1107229;0,03617318;2,699457;0,09308181;-0,4803603;2,737504;0,1056377;-0,8348493;2,699443;0,0828032;-0,8981451;2,621543;0,2743735;0,03926427;2,69303;0,3040362;-0,4807703;2,709663;0,3135994;-0,8424214;2,700447;0,3180528;-0,9045403;2,636479; 
0,1886694;0,7515216;2,754155;0,1901892;0,1194928;2,71261;0,1919683;0,1819518;2,773685;0,176805;0,5562645;2,7858;0,02142416;0,4271657;2,792033;-0,03629246;0,1486904;2,771059;-0,0373195;-0,07260133;2,687775;-0,0332018;-0,1531941;2,665296;0,3909368;0,4655375;2,771861;0,6140371;0,5626937;2,675875;0,8343891;0,6714926;2,586257;0,920934;0,7058707;2,549571;0,1106978;0,03617937;2,699454;0,0930765;-0,4804129;2,737562;0,1053037;-0,8339669;2,699531;0,08276061;-0,8979979;2,621278;0,2743202;0,03928499;2,693019;0,3034458;-0,4831541;2,709908;0,3139296;-0,8424582;2,700892;0,3179188;-0,9048914;2,638886; 
0,1888319;0,7516549;2,754298;0,1901977;0,1194637;2,712622;0,1920037;0,1819137;2,773701;0,177099;0,5565346;2,786102;0,02173331;0,4268445;2,792089;-0,03599324;0,1483679;2,770934;-0,03686713;-0,07281803;2,687393;-0,03320716;-0,1533665;2,665296;0,3909716;0,4655818;2,771884;0,6120484;0,5626024;2,672485;0,8343863;0,6715298;2,586472;0,9209254;0,7059558;2,549293;0,1107152;0,03616182;2,699459;0,09321453;-0,4807934;2,73766;0,1051206;-0,8341776;2,699615;0,08161429;-0,8985134;2,620915;0,274301;0,03925886;2,693025;0,3036674;-0,4838783;2,710174;0,3142219;-0,8454894;2,699651;0,3171364;-0,907799;2,631649; 
0,1887242;0,7501229;2,754337;0,1901927;0,1194567;2,712627;0,1919951;0,1819059;2,773706;0,1769563;0,5564027;2,786039;0,02168213;0,4267725;2,792128;-0,03603663;0,1480431;2,770907;-0,036901;-0,07312012;2,687384;-0,03331511;-0,1516849;2,665309;0,3909644;0,4655795;2,771879;0,6123297;0,5610358;2,674978;0,8338555;0,6712007;2,586486;0,9207324;0,7055059;2,548518;0,1107302;0,03610934;2,699481;0,09319813;-0,4808149;2,737671;0,1054078;-0,8353949;2,699006;0,08165885;-0,8997866;2,61983;0,2742992;0,03925679;2,693026;0,3037196;-0,4836512;2,710202;0,314211;-0,8452509;2,699508;0,3164723;-0,9078987;2,630418; 
0,1888191;0,7500739;2,754196;0,1902676;0,1195183;2,712602;0,1920499;0,1819474;2,773677;0,1770837;0,5559855;2,785733;0,02184203;0,4268115;2,792099;-0,03605326;0,1480371;2,7709;-0,03625069;-0,07281984;2,686497;-0,03343553;-0,1518546;2,664899;0,3910467;0,4655947;2,771848;0,6111289;0,5612549;2,674459;0,8338448;0,6712107;2,586467;0,920614;0,705511;2,547236;0,1108704;0,03620632;2,699424;0,09329084;-0,478463;2,737761;0,105347;-0,8352747;2,699037;0,08570994;-0,8962653;2,631679;0,274359;0,03930289;2,693034;0,3035174;-0,4835851;2,710361;0,314604;-0,8449653;2,699119;0,3161736;-0,9058555;2,634643; 
0,1888817;0,750039;2,754233;0,190231;0,1195579;2,71264;0,1920257;0,1819482;2,773726;0,1773116;0,5560005;2,78605;0,02182501;0,4268373;2,792059;-0,03605162;0,1488004;2,770647;-0,03639513;-0,0721754;2,686723;-0,03358309;-0,152311;2,664686;0,3910813;0,4656669;2,771887;0,610538;0,5612886;2,674251;0,833611;0,6712939;2,586367;0,9203695;0,7054791;2,546747;0,1108256;0,03623919;2,699463;0,0931672;-0,4804325;2,738203;0,105027;-0,8353735;2,699239;0,08571433;-0,8974727;2,629814;0,2742831;0,03932526;2,693027;0,3037684;-0,4833058;2,710212;0,3145383;-0,8454526;2,698965;0,3166462;-0,905969;2,634397; 
0,189385;0,7504157;2,753645;0,1902228;0,1195805;2,712674;0,1920209;0,1819677;2,773756;0,177312;0,5559981;2,786055;0,02177596;0,4270024;2,792225;-0,03621592;0,1489845;2,770726;-0,03643316;-0,07189585;2,686586;-0,03302918;-0,1527174;2,664238;0,3911198;0,4657877;2,772022;0,6139909;0,560546;2,675843;0,8335832;0,6711209;2,586317;0,9203203;0,7052884;2,546501;0,1108215;0,03623645;2,699488;0,09318192;-0,4804757;2,738223;0,1050265;-0,835261;2,699184;0,0833175;-0,8978696;2,625658;0,2742744;0,03935155;2,693063;0,30302;-0,4816052;2,71001;0,3145083;-0,8449362;2,69909;0,3163691;-0,905088;2,635947; 
0,189636;0,7506707;2,753303;0,1902287;0,1195842;2,712688;0,1920438;0,1819533;2,773794;0,1776551;0,5563219;2,78644;0,02178852;0,4269742;2,79219;-0,03624656;0,1490344;2,770739;-0,03629619;-0,07184416;2,686689;-0,03319827;-0,1527371;2,664433;0,3910728;0,4658519;2,772053;0,6112946;0,5616893;2,673397;0,8399605;0,6731296;2,582933;0,9202191;0,7050537;2,545761;0,1108201;0,03626197;2,699511;0,09335361;-0,480768;2,738193;0,1050318;-0,8351732;2,69922;0,08260044;-0,898816;2,622761;0,2742735;0,03935079;2,693063;0,3032609;-0,4822431;2,710151;0,3148836;-0,84571;2,699284;0,3167987;-0,9071738;2,632686; 
0,1898628;0,7505432;2,753443;0,190256;0,1195635;2,7127;0,1920059;0,1819424;2,773814;0,1777116;0,5564318;2,786501;0,02166381;0,4267229;2,791798;-0,03621385;0,1490393;2,77069;-0,0363204;-0,07188149;2,686718;-0,0332152;-0,1525111;2,664516;0,391122;0,4659991;2,772178;0,6266897;0,5703713;2,672112;0,8398585;0,6732285;2,583131;0,9201505;0,7050678;2,545766;0,1108546;0,03624145;2,699498;0,09333198;-0,4824703;2,738335;0,1049906;-0,8353361;2,699458;0,08164722;-0,8994663;2,620886;0,2743213;0,03924272;2,693092;0,303563;-0,4813618;2,710293;0,315364;-0,8447585;2,698794;0,3170027;-0,9052219;2,634551; 
0,1900134;0,7505284;2,753349;0,1902799;0,1195714;2,71268;0,1920164;0,1819532;2,773803;0,1775972;0,5564128;2,786439;0,02169329;0,4267581;2,791782;-0,03626462;0,1488481;2,770749;-0,03613612;-0,0720948;2,686808;-0,03306331;-0,1529737;2,664261;0,3911452;0,4660292;2,77214;0,6261409;0,5675675;2,67365;0,8379808;0,6724701;2,583468;0,9202334;0,7049797;2,545697;0,1109287;0,03622383;2,699522;0,09343421;-0,4826088;2,738359;0,1051912;-0,8350946;2,699724;0,08147455;-0,8993902;2,621037;0,2743886;0,03928996;2,692962;0,3037382;-0,4813041;2,710235;0,3156815;-0,8421149;2,699291;0,3168675;-0,9036951;2,63637; 
0,1901624;0,749454;2,753522;0,1903181;0,1195574;2,712704;0,1920107;0,181895;2,773844;0,178092;0,5560912;2,786554;0,02189226;0,4266415;2,791161;-0,03617289;0,1489462;2,770693;-0,0361914;-0,07205045;2,686882;-0,0332404;-0,1532126;2,664411;0,3912584;0,4660785;2,772167;0,6277485;0,5655384;2,674592;0,837399;0,6730078;2,583285;0,9201246;0,7048637;2,545438;0,1109243;0,03619764;2,699526;0,09364702;-0,4831672;2,738587;0,1051935;-0,8350956;2,699532;0,08191236;-0,8996174;2,620111;0,2744386;0,03927938;2,692991;0,3038234;-0,4813486;2,710263;0,3158558;-0,8422549;2,69915;0,3158621;-0,9034486;2,639782; 
0,1901931;0,7492527;2,753496;0,1903088;0,1195555;2,712706;0,1920209;0,1818993;2,77384;0,177981;0,5557045;2,786314;0,0217069;0,4265128;2,791378;-0,0365503;0,1499535;2,771019;-0,03574673;-0,07103996;2,687175;-0,03320279;-0,153135;2,664306;0,3912666;0,4661574;2,772211;0,6282749;0,5638416;2,674982;0,8361982;0,6718186;2,585056;0,9200912;0,70485;2,545466;0,1109036;0,03615874;2,699539;0,09357641;-0,4836197;2,738769;0,105332;-0,8357547;2,699533;0,08159794;-0,9004191;2,619398;0,2744288;0,03926802;2,692985;0,3039876;-0,4819179;2,710237;0,3156371;-0,8435994;2,699182;0,3160007;-0,9088347;2,628814; 
0,1902388;0,7492718;2,75347;0,1903198;0,1196458;2,712663;0,1920646;0,1819818;2,773791;0,1778916;0,5556187;2,786056;0,02148241;0,4264887;2,791719;-0,03655456;0,1499748;2,771009;-0,03563627;-0,07108228;2,687345;-0,03276316;-0,155236;2,663907;0,3913065;0,4661119;2,772212;0,6282772;0,5634418;2,675236;0,8347472;0,6715302;2,585069;0,9196054;0,7043996;2,545445;0,1108961;0,03616845;2,699535;0,09357538;-0,4835312;2,738781;0,1057854;-0,8359483;2,699829;0,08171229;-0,9004338;2,620498;0,274507;0,03934354;2,692908;0,3040065;-0,481631;2,710207;0,3156118;-0,8436514;2,699205;0,3145356;-0,90679;2,634822; 
0,1905577;0,7492986;2,753177;0,1905317;0,1195001;2,712732;0,1922959;0,1818748;2,773864;0,1785777;0,555793;2,786139;0,02160605;0,4265023;2,791567;-0,03642102;0,1501198;2,770994;-0,03561375;-0,07095318;2,687435;-0,03269565;-0,1554058;2,663824;0,3913711;0,4660659;2,772244;0,6166357;0,5618626;2,668915;0,8865461;0,6862762;2,555062;0,9194025;0,7044088;2,544483;0,1110919;0,03599914;2,699539;0,09364701;-0,4836361;2,738863;0,1055565;-0,8360744;2,699791;0,08228495;-0,9007553;2,620505;0,2746335;0,03922629;2,693047;0,304057;-0,4818842;2,710112;0,3150532;-0,844458;2,699031;0,315102;-0,9069719;2,6345; 
0,1909264;0,7492796;2,752718;0,1905615;0,1195342;2,712726;0,1923691;0,1818675;2,773856;0,1787153;0,5553308;2,78614;0,02126336;0,4263458;2,79191;-0,03640898;0,1500436;2,77108;-0,03562003;-0,07097943;2,687441;-0,03277412;-0,154472;2,663659;0,3914185;0,4661065;2,772262;0,6134736;0,5610558;2,667781;0,8335402;0,6666785;2,587157;0,9192923;0,7037777;2,544184;0,111093;0,03599189;2,699541;0,09366683;-0,4836213;2,738877;0,1058021;-0,8357499;2,699877;0,08217866;-0,9008268;2,620429;0,2747139;0,03924676;2,692967;0,3040521;-0,4818569;2,710037;0,3149897;-0,8444667;2,698797;0,3155515;-0,9071014;2,634246; 
0,1910387;0,7491677;2,752679;0,1907447;0,1196174;2,712705;0,1925693;0,1819801;2,773812;0,1790653;0,5554251;2,785849;0,021313;0,4263136;2,791909;-0,03637177;0,149798;2,77112;-0,03607244;-0,07117376;2,687401;-0,0323995;-0,1549555;2,663223;0,3915353;0,4658937;2,772268;0,611967;0,5613593;2,666876;0,8342439;0,6673133;2,587266;0,9207258;0,7036667;2,54538;0,1111718;0,03599202;2,699543;0,09377602;-0,4834568;2,738854;0,1061229;-0,8354685;2,699525;0,08216701;-0,900171;2,620027;0,2749676;0,03940199;2,692977;0,3039114;-0,4804108;2,70982;0,3150164;-0,8423972;2,699632;0,3141017;-0,9043179;2,640115; 
0,191324;0,7495738;2,752425;0,1909047;0,1195671;2,712683;0,1928258;0,1818931;2,773803;0,1803112;0,5555145;2,786102;0,02156246;0,4264532;2,791885;-0,03646968;0,1500808;2,770959;-0,03780679;-0,0705431;2,686186;-0,03246893;-0,1562466;2,66266;0,3917151;0,4660095;2,772395;0,621729;0,5597218;2,671677;0,8341748;0,6671824;2,587179;0,9210752;0,7035137;2,545167;0,1112694;0,03602574;2,69954;0,09359346;-0,4833804;2,738824;0,1058407;-0,8354763;2,699219;0,08204093;-0,9005946;2,619212;0,2750408;0,03924579;2,692896;0,3039098;-0,4823487;2,710081;0,3150699;-0,8452964;2,699058;0,3169869;-0,9112732;2,628185; 
0,1914408;0,7495697;2,752428;0,190783;0,1194115;2,712707;0,1929094;0,1817916;2,773817;0,1803102;0,5555094;2,786113;0,02130958;0,4264221;2,79302;-0,03671972;0,1501903;2,770959;-0,04238071;-0,06859076;2,680877;-0,03722749;-0,1617559;2,654709;0,3917877;0,4657117;2,772292;0,6237341;0,5587446;2,672863;0,8199875;0,6681846;2,596014;0,9209419;0,7022841;2,54633;0,1110741;0,03597334;2,699699;0,09375627;-0,4832872;2,73891;0,1061994;-0,8355603;2,699244;0,08203705;-0,9006542;2,619305;0,2747402;0,03850543;2,692661;0,3043511;-0,4828859;2,710287;0,3144457;-0,8471148;2,6983;0,316607;-0,9119117;2,62658; 
0,1913824;0,7492007;2,752488;0,1907624;0,119388;2,712793;0,1929999;0,1816798;2,77393;0,180306;0,5550818;2,786611;0,02135425;0,4267148;2,793735;-0,0378049;0,1501913;2,770785;-0,05579643;-0,06853674;2,668502;-0,0435944;-0,1666673;2,644182;0,391742;0,4655394;2,772197;0,6176536;0,5581521;2,672771;0,844128;0,6754241;2,583494;0,9206496;0,7018639;2,54578;0,1110416;0,03591551;2,699965;0,09375588;-0,4833261;2,738999;0,1062089;-0,835344;2,699156;0,08206833;-0,9006549;2,61928;0,2747167;0,03851418;2,692649;0,3045221;-0,4820622;2,710185;0,3142521;-0,847086;2,698369;0,3166824;-0,9085581;2,633336; 
0,191459;0,7492303;2,752663;0,1908429;0,1192798;2,712831;0,1932321;0,1815246;2,773979;0,1812668;0,5549141;2,78681;0,02229653;0,4276072;2,794304;-0,04265835;0,1493683;2,772463;-0,07509751;-0,07991971;2,644856;-0,06088716;-0,1700239;2,627843;0,3917325;0,4655116;2,772207;0,6146222;0,5582971;2,669651;0,8416783;0,6718096;2,584582;0,9218384;0,7011973;2,546016;0,1110688;0,03595284;2,699985;0,09421843;-0,4840004;2,738962;0,1076482;-0,8368366;2,699085;0,08228499;-0,9005471;2,619573;0,2747099;0,03840176;2,692693;0,3045888;-0,481915;2,710169;0,3143324;-0,8470504;2,697739;0,3163657;-0,9083716;2,633042; 
0,1922595;0,7496054;2,752156;0,1910909;0,1195054;2,712968;0,1935865;0,1817155;2,774039;0,1814281;0,5548356;2,786548;0,02254265;0,4281226;2,795332;-0,05735311;0,1571718;2,772276;-0,1092626;-0,07343709;2,62049;-0,1083433;-0,1540212;2,590218;0,3919438;0,4655793;2,772126;0,6122614;0,5588527;2,669769;0,8108959;0,6598471;2,592595;0,9123887;0,6990449;2,551023;0,1112791;0,03627522;2,700196;0,09438227;-0,4833735;2,739122;0,107675;-0,8366408;2,699383;0,08237568;-0,9001187;2,620193;0,2750118;0,03852303;2,692883;0,3046186;-0,4816539;2,710178;0,3142673;-0,8464081;2,698187;0,3162966;-0,9082078;2,633098; 
0,1925511;0,7492836;2,751585;0,1914987;0,1198009;2,713044;0,1940294;0,1818816;2,774104;0,1815035;0,5546482;2,786621;0,02286146;0,4284909;2,796214;-0,06957554;0,1673691;2,774827;-0,142906;-0,03481751;2,618837;-0,1469982;-0,1159319;2,580492;0,3919964;0,4655789;2,772115;0,6201375;0,5570805;2,672762;0,8300427;0,6644054;2,585429;0,9221125;0,700161;2,544558;0,1116006;0,03652447;2,700187;0,0952005;-0,4823479;2,73942;0,1083946;-0,8373551;2,698889;0,08223257;-0,9001644;2,619947;0,2756971;0,03905857;2,693007;0,3050866;-0,4798971;2,710151;0,3143865;-0,8454411;2,698418;0,3174008;-0,9045779;2,63718; 
0,1928017;0,7494944;2,751574;0,1921253;0,1200772;2,713101;0,1950056;0,1819934;2,774205;0,1835677;0,5541389;2,787301;0,02421387;0,4296879;2,79723;-0,09012986;0,19223;2,769667;-0,1792584;-0,01542495;2,601634;-0,1904431;-0,09593219;2,556662;0,3926831;0,4654873;2,771947;0,6267091;0,5560842;2,674298;0,8301178;0,6651101;2,584831;0,922444;0,699927;2,543664;0,1121127;0,03708244;2,700145;0,09590357;-0,4813686;2,739479;0,1083862;-0,8373331;2,698881;0,08581951;-0,8949487;2,631848;0,2760932;0,03918983;2,692999;0,3051739;-0,4800914;2,709986;0,3143314;-0,8450146;2,698703;0,3174117;-0,9046466;2,636851; 
0,1936283;0,7497894;2,75158;0,1925703;0,1200701;2,713306;0,1956713;0,18189;2,774497;0,184442;0,5541101;2,788282;0,02537975;0,4309289;2,798136;-0,09995648;0,2023447;2,775178;-0,2213073;0,02776029;2,601451;-0,2453953;-0,05069902;2,544001;0,392801;0,4655114;2,771965;0,6277708;0,5554326;2,673945;0,8214821;0,6620863;2,591504;0,9230136;0,6994917;2,542564;0,1125778;0,0373379;2,700333;0,09591972;-0,4814348;2,739664;0,1082844;-0,8382435;2,698879;0,08417525;-0,8985883;2,627805;0,2763483;0,03919806;2,693075;0,3054189;-0,480437;2,709741;0,313755;-0,8461587;2,698743;0,3175924;-0,9057959;2,634394; 
0,19459;0,7497374;2,751819;0,1929917;0,1201663;2,713543;0,1966575;0,1818644;2,774817;0,186307;0,5541366;2,789556;0,02609061;0,4320125;2,800627;-0,1202282;0,2130936;2,770816;-0,2593588;0,06825556;2,611462;-0,3083504;-0,01513623;2,542928;0,3933625;0,4653072;2,771789;0,6224886;0,5572844;2,670219;0,8243967;0,6581863;2,585724;0,9236401;0,6995738;2,53988;0,1129024;0,03752492;2,700659;0,09640856;-0,4813553;2,739763;0,109019;-0,8387814;2,7;0,08439499;-0,8991176;2,626065;0,2765076;0,03922068;2,693057;0,3055487;-0,4803219;2,709599;0,3144285;-0,8460867;2,699012;0,3165849;-0,9048945;2,641219; 
0,1948141;0,7500783;2,751667;0,1938598;0,1208833;2,713996;0,1978785;0,1824522;2,775263;0,1872805;0,5541734;2,790008;0,02656947;0,4321419;2,802658;-0,1376447;0,2378193;2,771461;-0,2901931;0,1115823;2,627388;-0,3532185;0,03743892;2,542164;0,393709;0,4651671;2,77169;0,62098;0,5579953;2,668674;0,8260688;0,6585557;2,585193;0,924771;0,6986854;2,537701;0,1136249;0,03820699;2,701115;0,09695504;-0,4816381;2,739891;0,1084929;-0,838357;2,699495;0,08478636;-0,8990574;2,62623;0,2772301;0,03995452;2,693309;0,3057611;-0,4826603;2,70937;0,3143777;-0,8461144;2,698847;0,3175061;-0,9095412;2,6285; 
0,1950241;0,7501144;2,75155;0,1942866;0,1207817;2,714149;0,1984464;0,1823775;2,775414;0,1877687;0,5541938;2,790089;0,02694047;0,4325609;2,803528;-0,1537882;0,2559766;2,770607;-0,3244327;0,1526531;2,639435;-0,3968727;0,100967;2,552273;0,3942445;0,4651403;2,771774;0,6350871;0,5580951;2,669763;0,8298311;0,6602337;2,584074;0,9242538;0,6981151;2,536884;0,1140022;0,03816435;2,701317;0,09715225;-0,481703;2,739921;0,108502;-0,8377468;2,699363;0,08383931;-0,8987716;2,624623;0,2775748;0,03980981;2,693384;0,3072096;-0,4852787;2,709527;0,3140944;-0,8478497;2,69778;0,3171035;-0,910901;2,627219; 
0,1959523;0,7508307;2,752455;0,1948679;0,1212427;2,714394;0,1994748;0,1825709;2,77584;0,1917124;0,5549011;2,793005;0,02706438;0,4324292;2,804057;-0,1683438;0,276877;2,771983;-0,3547168;0,1980725;2,645998;-0,4308655;0,1523947;2,573183;0,3954399;0,4651583;2,771814;0,6272646;0,5585567;2,666293;0,8390964;0,660483;2,580933;0,9262484;0,6971751;2,536697;0,114211;0,03836544;2,701272;0,09745448;-0,4820478;2,740119;0,1084826;-0,8377579;2,699333;0,08408532;-0,8989112;2,624513;0,2778637;0,04014179;2,693466;0,3074002;-0,485484;2,709465;0,3140796;-0,847981;2,697805;0,3169391;-0,9117983;2,625907; 
0,1969873;0,7516536;2,752132;0,1953296;0,1222978;2,714773;0,2002079;0,1834152;2,776155;0,1925953;0,5549575;2,792969;0,02655344;0,4327617;2,8055;-0,1811383;0,297854;2,773087;-0,382585;0,2385265;2,662435;-0,4610211;0,2091908;2,592246;0,396277;0,4648787;2,771794;0,633325;0,5544334;2,667763;0,8391156;0,659711;2,581362;0,9306774;0,6962597;2,536401;0,1144784;0,03904096;2,70181;0,09774494;-0,4823451;2,740107;0,1085371;-0,8378338;2,699297;0,08370556;-0,8992587;2,624017;0,2780219;0,04075694;2,693429;0,3070615;-0,4847544;2,708966;0,3141484;-0,8480208;2,697852;0,3172759;-0,9117752;2,626626; 
0,1984194;0,7508156;2,752099;0,195938;0,1227509;2,714952;0,2013345;0,1837958;2,776337;0,1953963;0,5546994;2,793031;0,0253268;0,4328559;2,807233;-0,1887117;0,3221769;2,781084;-0,3942949;0,2781581;2,671186;-0,4911539;0,2552899;2,598279;0,3971909;0,464588;2,771594;0,6306742;0,5555002;2,666354;0,8399671;0,6592191;2,581023;0,9330741;0,694254;2,534757;0,1145637;0,03923452;2,70209;0,09784155;-0,4821495;2,740045;0,108558;-0,8378486;2,699176;0,08370317;-0,9000276;2,622177;0,2786207;0,04082664;2,693168;0,3077724;-0,4841489;2,708614;0,3141373;-0,8476024;2,697946;0,3177274;-0,9096378;2,629946; 
0,1986926;0,7507721;2,752166;0,1967317;0,1235815;2,715105;0,2023585;0,1843667;2,776557;0,196985;0,5544888;2,793669;0,02467162;0,4335254;2,808187;-0,1900453;0,3488354;2,784311;-0,4136319;0,3085177;2,677146;-0,514531;0,3017618;2,622943;0,3980658;0,4640128;2,771572;0,6416311;0,5547006;2,666927;0,8390146;0,6572381;2,580669;0,9355309;0,6924758;2,532105;0,1148569;0,03964999;2,702059;0,09812748;-0,4825062;2,739911;0,1089632;-0,8391575;2,698622;0,08375493;-0,9009838;2,621625;0,2792849;0,04134594;2,693097;0,3083311;-0,4828689;2,707882;0,3144676;-0,8470242;2,698102;0,3180673;-0,908648;2,633504; 
0,1990636;0,7510637;2,752195;0,1971138;0,1241915;2,71525;0,2028889;0,184877;2,77667;0,1970267;0,5545718;2,793665;0,02372846;0,4359809;2,810119;-0,2027862;0,3658777;2,78281;-0,4181358;0,3486667;2,687357;-0,5169351;0,3347133;2,627236;0,39879;0,4635843;2,771373;0,6438774;0,5530872;2,667085;0,8379849;0,6551819;2,580104;0,9389005;0,690457;2,530149;0,1150603;0,03990754;2,702352;0,0985368;-0,4827331;2,739977;0,109855;-0,8389634;2,69871;0,08312283;-0,9011505;2,619958;0,2798257;0,04191652;2,692862;0,3084912;-0,4826105;2,70798;0,3138479;-0,8451917;2,698263;0,3186806;-0,9064531;2,636096; 
0,1995123;0,7506028;2,752173;0,1977391;0,1248746;2,715344;0,2036259;0,1853724;2,776779;0,1981926;0,5543602;2,793773;0,0230174;0,4366252;2,810501;-0,2410388;0,3889251;2,779119;-0,4556659;0,3794245;2,680558;-0,5327468;0,4053306;2,65239;0,39917;0,4638174;2,771497;0,6452135;0,5521951;2,667341;0,8385915;0,654299;2,579321;0,9379368;0,6891497;2,529644;0,1152519;0,04013762;2,702422;0,09898499;-0,481793;2,740097;0,1091299;-0,8383242;2,698901;0,08271153;-0,9012642;2,619093;0,2804704;0,04246204;2,692691;0,3084505;-0,4826752;2,707973;0,313948;-0,8452754;2,698195;0,3187013;-0,9068668;2,635456; 
0,1998422;0,7509168;2,751402;0,1984333;0,1264804;2,715869;0,2044429;0,1867143;2,777379;0,200047;0,5550552;2,794708;0,02165781;0,4398645;2,810811;-0,2424133;0,3956898;2,780876;-0,4574428;0,420306;2,68653;-0,5623441;0,4158828;2,636291;0,3998712;0,4638315;2,771636;0,6454219;0,5514977;2,667744;0,8387048;0,6532481;2,579016;0,9361616;0,6871204;2,529366;0,1153521;0,04139968;2,702684;0,09928364;-0,4818815;2,740071;0,1089758;-0,8391234;2,698983;0,08206822;-0,9015411;2,618307;0,2810629;0,04328414;2,692909;0,3086042;-0,4826146;2,707795;0,3140645;-0,8453353;2,69819;0,3189056;-0,9069283;2,635602; 
0,2006004;0,7510287;2,751405;0,1987793;0,1278301;2,716341;0,2049467;0,1877399;2,777659;0,2008028;0,555013;2,794255;0,02030103;0,4440241;2,812313;-0,2475791;0,41562;2,781876;-0,4634286;0,4376736;2,689086;-0,5663489;0,437566;2,637442;0,4000327;0,4640237;2,77154;0,6329675;0,5522094;2,664511;0,837335;0,652109;2,579161;0,9363579;0,6865242;2,529576;0,1153587;0,04324099;2,703418;0,09986198;-0,4808513;2,739989;0,1090347;-0,8389242;2,699085;0,0819635;-0,9014266;2,618292;0,2813411;0,04386163;2,693244;0,3088553;-0,4796481;2,707154;0,3138059;-0,8444164;2,698515;0,3178845;-0,9067718;2,637668; 
0,2015841;0,7520243;2,751118;0,198696;0,1289411;2,716933;0,2049589;0,1884738;2,778042;0,201399;0,5546311;2,793988;0,01916494;0,4464289;2,812485;-0,2535572;0,4301243;2,78287;-0,4708281;0,4626286;2,698072;-0,5671955;0,4642311;2,647858;0,400458;0,4640986;2,771533;0,6395733;0,5496981;2,666984;0,837258;0,6514435;2,579685;0,9368518;0,685726;2,530497;0,1146896;0,04460705;2,704184;0,1003676;-0,480003;2,739982;0,1082858;-0,8377517;2,698371;0,08189195;-0,9012449;2,617687;0,2813802;0,04419585;2,693623;0,3084249;-0,4819383;2,707481;0,3148704;-0,8471901;2,697526;0,3168185;-0,9091851;2,629699; 
0,2025111;0,7527448;2,751866;0,1988151;0,1306131;2,717616;0,2051484;0,1899733;2,778673;0,2022001;0,5550472;2,794092;0,01804149;0,4495715;2,812483;-0,2528853;0,4437211;2,785095;-0,4714767;0,4844847;2,709331;-0,5120061;0,5163718;2,679192;0,4008701;0,4641593;2,771619;0,6339031;0,5513011;2,665002;0,8368618;0,650761;2,580142;0,9366083;0,6850116;2,530995;0,1143651;0,04568819;2,704617;0,1005562;-0,4799149;2,740134;0,1086124;-0,8388769;2,698395;0,08208786;-0,9015774;2,61791;0,2816247;0,04556902;2,694365;0,3084739;-0,4813003;2,70744;0,315083;-0,844919;2,698366;0,3172811;-0,9066201;2,635164; 
0,203337;0,7530064;2,751964;0,1984991;0,1314972;2,718075;0,2049913;0,1908;2,779042;0,20393;0,5556611;2,793813;0,0177078;0,4511139;2,811825;-0,2527665;0,4524811;2,786685;-0,4707467;0,5008119;2,714393;-0,5154275;0,5241617;2,679478;0,4009311;0,4642499;2,77161;0,6402888;0,5493114;2,666924;0,8363572;0,6499748;2,580556;0,934988;0,6838261;2,532197;0,1134285;0,0466941;2,705344;0,1008516;-0,4794514;2,740283;0,1085933;-0,8388476;2,698345;0,08138569;-0,9018366;2,617102;0,2811053;0,04652876;2,694944;0,3087935;-0,4803812;2,707641;0,3151363;-0,8445218;2,698818;0,316507;-0,9048449;2,640517; 
0,2041175;0,7526472;2,751597;0,1977585;0,1328149;2,718778;0,2042598;0,1920678;2,77969;0,203799;0,5560307;2,793901;0,01652574;0,4562004;2,811947;-0,2502064;0,4601591;2,790722;-0,4621033;0,5328357;2,721454;-0,5692363;0,5481214;2,678751;0,4009414;0,4641998;2,771535;0,6416715;0,5490282;2,668393;0,8362739;0,6496698;2,580715;0,9356627;0,6832861;2,532046;0,1124032;0,04833178;2,705907;0,1008498;-0,4794813;2,740321;0,1080726;-0,8392361;2,697905;0,08118089;-0,9019073;2,616543;0,2804632;0,04742581;2,695858;0,3091454;-0,4789042;2,707813;0,3153255;-0,8440773;2,698807;0,3163534;-0,9040954;2,642449; 
0,2044912;0,7528806;2,752262;0,1972438;0,1334588;2,719177;0,2037815;0,1928584;2,780011;0,2035393;0,5568522;2,793571;0,01665896;0,459034;2,812316;-0,2537929;0,4827207;2,793331;-0,4678537;0,546756;2,721798;-0,5421964;0,5894026;2,715171;0,4009628;0,4641679;2,771568;0,6419774;0,5479292;2,669286;0,833006;0,6654491;2,601178;0,9339368;0,682991;2,532927;0,111883;0,04914188;2,706092;0,1008472;-0,4795056;2,740255;0,1075257;-0,8390324;2,697929;0,08086137;-0,9019426;2,616682;0,2796756;0,04810802;2,697069;0,3091431;-0,4788379;2,707836;0,3158117;-0,8434773;2,699725;0,3160858;-0,9039778;2,641106; 
0,20448;0,7529089;2,752309;0,1964194;0,134533;2,719487;0,2031196;0,1939004;2,780185;0,2035819;0,5573902;2,793048;0,01514547;0,4629369;2,8126;-0,2758565;0,5032896;2,790356;-0,4920444;0,5586097;2,717642;-0,5697529;0,594037;2,708421;0,4008014;0,4641695;2,771379;0,6331565;0,5541356;2,666287;0,8439986;0,6539463;2,587269;0,9385628;0,6833431;2,535774;0,1106316;0,05048949;2,706174;0,1004364;-0,4781935;2,739689;0,1078361;-0,8390957;2,697614;0,08089101;-0,9019608;2,616658;0,2788042;0,04887039;2,697913;0,3095785;-0,4761606;2,707458;0,3152667;-0,8416174;2,699958;0,3165257;-0,9036698;2,641157; 
0,2044;0,7531155;2,752391;0,1956237;0,135476;2,719913;0,2024445;0,1948476;2,780492;0,203523;0,5578535;2,79276;0,01470111;0,4642786;2,812525;-0,2687573;0,5091232;2,790982;-0,4847221;0,5729569;2,726676;-0,565225;0,6001173;2,714394;0,4006785;0,4640881;2,771379;0,6352605;0,5534179;2,667866;0,8427248;0,6532065;2,587579;0,9409874;0,6842323;2,537718;0,1096425;0,05151981;2,706561;0,100441;-0,4780797;2,739691;0,1076221;-0,8399131;2,697263;0,08087076;-0,9020504;2,616666;0,2778903;0,04969294;2,698689;0,3094465;-0,4758503;2,707461;0,315221;-0,8410799;2,700246;0,3152751;-0,9031887;2,642066; 
0,2042827;0,7532478;2,752438;0,1951767;0,1363072;2,720286;0,2020256;0,1958188;2,780824;0,2035095;0,5588535;2,792596;0,01424304;0,4670798;2,812867;-0,278191;0,5210909;2,788462;-0,4924313;0,5923198;2,726607;-0,5732731;0,618373;2,714352;0,4005653;0,4639984;2,771388;0,6366192;0,552844;2,668887;0,9054973;0,675085;2,553575;0,9816457;0,6911052;2,517393;0,109103;0,05235991;2,706798;0,1004432;-0,4780822;2,739673;0,1082226;-0,8386828;2,697392;0,0812916;-0,9013953;2,617826;0,2774068;0,05045952;2,699385;0,3090888;-0,4758599;2,707502;0,3152398;-0,8410938;2,700281;0,3159727;-0,9034947;2,639387; 
0,2042672;0,7532858;2,752442;0,1949053;0,1365306;2,720445;0,2016999;0,1962015;2,780905;0,2033753;0,559379;2,791551;0,01379723;0,4680309;2,812245;-0,2890456;0,5422707;2,784445;-0,5072297;0,6023765;2,724879;-0,5880953;0,6282685;2,712664;0,4000285;0,4637237;2,771361;0,6377782;0,552217;2,670686;0,9059788;0,6751335;2,554111;0,9819439;0,6932753;2,518628;0,108803;0,05256797;2,706951;0,1003902;-0,4782171;2,739619;0,1082968;-0,8386118;2,697398;0,08125379;-0,9015064;2,617679;0,276997;0,05076436;2,700032;0,3095142;-0,474036;2,70752;0,3152642;-0,841011;2,69996;0,3162999;-0,9029307;2,640109; 
0,2040153;0,7539111;2,752753;0,1940733;0,1371291;2,72082;0,2008819;0,1969527;2,781233;0,2031026;0,5603473;2,791486;0,01323343;0,4695193;2,812092;-0,2732992;0,5434384;2,786245;-0,4889097;0,6146235;2,730366;-0,5491975;0,6733359;2,746863;0,3996965;0,463524;2,771481;0,6387157;0,5520522;2,671592;0,9063721;0,6755273;2,554108;0,9819792;0,6955037;2,518916;0,107653;0,05331299;2,707409;0,1004761;-0,4781085;2,739438;0,1095473;-0,840361;2,698944;0,08125688;-0,9020754;2,618553;0,2762556;0,05115804;2,700483;0,3094966;-0,4741398;2,707643;0,3151613;-0,8410473;2,699864;0,3174316;-0,9045308;2,637; 
0,2038046;0,7544062;2,753098;0,193093;0,1388865;2,721729;0,2000163;0,1986465;2,782108;0,2032726;0,5613897;2,792036;0,01269594;0,4710928;2,81166;-0,2161989;0,5407628;2,796257;-0,4484945;0,6083694;2,735865;-0,5121585;0,6624504;2,755101;0,3995553;0,4635122;2,77152;0,6388696;0,5518789;2,672251;0,9060961;0,6759884;2,554758;0,9819012;0,697444;2,520978;0,1064859;0,05513373;2,708975;0,1003595;-0,4780592;2,739434;0,1090181;-0,8400026;2,699435;0,081251;-0,9021463;2,618466;0,2750824;0,0526046;2,700762;0,3094122;-0,4743115;2,707791;0,3150533;-0,8409956;2,699876;0,3174834;-0,9041549;2,637959; 
0,2040346;0,754362;2,753343;0,1924297;0,1399414;2,722451;0,1992896;0,1996713;2,782887;0,2028369;0,5621295;2,792921;0,01192252;0,4726445;2,811443;-0,2159645;0,541641;2,795568;-0,4359325;0,6133533;2,740968;-0,5018342;0,6648451;2,759606;0,3994938;0,4635097;2,771498;0,6395504;0,5523089;2,673498;0,9061376;0,6769508;2,555349;0,9814979;0,6985146;2,520742;0,1057932;0,0559663;2,709595;0,1002005;-0,4778454;2,739515;0,1089774;-0,840028;2,69912;0,08126155;-0,9022006;2,618498;0,2746001;0,05333753;2,701207;0,3091947;-0,4735178;2,707533;0,315647;-0,8429313;2,698462;0,3177102;-0,903775;2,639432; 
0,2044679;0,7551854;2,755007;0,192196;0,1405252;2,72279;0,1989767;0,2002422;2,783185;0,2027988;0,5623745;2,792966;0,01177659;0,4732264;2,810909;-0,263089;0,5640443;2,786304;-0,4780012;0,6379545;2,732414;-0,5448537;0,6878914;2,751755;0,3993535;0,4636336;2,771721;0,6392267;0,5524005;2,673757;0,9052594;0,6780078;2,555246;0,980922;0,7001674;2,521762;0,1055492;0,05645906;2,709956;0,1001673;-0,4779105;2,739504;0,1088233;-0,8401928;2,699251;0,08114817;-0,9023533;2,618244;0,2743363;0,05395271;2,701586;0,3091511;-0,4727189;2,707455;0,3161069;-0,8408608;2,698654;0,3164818;-0,9024667;2,643249; 
0,2044902;0,7551976;2,755234;0,1920046;0,140591;2,722944;0,1987316;0,2003346;2,783326;0,2025482;0,5624424;2,792995;0,01162519;0,4739847;2,810796;-0,2098324;0,5486012;2,789832;-0,4430372;0,6331481;2,73683;-0,5099616;0,6830196;2,755925;0,3991348;0,4636376;2,771757;0,6392993;0,5523326;2,674555;0,9043409;0,6792105;2,55544;0,9791493;0,7052888;2,52297;0,1053684;0,05651427;2,710055;0,1000809;-0,477889;2,739553;0,1088884;-0,8402206;2,699073;0,08110178;-0,9023719;2,618246;0,2741661;0,05404952;2,701872;0,3090312;-0,4730482;2,707659;0,3160333;-0,8405243;2,698747;0,3166858;-0,9024826;2,643483; 
0,2043055;0,75523;2,755204;0,1914443;0,141256;2,723228;0,1981536;0,2009607;2,783499;0,2023333;0,5626724;2,792709;0,01105914;0,4758175;2,81046;-0,210852;0,5498222;2,788325;-0,4569837;0,64752;2,729241;-0,5396143;0,7005368;2,698767;0,3989793;0,4637395;2,771793;0,6386969;0,5522887;2,676088;0,8373436;0,6656594;2,59533;0,9375129;0,6948466;2,539995;0,1048428;0,05726175;2,710634;0,1000992;-0,4777508;2,739549;0,1088723;-0,8401808;2,699011;0,08112381;-0,9024481;2,61834;0,2734728;0,05449325;2,702105;0,3090971;-0,4731002;2,707768;0,3159462;-0,8407996;2,698045;0,3187897;-0,9032674;2,638482; 
0,2035721;0,7558676;2,755355;0,1909657;0,141786;2,723505;0,197695;0,2014848;2,783726;0,2021822;0,5629106;2,792689;0,01066016;0,4763037;2,810219;-0,2155431;0,5529215;2,787013;-0,4580695;0,6492071;2,728673;-0,5395127;0,7005702;2,698826;0,3984787;0,4642001;2,771804;0,628736;0,5578411;2,673187;0,8952128;0,6849106;2,558828;0,9720205;0,696571;2,523003;0,104364;0,05786371;2,710992;0,09976105;-0,4772656;2,739517;0,108606;-0,8399189;2,69922;0,08094081;-0,9024263;2,618255;0,2728881;0,05492121;2,702394;0,3085348;-0,4734679;2,708296;0,3158333;-0,8415471;2,698049;0,3187712;-0,9037377;2,637395; 
0,203007;0,7563811;2,754761;0,1904638;0,1425082;2,723708;0,1971929;0,2022283;2,783897;0,2020317;0,5634832;2,792636;0,01035522;0,4774575;2,810105;-0,2506469;0,566339;2,781572;-0,4603921;0,6519892;2,725455;-0,5400845;0,7014355;2,698455;0,3984331;0,4642641;2,771865;0,6303825;0,5573881;2,675331;0,8409876;0,6695483;2,592685;0,9359658;0,6975275;2,540896;0,1036556;0,05869044;2,711226;0,09951425;-0,4772812;2,739621;0,1088885;-0,8401352;2,698709;0,08084773;-0,9021163;2,618026;0,2724861;0,05535789;2,702592;0,3078179;-0,4740549;2,708689;0,3162425;-0,8396165;2,698706;0,3176904;-0,9026731;2,640567; 
0,2029079;0,7564061;2,754736;0,190169;0,1428313;2,723885;0,1967516;0,2026055;2,784061;0,2013178;0,5638514;2,79257;0,01005145;0,4779727;2,809728;-0,2377961;0,5358558;2,782278;-0,4537966;0,6519822;2,724962;-0,542141;0,7041248;2,695641;0,3981911;0,464662;2,772094;0,6314828;0,5578539;2,677388;0,8953927;0,6881135;2,560669;0,9702036;0,6986097;2,520683;0,1034919;0,05892682;2,711447;0,09950788;-0,4772526;2,739627;0,1074122;-0,8397173;2,69743;0,08096343;-0,9019508;2,617995;0,2722136;0,05561973;2,702736;0,307805;-0,474013;2,708737;0,314437;-0,8419478;2,698254;0,3175294;-0,9032443;2,638882; 
0,2027445;0,7565432;2,75484;0,18978;0,1438663;2,723899;0,1963277;0,2034788;2,784031;0,2012506;0,5640815;2,792388;0,009763703;0,478884;2,80924;-0,2256612;0,5407085;2,781673;-0,4496488;0,6542429;2,724216;-0,5416607;0,704873;2,695947;0,3981467;0,4649889;2,772206;0,6316551;0,5577688;2,677919;0,8952582;0,6882815;2,561064;0,9337346;0,6997848;2,543012;0,1029969;0,05997368;2,711478;0,09944274;-0,4771746;2,739813;0,10728;-0,8389195;2,697781;0,08096463;-0,9014099;2,618162;0,2718743;0,05634688;2,702769;0,3076391;-0,4740919;2,708685;0,3144176;-0,8419214;2,698386;0,3175007;-0,903843;2,637174; 
0,2026287;0,7567275;2,755074;0,1896189;0,143861;2,723869;0,1960791;0,2035027;2,784016;0,200908;0,5642803;2,79244;0,009535202;0,4791709;2,808834;-0,2238822;0,5414429;2,781724;-0,4498448;0,6555689;2,722984;-0,5414353;0,7056185;2,696038;0,3978294;0,4652935;2,772255;0,6209658;0,5625513;2,673183;0,8485488;0,6805565;2,59012;0,9320605;0,7005675;2,545527;0,1028453;0,05999558;2,711321;0,09933507;-0,477215;2,739837;0,1075683;-0,8388959;2,69793;0,08434644;-0,9006796;2,622566;0,2716978;0,05633718;2,702828;0,3076226;-0,4740714;2,70869;0,3143985;-0,8418623;2,698483;0,3174311;-0,9038022;2,636757; 
0,2022575;0,7568488;2,754829;0,1895537;0,1439458;2,723888;0,1958778;0,2035922;2,784069;0,2005059;0,5645285;2,792771;0,009224878;0,479564;2,808357;-0,2229591;0,5424702;2,781759;-0,4506245;0,6570182;2,722458;-0,541624;0,7061527;2,69594;0,3977048;0,4655836;2,772429;0,6394074;0,5693386;2,677845;0,8458126;0,6795609;2,59238;0,9315017;0,7020351;2,547857;0,1028311;0,06005048;2,711297;0,09952722;-0,4769757;2,739838;0,107525;-0,8388435;2,697862;0,08357909;-0,9006697;2,620439;0,2716448;0,05639363;2,702832;0,3076119;-0,4740851;2,708709;0,314624;-0,8423612;2,698121;0,3199479;-0,9060891;2,63106; 
0,2022543;0,7569423;2,754761;0,1893041;0,1442232;2,723885;0,1954715;0,2039371;2,784045;0,1995202;0,5647739;2,792382;0,008928233;0,4799396;2,808001;-0,2216706;0,5444376;2,781794;-0,4511275;0,6584499;2,721759;-0,5418164;0,7066821;2,695855;0,3975531;0,4658131;2,77253;0,6416884;0,5702574;2,679121;0,8441133;0,6795622;2,595708;0,9327202;0,7040045;2,551924;0,102665;0,0602115;2,711249;0,09937477;-0,4769284;2,739794;0,1074927;-0,8388568;2,697868;0,08300838;-0,9009094;2,6196;0,2715157;0,05664802;2,702921;0,3075989;-0,4740794;2,708816;0,3143526;-0,8424911;2,698524;0,3197776;-0,9066262;2,631338; 
0,2021448;0,7567335;2,755008;0,1889024;0,1443883;2,723825;0,1948937;0,2040333;2,784015;0,1984745;0,5644999;2,792557;0,008459229;0,4802497;2,807661;-0,2217623;0,5451832;2,781809;-0,4501934;0,6592762;2,721547;-0,5430952;0,7111496;2,697463;0,3973061;0,4661096;2,77281;0,6404879;0,5680665;2,681874;0,8445238;0,6801355;2,596246;0,9322196;0,7047076;2,552605;0,1023856;0,06029594;2,711147;0,09923965;-0,4769195;2,739918;0,1078956;-0,8392942;2,700021;0,0831415;-0,90113;2,619676;0,2712042;0,05678841;2,702806;0,3070962;-0,4743607;2,70904;0,3141683;-0,8428158;2,698343;0,3195994;-0,9065155;2,630957; 
0,2020737;0,756921;2,755101;0,188866;0,1445322;2,723687;0,1947477;0,2041938;2,783886;0,1981167;0,5647172;2,792417;0,008148724;0,4803026;2,807273;-0,2223226;0,5469108;2,781172;-0,4507687;0,660205;2,721503;-0,5443395;0,7135023;2,697932;0,3973013;0,466182;2,772884;0,6445124;0,5720229;2,6811;0,8435063;0,6789292;2,597856;0,9321601;0,7059414;2,553882;0,10238;0,06038591;2,7109;0,09913902;-0,4769625;2,739964;0,1077579;-0,8392231;2,699587;0,08309875;-0,9011512;2,6195;0,2712309;0,05688107;2,70272;0,3070934;-0,4743444;2,709131;0,3142195;-0,8424903;2,698651;0,3193057;-0,9062642;2,631287; 
0,2020993;0,7572494;2,754848;0,1886721;0,1446498;2,723619;0,194509;0,2042832;2,783857;0,1978425;0,5648749;2,792671;0,008056156;0,4803948;2,807129;-0,2230915;0,5502325;2,778407;-0,4519196;0,6616992;2,720892;-0,5453084;0,7152219;2,696899;0,3972996;0,4662214;2,772919;0,6405514;0,5674975;2,684713;0,9069518;0,6970832;2,57581;0,9337744;0,7072883;2,555943;0,1020715;0,06059256;2,710612;0,0990863;-0,4761846;2,739977;0,1074211;-0,8387626;2,69984;0,08263592;-0,9011919;2,618973;0,2711366;0,05691607;2,702681;0,3069881;-0,4743718;2,709155;0,3141719;-0,8424519;2,698644;0,3189507;-0,9069548;2,628439; 
0,2021127;0,7572167;2,754815;0,1881275;0,145068;2,72333;0,1939319;0,2046483;2,783592;0,1973926;0,5650572;2,792521;0,007742187;0,4805968;2,806748;-0,2229692;0,5505767;2,778657;-0,4509425;0,6623033;2,72065;-0,5451671;0,7161736;2,696793;0,396946;0,4663547;2,772694;0,6267358;0,5684955;2,685013;0,8371277;0,672763;2,608008;0,9336315;0,7077619;2,556934;0,1016393;0,06101398;2,710392;0,09890139;-0,4758134;2,739723;0,1073558;-0,8384835;2,699735;0,08269139;-0,9011552;2,618994;0,2705086;0,05733545;2,70223;0,3068658;-0,4740995;2,709482;0,3140491;-0,8422861;2,698533;0,318646;-0,9064993;2,634896; 
0,2018229;0,7572329;2,755378;0,1878352;0,1451446;2,723131;0,19355;0,2046737;2,783434;0,1965491;0,5650253;2,792712;0,007611303;0,480853;2,806652;-0,2224825;0,5511;2,779353;-0,4512368;0,6627731;2,720615;-0,5445732;0,7174271;2,697289;0,3966019;0,4665717;2,772754;0,6279442;0,5670931;2,685496;0,83754;0,672777;2,607254;0,9335583;0,707713;2,556829;0,1013101;0,06122009;2,709915;0,09884683;-0,4756693;2,739695;0,107292;-0,8384922;2,699816;0,08273171;-0,9013479;2,618677;0,2703575;0,0573972;2,702108;0,3067201;-0,4740848;2,709427;0,3141503;-0,8424612;2,698761;0,3185416;-0,9059978;2,635491; 
0,2018342;0,7575167;2,755449;0,1876263;0,1451481;2,722947;0,1932965;0,2046568;2,783299;0,1965132;0,5650243;2,79271;0,007678369;0,4811484;2,806269;-0,229691;0,5459249;2,778156;-0,4526135;0,6637626;2,7204;-0,5457781;0,717846;2,69552;0,395552;0,4666963;2,772967;0,6298395;0,5653733;2,687058;0,8377783;0,672155;2,605154;0,9335481;0,7075517;2,556224;0,1012222;0,06133176;2,709772;0,09864834;-0,4759815;2,739698;0,1072737;-0,8383825;2,698623;0,08160129;-0,9025979;2,614897;0,2698804;0,05757747;2,70177;0,3066659;-0,473575;2,709495;0,31416;-0,8425923;2,699108;0,3173893;-0,9039266;2,641777; 
0,2014242;0,7563463;2,755715;0,1872517;0,1451225;2,722607;0,1929124;0,2045952;2,783007;0,1958458;0,5649799;2,792715;0,00741825;0,4811847;2,806262;-0,240629;0,5709912;2,770216;-0,4534641;0,6642767;2,720457;-0,5658628;0,7239833;2,687492;0,3949057;0,4664773;2,772628;0,6251881;0,5666301;2,68492;0,8378788;0,6723849;2,604336;0,9333544;0,7071583;2,556288;0,1009397;0,06139681;2,709354;0,0982538;-0,474957;2,73946;0,1074235;-0,8381569;2,698897;0,08159203;-0,9025794;2,614937;0,2695531;0,05755289;2,701393;0,3064325;-0,4736391;2,709375;0,3141634;-0,8426811;2,699079;0,317107;-0,9051428;2,638215; 
0,2013897;0,756332;2,755719;0,186909;0,1450447;2,722412;0,1925489;0,2045028;2,782853;0,195354;0,5649806;2,792813;0,00729829;0,4812029;2,806218;-0,2468955;0,5724837;2,77174;-0,4540199;0,6640337;2,71974;-0,553881;0,721287;2,688711;0,3942695;0,4662763;2,772496;0,6264691;0,5653355;2,686019;0,8379299;0,6718363;2,603855;0,9333752;0,7069376;2,556095;0,1008415;0,06139132;2,709234;0,09818101;-0,4749708;2,739439;0,1074209;-0,8383404;2,698711;0,08160536;-0,9026261;2,614947;0,2689874;0,05754271;2,701042;0,306374;-0,4736104;2,709331;0,3133994;-0,8447117;2,699188;0,3175726;-0,9063711;2,636638; 
0,2013648;0,7566381;2,755632;0,1865545;0,1448753;2,721973;0,1922169;0,2043578;2,782493;0,1951274;0,5650623;2,792741;0,006983631;0,4810734;2,805717;-0,2352928;0,5629448;2,774578;-0,4487943;0,661726;2,719178;-0,5531545;0,7202572;2,687917;0,3931956;0,466265;2,772017;0,6281081;0,5625607;2,687756;0,8383698;0,6712079;2,603517;0,9346533;0,7064951;2,555296;0,1006192;0,06132882;2,708839;0,09780875;-0,4746315;2,739197;0,1072263;-0,8379481;2,699017;0,08160332;-0,9026008;2,614981;0,2685695;0,05750744;2,700526;0,3057937;-0,4737451;2,709215;0,3130032;-0,8453718;2,698934;0,3178285;-0,9066914;2,635955; 
0,2012377;0,7564618;2,755489;0,1864331;0,1449584;2,721804;0,1920798;0,2044125;2,782384;0,1951246;0,5652491;2,792861;0,006544454;0,4811351;2,805426;-0,2446454;0,5664952;2,773846;-0,4506523;0,6624308;2,717757;-0,5516891;0,7173145;2,684948;0,3928815;0,466268;2,77201;0,6246853;0,5630904;2,687095;0,8385263;0,6705287;2,603742;0,9337078;0,7053789;2,555382;0,1005323;0,06137819;2,708752;0,09770136;-0,4741769;2,739149;0,1072547;-0,8379509;2,698939;0,08160561;-0,9025855;2,614923;0,2683177;0,0577083;2,699964;0,3057023;-0,4737679;2,70918;0,3131054;-0,8453571;2,698431;0,3177723;-0,9068375;2,635362; 
0,2011568;0,7564319;2,755636;0,1862238;0,1446904;2,721443;0,1918517;0,2041655;2,782139;0,194352;0,5653796;2,793204;0,006507832;0,4811316;2,805413;-0,2261917;0,5612572;2,777023;-0,4503996;0,6622398;2,717745;-0,5493763;0,7157979;2,686275;0,3926718;0,466346;2,771821;0,6279435;0,562536;2,687781;0,8929229;0,6838253;2,566619;0,9662606;0,7258393;2,552969;0,1003029;0,06102979;2,707472;0,09768504;-0,474193;2,739122;0,1075432;-0,8381886;2,699194;0,08142423;-0,9023647;2,615462;0,2682832;0,05762339;2,69991;0,3056932;-0,4738734;2,709109;0,3134976;-0,8444261;2,698884;0,3169385;-0,9049798;2,640657; 
0,2012637;0,7565578;2,755648;0,1861147;0,1443593;2,721049;0,1916751;0,2039107;2,781799;0,1938255;0,5654503;2,793016;0,00611799;0,4810234;2,805321;-0,2479452;0,565462;2,773722;-0,4514713;0,6626999;2,717493;-0,5488125;0,7149065;2,686621;0,3921566;0,4664732;2,771751;0,6388243;0,5679137;2,686309;0,8360361;0,6692853;2,598959;0,933147;0,7043118;2,554792;0,1002324;0,06066818;2,706559;0,09733808;-0,4735728;2,738914;0,107351;-0,8377047;2,699073;0,0813576;-0,9021815;2,615312;0,2683186;0,05742102;2,699848;0,3055547;-0,4735252;2,709075;0,3136751;-0,8438629;2,698526;0,3170736;-0,9046038;2,639542; 
0,201091;0,7567423;2,755637;0,1859737;0,144468;2,72084;0,1915721;0,2039803;2,78161;0,1937505;0,5654756;2,792981;0,005955395;0,4809566;2,805338;-0,2497385;0,5662155;2,772712;-0,4534148;0,6632948;2,716836;-0,5474131;0,7136546;2,687023;0,3919717;0,4665096;2,771454;0,6378159;0,5665137;2,686993;0,8360549;0,6695601;2,598976;0,932934;0,7042792;2,554996;0,1001246;0,06080807;2,706365;0,09730572;-0,4735048;2,738872;0,1074541;-0,8376343;2,698931;0,08136503;-0,9021553;2,615347;0,2681834;0,05750759;2,699617;0,3055448;-0,473478;2,70912;0,3141791;-0,8444833;2,698088;0,3162281;-0,9046981;2,641583; 
0,2010198;0,7570118;2,755515;0,1856356;0,1447255;2,720324;0,1911492;0,2041829;2,781086;0,1928767;0,5653664;2,79245;0,005676815;0,4808101;2,805352;-0,2524325;0,566599;2,771459;-0,4558335;0,6645207;2,716141;-0,5440397;0,7131512;2,689097;0,3918563;0,4664903;2,771422;0,6408212;0,5682601;2,686521;0,9039052;0,6948096;2,56672;0,9813231;0,7142945;2,535858;0,09998568;0,06093033;2,706127;0,09737227;-0,4734823;2,738811;0,1071839;-0,8361268;2,699687;0,08124363;-0,9013764;2,616219;0,2678718;0,05785361;2,698836;0,3050802;-0,4718021;2,708343;0,3144285;-0,8439079;2,698097;0,3159467;-0,9041051;2,641988; 
0,2007271;0,756633;2,755303;0,1853394;0,1446229;2,720046;0,1908041;0,204124;2,780833;0,1923163;0,5656539;2,792364;0,005231434;0,4808057;2,805311;-0,2399635;0,5582815;2,774924;-0,4516164;0,6624221;2,715997;-0,5460452;0,7128633;2,683998;0,3913749;0,4662041;2,771357;0,6426101;0,5706625;2,686122;0,8397337;0,6698707;2,609071;0,9358806;0,7060359;2,555495;0,09966965;0,06091051;2,705672;0,09729674;-0,4734736;2,738771;0,1074203;-0,8363597;2,699552;0,08246351;-0,9013438;2,61887;0,2677198;0,05773317;2,698723;0,3050139;-0,4718043;2,708277;0,314129;-0,8445492;2,697994;0,3159015;-0,9039;2,641012; 
0,200468;0,7568011;2,755141;0,1852558;0,1449084;2,719862;0,1906717;0,2042911;2,780684;0,1920258;0,5655557;2,79233;0,004650381;0,4806859;2,805228;-0,2465857;0,5635221;2,772276;-0,4527538;0,6628222;2,71559;-0,546457;0,7133428;2,683725;0,3913009;0,4663063;2,771378;0,643917;0,5723199;2,68609;0,8398819;0,6721841;2,606475;0,932885;0,7045617;2,556427;0,09963975;0,06105329;2,705578;0,09732984;-0,4734437;2,738742;0,1072716;-0,8362294;2,699399;0,08277142;-0,9010055;2,619427;0,2677225;0,05801546;2,698383;0,3050909;-0,4717638;2,708261;0,3142192;-0,8445969;2,698025;0,3157667;-0,9034704;2,64056; 
0,2002595;0,7569516;2,755181;0,1851556;0,1452101;2,719591;0,1905704;0,2044533;2,780452;0,1919206;0,5654161;2,792213;0,004445555;0,4806874;2,805197;-0,2486218;0,5648563;2,771025;-0,453602;0,6631906;2,714693;-0,5464612;0,7140141;2,683122;0,3910806;0,4662412;2,771279;0,6377108;0,5659803;2,688275;0,8453351;0,6766104;2,601376;0,9330184;0,704624;2,556447;0,09957545;0,06135819;2,705428;0,09722086;-0,4731662;2,738652;0,1074406;-0,8362018;2,699433;0,08414659;-0,897418;2,625882;0,2676308;0,0583441;2,697891;0,3049132;-0,471283;2,708094;0,3144372;-0,8433788;2,697525;0,3163263;-0,9033552;2,638789; 
0,1996906;0,7565197;2,755309;0,185101;0,1452802;2,719525;0,1904913;0,2045316;2,780374;0,1917107;0,5654706;2,792135;0,004250295;0,4807116;2,805254;-0,2526983;0,5666612;2,769847;-0,4560434;0,6643285;2,713597;-0,5466958;0,7144681;2,682977;0,3910788;0,4662454;2,771265;0,6411327;0,5688832;2,68646;0,8429019;0,6767701;2,601017;0,9320487;0,7045531;2,557368;0,09954587;0,06138892;2,705398;0,09727077;-0,4726833;2,738438;0,1072702;-0,8358256;2,699114;0,0832051;-0,8979235;2,623041;0,2676198;0,05837337;2,697824;0,3048031;-0,4740077;2,708661;0,3141825;-0,8443321;2,696918;0,3154211;-0,9079856;2,628771; 
0,1996043;0,7565139;2,75534;0,1849908;0,1455237;2,719292;0,1904069;0,2047123;2,780189;0,1917746;0,5655837;2,792154;0,004067658;0,480651;2,805212;-0,2530122;0,5667174;2,769868;-0,4562224;0,6645542;2,713261;-0,5734065;0,7256887;2,681827;0,391017;0,4662589;2,771253;0,6432403;0,5698507;2,686077;0,9087327;0,6943457;2,569808;0,9824153;0,7246836;2,538426;0,09942003;0,0615853;2,705232;0,09722853;-0,4726962;2,73849;0,1074111;-0,8360587;2,699361;0,083227;-0,8978658;2,623044;0,2674414;0,05868784;2,697368;0,3048421;-0,4732908;2,708291;0,314179;-0,8439253;2,697228;0,3146886;-0,9048963;2,634272; 
0,19957;0,75657;2,755497;0,1848698;0,1455053;2,719189;0,1902248;0,2046797;2,780074;0,1913027;0,5654367;2,79208;0,0036819;0,4807348;2,805371;-0,2527305;0,5668465;2,769584;-0,4559625;0,6644872;2,712529;-0,5737849;0,7256343;2,681635;0,390977;0,4663328;2,771409;0,6440247;0,5702434;2,685857;0,8434973;0,6698567;2,602519;0,9324709;0,7042648;2,559057;0,09919824;0,06148915;2,70486;0,09728532;-0,4727735;2,738409;0,1076299;-0,8360496;2,699473;0,08328302;-0,8979342;2,623485;0,2674292;0,05866698;2,697368;0,3047776;-0,4726239;2,708092;0,3140962;-0,8438562;2,697162;0,3140193;-0,9043167;2,638316; 
0,1993432;0,7568561;2,755232;0,1847569;0,145608;2,71912;0,1901217;0,2047889;2,780006;0,1913393;0,5655985;2,792051;0,003394556;0,4806699;2,805351;-0,252663;0,5671579;2,769362;-0,4560646;0,6643285;2,711996;-0,5468997;0,7181579;2,676661;0,3909693;0,466391;2,771444;0,6403838;0,5666621;2,687489;0,8352243;0,6723881;2,6138;0,9323493;0,7042422;2,558757;0,0990672;0,06155396;2,704833;0,09723212;-0,4728441;2,738373;0,1076285;-0,8355741;2,698626;0,08287437;-0,8979958;2,61971;0,2673123;0,05871062;2,697271;0,304682;-0,47231;2,708121;0,3146237;-0,8427466;2,697468;0,3142236;-0,9040436;2,638508; 
0,1993338;0,7574692;2,75543;0,1846656;0,1456162;2,718988;0,1899904;0,2048158;2,779836;0,1911465;0,5654908;2,791667;0,003362653;0,4806402;2,805271;-0,2525536;0,5668015;2,768894;-0,4557053;0,6643006;2,71114;-0,5639519;0,721926;2,675236;0,3908669;0,4663355;2,771463;0,6279047;0,566599;2,680274;0,8277155;0,6716807;2,62476;0,9264032;0,7098536;2,577469;0,09902238;0,06154907;2,704806;0,09713607;-0,4729201;2,73832;0,1070089;-0,8357661;2,698181;0,08637378;-0,8975022;2,624788;0,2672415;0,05875187;2,69712;0,3041985;-0,4720412;2,707885;0,3148831;-0,8420066;2,697755;0,3147523;-0,9039569;2,637708; 
0,1994386;0,7581062;2,75443;0,1845774;0,1456134;2,718855;0,1898462;0,2048502;2,779666;0,1908628;0,5655261;2,791303;0,00326407;0,4805016;2,805049;-0,2536386;0,5674738;2,76845;-0,4568633;0,6645128;2,710063;-0,5562549;0,7203869;2,675587;0,3907956;0,4663392;2,771407;0,6287996;0,5627904;2,683712;0,8455904;0,6707189;2,60616;0,9325593;0,703855;2,558883;0,09898501;0,06156413;2,704751;0,09710708;-0,4727582;2,738295;0,1069973;-0,8357804;2,698159;0,08421946;-0,898661;2,622708;0,2671894;0,05872488;2,697026;0,3030464;-0,4750246;2,708159;0,3149098;-0,842419;2,697408;0,3144853;-0,9073835;2,630883; 
0,1990589;0,7576856;2,754771;0,1843787;0,1455236;2,718836;0,1896681;0,2047809;2,779649;0,1908031;0,5655313;2,791319;0,003075668;0,4805527;2,804886;-0,2521852;0,5661559;2,767764;-0,4563928;0,6642347;2,709321;-0,5599152;0,7208288;2,674193;0,38993;0,4664015;2,771269;0,6301115;0,5619394;2,685437;0,8455597;0,6706708;2,606149;0,9326528;0,7036554;2,558798;0,0988601;0,06153442;2,704815;0,09710264;-0,4727766;2,738323;0,107087;-0,8359243;2,698233;0,08410189;-0,8988478;2,622499;0,2668915;0,05867141;2,696945;0,3033011;-0,4757695;2,708123;0,3149534;-0,8430715;2,697018;0,3147028;-0,90854;2,628533; 
0,1990594;0,757841;2,755059;0,1842814;0,1456855;2,718803;0,1895497;0,204918;2,779611;0,190705;0,5655684;2,791296;0,003004638;0,4805057;2,804796;-0,2464787;0,5624819;2,766455;-0,4566334;0,6643457;2,708849;-0,5584742;0,7205185;2,67184;0,3899091;0,4665499;2,771294;0,6239147;0,5636666;2,68267;0,8253531;0,6632926;2,622121;0,9217645;0,7005521;2,569505;0,09879775;0,06160439;2,704785;0,09699877;-0,4739178;2,738521;0,1072301;-0,8360066;2,698278;0,08417896;-0,8987725;2,622781;0,2668113;0,05891028;2,696945;0,3032819;-0,4737656;2,70801;0,3154315;-0,8419263;2,697166;0,3155644;-0,9052296;2,633296; 
0,1990209;0,7578726;2,755102;0,1840335;0,1458075;2,718752;0,1892742;0,2050212;2,779556;0,1904266;0,5655751;2,791264;0,002857235;0,480651;2,804699;-0,2416391;0,5386837;2,773237;-0,4565773;0,6643789;2,708433;-0,5539376;0,7193753;2,671258;0,3898904;0,4665266;2,771208;0,6393374;0,5689541;2,683938;0,8381771;0,6667863;2,610292;0,9352072;0,7044608;2,55896;0,09862332;0,06167478;2,704769;0,09678313;-0,473546;2,738492;0,1072109;-0,8356853;2,698393;0,08321175;-0,8987164;2,620631;0,2665697;0,05901045;2,696879;0,3034115;-0,4735223;2,708023;0,315109;-0,842481;2,697596;0,3158817;-0,9049234;2,636285; 
0,199073;0,7579374;2,755009;0,1838772;0,1459023;2,718751;0,1891183;0,2050687;2,77957;0,1903726;0,565541;2,7914;0,00274363;0,4807497;2,804583;-0,2340775;0,5471385;2,769671;-0,4568124;0,6642849;2,707943;-0,5528445;0,7189521;2,671238;0,3898646;0,4665712;2,771239;0,6414821;0,5706792;2,684549;0,8396389;0,668179;2,608239;0,9325593;0,7028685;2,55955;0,09845844;0,06179356;2,704811;0,09665097;-0,4730511;2,738298;0,1070758;-0,8357376;2,699404;0,08304755;-0,8989286;2,620688;0,2663599;0,05908088;2,69678;0,3033397;-0,4735849;2,708095;0,3152651;-0,8430931;2,697676;0,315957;-0,9055971;2,635544; 
0,1990401;0,7579271;2,755012;0,1837774;0,146005;2,718667;0,1889714;0,205194;2,779457;0,1900316;0,5655084;2,791039;0,002694752;0,4807635;2,804495;-0,2326581;0,5473219;2,76989;-0,4567837;0,6644164;2,707787;-0,5504107;0,7197994;2,674797;0,3899353;0,4665322;2,771232;0,640226;0,5680168;2,68565;0,8372627;0,6667642;2,607676;0,9328367;0,7029528;2,559564;0,09836868;0,06188683;2,704744;0,09644314;-0,4730763;2,738304;0,1072522;-0,8359154;2,699756;0,08293235;-0,8991407;2,620669;0,2663393;0,05909245;2,696761;0,3034172;-0,4732437;2,707969;0,3156388;-0,843571;2,69854;0,3150791;-0,9050262;2,639353; 
0,1992877;0,7575535;2,75491;0,1836281;0,1455452;2,718439;0,1888123;0,2048585;2,779268;0,1899837;0,565519;2,790999;0,002438249;0,4806475;2,80416;-0,2342765;0,5456513;2,769756;-0,4568006;0,6644602;2,70768;-0,5497924;0,7191877;2,673562;0,3894368;0,4662856;2,771042;0,6388924;0,5663792;2,68706;0,8369759;0,6675805;2,607005;0,9327201;0,7029106;2,559683;0,09804761;0,06138453;2,704022;0,09606303;-0,4729586;2,738157;0,1072801;-0,8357388;2,69951;0,08667783;-0,8943355;2,629559;0,2663189;0,05872294;2,696898;0,3033262;-0,4728023;2,70776;0,3157378;-0,8429137;2,698823;0,3145506;-0,9037666;2,64123; 
0,1991947;0,7575207;2,754854;0,1836271;0,1456413;2,718399;0,1888159;0,2049417;2,779218;0,1899934;0,5655571;2,790936;0,002421349;0,4806175;2,804152;-0,2344399;0,5483313;2,769048;-0,4567542;0,6645847;2,707022;-0,5506826;0,7192563;2,673171;0,3894244;0,4663801;2,771004;0,6373979;0,5645325;2,688106;0,8370261;0,6682364;2,606479;0,9325746;0,7028016;2,559919;0,09805259;0,0614823;2,704029;0,09613335;-0,4725582;2,738046;0,1071634;-0,8355923;2,699639;0,08499209;-0,8968013;2,625658;0,26632;0,05881274;2,696849;0,3033565;-0,4727272;2,707734;0,3159355;-0,8429615;2,698578;0,3142648;-0,9036605;2,641979