;0,02941183;0,6925664;2,741478;0,07894881;0,06571126;2,649942;0,07916175;0,125379;2,716697;0,0600942;0,504443;2,747506;-0,1142861;0,3631834;2,735999;-0,1562991;0,09572603;2,689114;-0,1740772;-0,125184;2,598819;-0,1768795;-0,179136;2,588807;0,2485869;0,4054179;2,725494;0,5037539;0,3648556;2,710564;0,744123;0,3496825;2,69393;0,8312323;0,3406074;2,699752;0,001081475;-0,01869975;2,631197;-0,02112396;-0,5008675;2,655174;-0,03650205;-0,8493431;2,647677;-0,06964926;-0,9160982;2,590505;0,163354;-0,009109959;2,627534;0,2028136;-0,5188279;2,650386;0,2286094;-0,8520815;2,64441;0,2710485;-0,9163446;2,583208; 
0,02887238;0,6928958;2,741769;0,07888833;0,0658032;2,649861;0,07912026;0,1254282;2,716627;0,06001063;0,5044314;2,747536;-0,1144685;0,3630799;2,735969;-0,1561756;0,09567598;2,688938;-0,1740581;-0,1252328;2,598767;-0,1771319;-0,1790513;2,58853;0,2484955;0,4055149;2,725316;0,4986109;0,365381;2,70991;0,7321669;0,3502493;2,692008;0,8193069;0,3412679;2,697844;0,001006145;-0,01866499;2,631119;-0,02097128;-0,5019568;2,655444;-0,03630978;-0,8489684;2,647594;-0,06960025;-0,9158573;2,590755;0,1633475;-0,008953939;2,627388;0,2029267;-0,5188473;2,650223;0,2285352;-0,8521582;2,644479;0,2708021;-0,9162562;2,583287; 
0,02847498;0,6928858;2,741695;0,07875665;0,0658788;2,64977;0,07894567;0,1255465;2,716506;0,05935363;0,5046311;2,747295;-0,1146309;0,3630052;2,736005;-0,1562415;0,09549111;2,688776;-0,1742517;-0,1254144;2,598665;-0,1772543;-0,1796331;2,588451;0,2483801;0,4056399;2,725093;0,5146145;0,3655261;2,708873;0,7481117;0,3495416;2,691928;0,835831;0,3472992;2,695534;0,0009074493;-0,01864394;2,63109;-0,02137817;-0,4977938;2,654007;-0,036484;-0,8485463;2,647631;-0,06968034;-0,9154651;2,590869;0,1633042;-0,008876537;2,627281;0,2030685;-0,5189158;2,650184;0,2285576;-0,8522456;2,644486;0,2708059;-0,9162452;2,583284; 
0,02814637;0,6925629;2,741564;0,0786714;0,06596378;2,649643;0,07886582;0,1256242;2,716356;0,05928956;0,5046474;2,747107;-0,1147032;0,3630064;2,736025;-0,1563062;0,09535179;2,688601;-0,1741564;-0,1256124;2,598653;-0,1770221;-0,1795536;2,588345;0,2483373;0,4057155;2,725002;0,5172442;0,365227;2,708655;0,7509796;0,3532889;2,692438;0,8387601;0,3564532;2,694222;0,0008313304;-0,01862781;2,631073;-0,02141882;-0,496172;2,653606;-0,03690099;-0,8483804;2,647254;-0,06982958;-0,9155409;2,590717;0,1632418;-0,008718684;2,626995;0,2030007;-0,5188025;2,650125;0,2287735;-0,8520129;2,644484;0,2711829;-0,9164641;2,582881; 
0,02799073;0,6926306;2,741521;0,07859772;0,06595632;2,649517;0,07881749;0,1255927;2,716226;0,05920419;0,5045702;2,747051;-0,1147733;0,3629664;2,735939;-0,1564409;0,0949791;2,688464;-0,1742393;-0,1259777;2,598573;-0,1768419;-0,1804701;2,588382;0,2481226;0,4058733;2,724695;0,5005226;0,3659605;2,706722;0,7342054;0,3535129;2,692478;0,8220178;0,356896;2,694;0,0007942626;-0,01864756;2,63105;-0,02020038;-0,5011674;2,654428;-0,03703192;-0,848855;2,646758;-0,06983592;-0,9160715;2,590306;0,1631465;-0,008655842;2,626642;0,2030247;-0,5190459;2,649951;0,2286722;-0,851981;2,644482;0,2713041;-0,9164464;2,582851; 
0,02796358;0,6927084;2,740102;0,07853585;0,06595842;2,648927;0,07905517;0,1257795;2,715461;0,0603316;0,5044051;2,744626;-0,114689;0,3629937;2,735618;-0,1565331;0,09481819;2,68817;-0,1739409;-0,126071;2,598086;-0,1763703;-0,1796462;2,588448;0,2482611;0,4057465;2,722678;0,4989027;0,3658841;2,706595;0,7380648;0,3519736;2,691729;0,8259;0,3557197;2,692918;0,0006554549;-0,01867735;2,630791;-0,02073509;-0,4968261;2,652784;-0,03710674;-0,848608;2,646999;-0,06966378;-0,9157145;2,590368;0,1630422;-0,008641234;2,626082;0,2030179;-0,5189884;2,649877;0,2288698;-0,8521026;2,644241;0,2713311;-0,9165817;2,582852; 
0,02830604;0,6924577;2,738534;0,07848477;0,06598148;2,648534;0,07894219;0,1258078;2,715043;0,06100149;0,5044115;2,743994;-0,1141872;0,3630059;2,734025;-0,1566282;0,09414654;2,687476;-0,1736847;-0,1268305;2,597595;-0,1763739;-0,1796137;2,588432;0,2484692;0,4058231;2,722042;0,5158017;0,3601943;2,703864;0,7517939;0,3482735;2,6876;0,8396486;0,3523981;2,688349;0,0005163638;-0,01864816;2,630486;-0,02069839;-0,498979;2,653403;-0,03712084;-0,8486661;2,647144;-0,06962315;-0,9155961;2,590366;0,1629127;-0,008613013;2,625708;0,2030668;-0,5190859;2,649685;0,2288744;-0,8520752;2,644237;0,2712191;-0,9166473;2,583093; 
0,02872343;0,6924339;2,738237;0,0785584;0,06613542;2,648185;0,07908084;0,1260284;2,714608;0,06235974;0,5044374;2,742838;-0,1138049;0,3637134;2,73366;-0,156345;0,09435649;2,686294;-0,1739117;-0,1269533;2,597529;-0,176376;-0,1794468;2,588398;0,248653;0,4058491;2,721795;0,5196294;0,3595684;2,704243;0,7533108;0,3481835;2,686693;0,8411955;0,3523828;2,687343;0,0005040937;-0,01846616;2,63017;-0,02135851;-0,494927;2,652261;-0,03731884;-0,8480004;2,647456;-0,06946169;-0,9149507;2,590591;0,1628761;-0,008513009;2,625532;0,2030333;-0,5190375;2,649561;0,229557;-0,8513592;2,644496;0,2712086;-0,916563;2,583141; 
0,02926677;0,692258;2,737247;0,07864528;0,0662042;2,647785;0,07925318;0,1261697;2,714134;0,06340428;0,5047737;2,742003;-0,113562;0,3638859;2,73298;-0,1566535;0,09377267;2,685496;-0,1739274;-0,1276619;2,597038;-0,1763879;-0,1794265;2,58831;0,2488671;0,4057988;2,721184;0,5212453;0,3593196;2,704034;0,7549232;0,3478477;2,686521;0,8428404;0,3520792;2,687136;0,0004642065;-0,01837395;2,62968;-0,02125103;-0,496789;2,652563;-0,037256;-0,8479818;2,647586;-0,06951754;-0,9144533;2,590319;0,1628759;-0,008478692;2,625385;0,202867;-0,5188197;2,649235;0,2295052;-0,8512176;2,644883;0,2710708;-0,9165042;2,583182; 
0,03043165;0,6926547;2,734856;0,07870387;0,06630725;2,647457;0,07940311;0,1262832;2,713796;0,06507621;0,5052185;2,741733;-0,1130857;0,3642104;2,732371;-0,156787;0,0936538;2,685112;-0,1738898;-0,1278467;2,596811;-0,1766905;-0,1792356;2,587862;0,2492876;0,4057487;2,720811;0,5218033;0,3592347;2,703812;0,75538;0,3464465;2,684162;0,8433287;0,3507299;2,684695;0,0003362205;-0,0181337;2,629144;-0,02123297;-0,4981883;2,652839;-0,03729094;-0,847905;2,647581;-0,06957652;-0,9143041;2,590329;0,1628212;-0,008451943;2,625213;0,2027912;-0,5188702;2,649149;0,229405;-0,8512489;2,644817;0,2709774;-0,9164273;2,583071; 
0,0312318;0,6917523;2,734157;0,07869955;0,06640916;2,647156;0,07951916;0,1264047;2,713433;0,06576558;0,5050905;2,740982;-0,113118;0,3643139;2,73229;-0,1568994;0,09376228;2,684394;-0,1742855;-0,1279534;2,59681;-0,1772112;-0,1789777;2,587597;0,24947;0,4056794;2,72045;0,5220315;0,3590431;2,70379;0,7554883;0,345023;2,682101;0,8434695;0,3493397;2,68259;0,0001404501;-0,01803436;2,628754;-0,02179095;-0,4949355;2,651682;-0,03719404;-0,8477011;2,647515;-0,06987296;-0,9139758;2,590426;0,1627939;-0,008433663;2,62509;0,2027463;-0,5187138;2,648966;0,2293836;-0,8510207;2,644735;0,2710375;-0,9163152;2,582977; 
0,03194106;0,6937276;2,733634;0,07874605;0,06649749;2,646958;0,07968143;0,1265385;2,713154;0,06646773;0,5049503;2,740184;-0,1125602;0,3653605;2,732072;-0,1573495;0,09451831;2,684193;-0,1743403;-0,1273557;2,59699;-0,1774418;-0,1793544;2,587344;0,2497786;0,4056805;2,719745;0,5233064;0,3580282;2,703463;0,7576401;0,3443957;2,680429;0,8456546;0,3487476;2,680883;0,0001035765;-0,01789226;2,628527;-0,02214594;-0,4923767;2,650906;-0,03704314;-0,8473512;2,647369;-0,06988862;-0,9135538;2,590374;0,162781;-0,008391949;2,625051;0,2025638;-0,5185032;2,648645;0,2295742;-0,8510747;2,644355;0,2710825;-0,9163133;2,582898; 
0,03210445;0,6935514;2,733259;0,0787556;0,06654587;2,646765;0,07967294;0,1265418;2,712951;0,06651735;0,5048096;2,740031;-0,1122476;0,3658221;2,731591;-0,157331;0,09457421;2,684167;-0,1747495;-0,1274963;2,597661;-0,1776884;-0,1792488;2,587244;0,2499432;0,4056697;2,719455;0,5233809;0,3573866;2,703912;0,7563344;0,3394175;2,676459;0,8443834;0,3438132;2,676875;8,835338E-05;-0,01781688;2,628424;-0,02237815;-0,495398;2,65168;-0,03699215;-0,8469813;2,647275;-0,06989504;-0,9131376;2,590346;0,1627446;-0,008351101;2,624808;0,2024266;-0,518759;2,648284;0,2292941;-0,8514428;2,644499;0,2707485;-0,916049;2,583341; 
0,03377344;0,6932647;2,734025;0,078775;0,06656861;2,646529;0,07976268;0,1265656;2,712637;0,06748025;0,5042766;2,73917;-0,1120454;0,3659932;2,731219;-0,1574441;0,0946338;2,683831;-0,1749318;-0,1275354;2,597633;-0,1780356;-0,178421;2,587017;0,250189;0,4056358;2,719212;0,5245639;0,3561653;2,704114;0,7572371;0,3365282;2,674123;0,8453206;0,3409405;2,67453;-1,065993E-05;-0,01778865;2,62819;-0,02313825;-0,493562;2,65096;-0,03704052;-0,846675;2,647403;-0,07021376;-0,912581;2,590425;0,1627027;-0,008350593;2,624691;0,2023512;-0,5188177;2,648197;0,229308;-0,8514772;2,644297;0,2709855;-0,9160269;2,583087; 
0,03383472;0,6932046;2,734;0,07880941;0,0665669;2,646295;0,07985695;0,1265645;2,712333;0,06794471;0,5040854;2,738609;-0,1117599;0,3665391;2,730981;-0,1575124;0,094864;2,683872;-0,1751482;-0,1273119;2,597716;-0,1783785;-0,1783043;2,587046;0,2504568;0,4055067;2,718904;0,5237302;0,3523454;2,702726;0,7552773;0,3287673;2,663695;0,8433955;0,3331966;2,664082;-5,976565E-05;-0,01776202;2,627981;-0,02334906;-0,4927357;2,650779;-0,03714032;-0,8463555;2,647347;-0,07025224;-0,9123227;2,590487;0,1626824;-0,008368738;2,624581;0,2024223;-0,5188988;2,648085;0,2292866;-0,8514766;2,644319;0,2712891;-0,9161851;2,583015; 
0,03541815;0,6930695;2,734009;0,07884288;0,06651048;2,646005;0,07993915;0,1264811;2,711972;0,06803872;0,5036994;2,738018;-0,1117398;0,3666137;2,730882;-0,1574434;0,09478344;2,683841;-0,1753133;-0,1273902;2,597712;-0,1786148;-0,1781463;2,586749;0,250444;0,4053891;2,718672;0,5247464;0,3483762;2,70225;0,7552906;0,320169;2,658901;0,8434447;0,3246121;2,659284;-7,507533E-05;-0,01777235;2,627727;-0,02370233;-0,495107;2,65114;-0,03739441;-0,8460883;2,647446;-0,07019408;-0,9121876;2,59064;0,1626788;-0,008418704;2,624433;0,2023131;-0,518995;2,648036;0,229362;-0,8516091;2,644757;0,2712851;-0,9161943;2,583351; 
0,03715921;0,6925092;2,734287;0,07889033;0,06649306;2,645849;0,07997634;0,1264517;2,711789;0,06806608;0,5036597;2,737858;-0,1117382;0,3668451;2,730497;-0,1575219;0,09493254;2,683602;-0,1752691;-0,1272459;2,597438;-0,1785972;-0,1782388;2,586489;0,2505113;0,4052718;2,718394;0,5213206;0,338235;2,703103;0,7489318;0,2974899;2,65227;0,835005;0,2796534;2,643785;-6,934941E-05;-0,01778839;2,627498;-0,02401216;-0,4935759;2,650693;-0,03739123;-0,8460116;2,647439;-0,07018206;-0,9120636;2,590653;0,162701;-0,008434201;2,624393;0,2021608;-0,5190233;2,647916;0,2295144;-0,8514632;2,644569;0,271305;-0,9162119;2,583352; 
0,0376949;0,6937711;2,733809;0,07895014;0,06647105;2,645602;0,08006308;0,1264836;2,7115;0,069123;0,5039746;2,737322;-0,1111727;0,3670821;2,729997;-0,1575258;0,09493152;2,683602;-0,1751642;-0,1272607;2,59744;-0,1786773;-0,1778714;2,58644;0,2506375;0,4052767;2,71843;0,5149474;0,3211768;2,70277;0,7366894;0,2639108;2,6398;0,824411;0,2553888;2,633402;-9,532095E-05;-0,01778352;2,627318;-0,02356721;-0,5000113;2,652679;-0,03762501;-0,8472279;2,646614;-0,07036863;-0,9131257;2,589698;0,1626488;-0,008423097;2,624242;0,2019757;-0,5189958;2,647825;0,2295025;-0,8515075;2,644419;0,2715839;-0,9163562;2,583173; 
0,03863301;0,6931908;2,732983;0,07896186;0,06622373;2,645325;0,08005865;0,1262147;2,71125;0,0693213;0,503783;2,737277;-0,110525;0,3670227;2,729303;-0,1574527;0,09469556;2,683417;-0,1756449;-0,1275082;2,597493;-0,1786558;-0,1776931;2,586375;0,2508313;0,404951;2,718243;0,4903201;0,3059501;2,694263;0,7116622;0,2411374;2,639887;0,7950728;0,2152822;2,626048;-0,000144183;-0,0179261;2,627021;-0,02466335;-0,4977406;2,651796;-0,03771997;-0,8469404;2,646719;-0,0704017;-0,9127252;2,589718;0,1625666;-0,008598195;2,624064;0,2018662;-0,5192145;2,647859;0,2294581;-0,8517944;2,644047;0,2716613;-0,9165226;2,583062; 
0,03954983;0,6935377;2,732426;0,07899469;0,06585644;2,645058;0,08008306;0,1259699;2,711011;0,06978318;0,5039896;2,737052;-0,1095875;0,36677;2,72841;-0,1574452;0,09479427;2,683352;-0,1759636;-0,1274284;2,597612;-0,1787869;-0,1772603;2,586614;0,2507469;0,4044491;2,717934;0,4856737;0,2834966;2,691904;0,6965391;0,1872299;2,627186;0,7802786;0,1604032;2,61765;9,120165E-06;-0,01802522;2,626663;-0,0247338;-0,4972554;2,651587;-0,0375917;-0,8466579;2,646775;-0,0705087;-0,9124686;2,590019;0,162208;-0,008956349;2,62408;0,2017805;-0,5191047;2,647721;0,229435;-0,8517938;2,644083;0,2716555;-0,9164575;2,58307; 
0,04004502;0,6946794;2,731432;0,07897739;0,06529976;2,644706;0,08002003;0,125555;2,710676;0,06993024;0,5040365;2,736798;-0,1085067;0,3662954;2,727282;-0,157527;0,09474701;2,68335;-0,1759881;-0,1273516;2,597219;-0,1787854;-0,1772523;2,586626;0,2505137;0,4034787;2,717515;0,4812158;0,2597421;2,692272;0,6780488;0,1428971;2,617891;0,7562833;0,1057014;2,603615;0,0001211681;-0,01821143;2,626271;-0,02487443;-0,4967752;2,651327;-0,0375815;-0,8466917;2,646817;-0,0705657;-0,9121965;2,589827;0,1618717;-0,009384714;2,624091;0,2017721;-0,5196785;2,647691;0,2291399;-0,8530105;2,644614;0,2717877;-0,9164306;2,583067; 
0,04120608;0,6941286;2,729989;0,07897133;0,0651639;2,644592;0,08013244;0,1254478;2,710556;0,07025126;0,5040675;2,736684;-0,1085486;0,3666187;2,727336;-0,157315;0,09498404;2,683088;-0,1760431;-0,1271066;2,596978;-0,1782533;-0,178161;2,586809;0,2503327;0,4025781;2,716833;0,4728113;0,2333469;2,690674;0,6498139;0,09316821;2,614403;0,7205659;0,04207572;2,599845;0,0001185543;-0,01827342;2,626162;-0,02450454;-0,496158;2,650994;-0,03737557;-0,8466371;2,646941;-0,0706137;-0,9119887;2,590003;0,1617099;-0,009537965;2,624033;0,2019071;-0,5198231;2,647633;0,2289789;-0,8530576;2,645223;0,271787;-0,9164019;2,58308; 
0,04201753;0,694454;2,729072;0,07955149;0,06439043;2,64397;0,08088931;0,1248124;2,70998;0,07085501;0,5041274;2,736465;-0,1082524;0,3666355;2,727226;-0,1573181;0,09484592;2,682859;-0,1751921;-0,1272355;2,596453;-0,1781732;-0,1780119;2,586765;0,2500546;0,4002979;2,715316;0,4592455;0,2050289;2,687352;0,609979;0,0392376;2,605032;0,6693884;-0,02173175;2,580836;0,0006292787;-0,01884393;2,625751;-0,0240375;-0,4956825;2,650803;-0,0373117;-0,8466253;2,647035;-0,07057577;-0,9119069;2,590108;0,1619803;-0,009857059;2,623563;0,2019678;-0,5199262;2,647501;0,2289403;-0,8529648;2,645305;0,2717163;-0,916303;2,583133; 
0,04246785;0,6946676;2,728439;0,07989908;0,06416828;2,643526;0,08139499;0,1246693;2,709413;0,07178815;0,5040537;2,735235;-0,1081637;0,3668301;2,727432;-0,1573254;0,09483202;2,682873;-0,1747697;-0,1273102;2,596427;-0,1769569;-0,1790924;2,587167;0,2500254;0,3981534;2,714648;0,4307604;0,1549481;2,688198;0,5623838;-0,02511325;2,602422;0,5999008;-0,07461278;2,582003;0,0008963444;-0,01901197;2,625436;-0,02285017;-0,5017977;2,65223;-0,03690506;-0,8463249;2,647004;-0,07043986;-0,9116358;2,590342;0,162171;-0,009971937;2,623299;0,2018937;-0,5195376;2,64728;0,2287503;-0,8528391;2,645157;0,2716751;-0,9162962;2,583105; 
0,04398669;0,6941271;2,727739;0,08021273;0,06373667;2,64315;0,0819003;0,1242493;2,709021;0,07252856;0,5038325;2,734954;-0,1081173;0,3668649;2,727436;-0,1568343;0,09498568;2,682959;-0,1733784;-0,1272518;2,596474;-0,1756843;-0,1798197;2,588591;0,25014;0,3959019;2,713428;0,4136283;0,1408793;2,688819;0,5002456;-0,06795642;2,613311;0,5199553;-0,11947;2,599754;0,001038918;-0,01928;2,625268;-0,02273513;-0,5033886;2,652533;-0,03681921;-0,8462514;2,646906;-0,07044226;-0,9115351;2,590344;0,1624534;-0,01040532;2,622763;0,2019657;-0,5196225;2,647187;0,2286878;-0,8529282;2,645222;0,2711412;-0,9161727;2,583723; 
0,04557195;0,6966938;2,727576;0,08090637;0,06267178;2,64234;0,08262497;0,1233769;2,708338;0,07286506;0,5038095;2,734847;-0,1069481;0,3671379;2,727258;-0,1563132;0,09483435;2,683083;-0,1721452;-0,1274622;2,596484;-0,1754748;-0,1797187;2,588813;0,2496123;0,3948741;2,71261;0,3584836;0,109686;2,692447;0,4345244;-0,1016812;2,611599;0,4408423;-0,1670348;2,60381;0,001924276;-0,01981359;2,624704;-0,02234027;-0,5017467;2,652564;-0,03679878;-0,8462672;2,646958;-0,07041856;-0,9115813;2,590504;0,1626831;-0,01089773;2,622118;0,2020523;-0,5197989;2,647141;0,2286539;-0,8528532;2,644987;0,2717653;-0,9167221;2,582888; 
0,04756061;0,698664;2,726913;0,08161535;0,06145966;2,641366;0,08327383;0,122438;2,707448;0,07334691;0,5039472;2,734383;-0,1046876;0,3684478;2,726416;-0,1558938;0,0950852;2,683264;-0,1710228;-0,1272912;2,596603;-0,1745104;-0,1794405;2,588793;0,2489393;0,3935775;2,711561;0,3448514;0,09796906;2,694115;0,3613398;-0,1335514;2,615203;0,3686448;-0,2118194;2,606983;0,002868539;-0,02022945;2,624083;-0,02158193;-0,5043774;2,653288;-0,03651512;-0,84649;2,646551;-0,07050547;-0,9117097;2,590282;0,1628787;-0,01156599;2,621398;0,2024258;-0,5207111;2,647241;0,22855;-0,8528172;2,644765;0,2714697;-0,9168628;2,582861; 
0,0532386;0,6965873;2,723279;0,08331475;0,06039007;2,641166;0,0848485;0,1215881;2,707201;0,07561478;0,5041443;2,733914;-0,1025505;0,3683778;2,724625;-0,155529;0,0949504;2,683138;-0,1706946;-0,127442;2,596464;-0,1737681;-0,1789971;2,588617;0,2487136;0,3924339;2,711126;0,3252068;0,1127941;2,700199;0,3305496;-0,1161815;2,636484;0,3373423;-0,1724907;2,632949;0,004777374;-0,02077169;2,623611;-0,02090793;-0,5055819;2,653929;-0,03624237;-0,8465737;2,646576;-0,07043201;-0,9115878;2,590262;0,164025;-0,01216571;2,621694;0,2025051;-0,5209833;2,647156;0,2285707;-0,8528348;2,644775;0,2715607;-0,9167613;2,58295; 
0,05844598;0,6972376;2,722875;0,0842414;0,06050397;2,641038;0,08586564;0,1216711;2,707019;0,07895292;0,5039629;2,733398;-0,1016555;0,369063;2,723852;-0,1548077;0,09528735;2,682966;-0,1691065;-0,1271378;2,596157;-0,1724645;-0,1759097;2,588732;0,2495379;0,3910365;2,711448;0,3233742;0,1138691;2,702919;0,3312172;-0,1145108;2,636726;0,3376752;-0,168112;2,63405;0,005632018;-0,02043653;2,622914;-0,0202858;-0,5026674;2,653746;-0,03617267;-0,846295;2,646792;-0,07024784;-0,9113517;2,590528;0,1648872;-0,01220701;2,622081;0,2026576;-0,5211455;2,646878;0,2285085;-0,8527793;2,64468;0,2715795;-0,916757;2,582939; 
0,06627934;0,7008604;2,721748;0,08482169;0,06051522;2,640814;0,08590339;0,1216371;2,706761;0,07998397;0,5037016;2,732892;-0,09900339;0,370636;2,721257;-0,154523;0,09625258;2,682814;-0,1681606;-0,1264685;2,596727;-0,1713432;-0,173277;2,590341;0,2508166;0,3898205;2,712523;0,3233684;0,1119699;2,703131;0,3336248;-0,1160272;2,635585;0,3360878;-0,1992986;2,60582;0,006398716;-0,02008882;2,622195;-0,02029934;-0,5047985;2,65416;-0,03640981;-0,8478002;2,645574;-0,07002324;-0,9131399;2,589432;0,1653285;-0,01230272;2,622213;0,2023534;-0,5130441;2,643389;0,2283936;-0,853175;2,644448;0,2718708;-0,9169538;2,583052; 
0,07194506;0,7010675;2,72003;0,08582734;0,06062168;2,640815;0,08650641;0,1217854;2,706668;0,08308698;0,5034106;2,731755;-0,09694006;0,3721239;2,719262;-0,1544585;0,09803812;2,682932;-0,1677251;-0,1248525;2,597232;-0,1703603;-0,1718846;2,590884;0,2537911;0,3880098;2,71427;0,3266635;0,1085326;2,704536;0,3454515;-0,1166758;2,62801;0,3414043;-0,2010624;2,601704;0,00705833;-0,01966252;2,621786;-0,02021611;-0,5060109;2,654437;-0,03636578;-0,8476084;2,64557;-0,06997249;-0,9130174;2,589578;0,1665733;-0,01282309;2,622993;0,2023988;-0,5160582;2,643577;0,2285385;-0,8533211;2,644132;0,2722075;-0,9169684;2,582509; 
0,07806893;0,7017231;2,72021;0,08693442;0,06082503;2,640905;0,08720747;0,1219201;2,70671;0,08505513;0,5031648;2,731581;-0,09621513;0,3728841;2,717224;-0,1545301;0,0988598;2,682782;-0,1673463;-0,1243101;2,597802;-0,169888;-0,1711719;2,591048;0,2562073;0,3867442;2,715527;0,3319432;0,1072109;2,702371;0,3540255;-0,1156327;2,618671;0,3608825;-0,1830974;2,595342;0,007722672;-0,0193216;2,621118;-0,02023112;-0,5066028;2,654505;-0,03638005;-0,8475313;2,64552;-0,07003126;-0,9129565;2,589648;0,168249;-0,01340647;2,624155;0,2023008;-0,5162942;2,643605;0,2282669;-0,8531706;2,643998;0,2722055;-0,9169702;2,58249; 
0,08594144;0,7008792;2,720993;0,08798841;0,06126396;2,640935;0,0873124;0,1223078;2,706672;0,08648115;0,5032346;2,731264;-0,09423308;0,3738153;2,713587;-0,1544836;0,1004151;2,68216;-0,1676515;-0,123026;2,598063;-0,1707165;-0,1691528;2,591261;0,2607161;0,385061;2,718093;0,3404167;0,1132789;2,700368;0,3738752;-0,1062779;2,607488;0,3774631;-0,1780268;2,586993;0,008485029;-0,01861402;2,620295;-0,02185457;-0,5015668;2,653252;-0,03640917;-0,8473361;2,645499;-0,07012749;-0,9127362;2,58971;0,1695804;-0,01378444;2,625039;0,2022781;-0,5166251;2,643615;0,228142;-0,8532453;2,64392;0,2717572;-0,9167521;2,582537; 
0,09191488;0,6992094;2,720285;0,08875583;0,06136177;2,640909;0,08747043;0,1223633;2,70659;0,08884047;0,5028775;2,730997;-0,09181239;0,3739261;2,710418;-0,1539144;0,1018573;2,680835;-0,1683535;-0,1217921;2,597651;-0,171649;-0,1676509;2,590668;0,26559;0,3825064;2,719959;0,3539845;0,1201945;2,693916;0,3948585;-0,09968409;2,598546;0,3963728;-0,17511;2,579527;0,008864861;-0,01833008;2,619731;-0,02220639;-0,4992255;2,652273;-0,03666418;-0,8471733;2,645527;-0,07045877;-0,9127139;2,590023;0,1705485;-0,01447659;2,625568;0,2021235;-0,5175183;2,644025;0,2279903;-0,8536341;2,643778;0,2715969;-0,9166843;2,582268; 
0,09599716;0,6987198;2,718653;0,08978701;0,0614524;2,641029;0,0882223;0,1224986;2,706655;0,0923027;0,5030547;2,730792;-0,08959497;0,3742149;2,708509;-0,1538932;0,1026464;2,679984;-0,1690405;-0,1204372;2,595125;-0,1731782;-0,1666715;2,589573;0,2695242;0,3816448;2,722066;0,3594957;0,1243679;2,688808;0,4094508;-0,09153959;2,5914;0,4238171;-0,1652903;2,566965;0,009342989;-0,01816222;2,619269;-0,02271542;-0,5046329;2,652569;-0,03735958;-0,8484926;2,645458;-0,07053508;-0,9141254;2,58976;0,1716048;-0,01511137;2,626426;0,2020427;-0,5186976;2,644477;0,2280034;-0,8535874;2,643766;0,2713803;-0,9166325;2,582316; 
0,1020319;0,6980444;2,720093;0,09075209;0,06158347;2,641271;0,08863894;0,1226594;2,706815;0,09413315;0,5031013;2,730668;-0,08639328;0,3755523;2,705803;-0,1533149;0,1041501;2,677442;-0,1716788;-0,1185944;2,592278;-0,1753176;-0,1672158;2,586774;0,2724259;0,3803873;2,723593;0,3647742;0,1259942;2,68267;0,4214272;-0,08676507;2,587693;0,4296827;-0,1636582;2,566549;0,01006064;-0,01775664;2,61869;-0,02288036;-0,50212;2,651773;-0,03733163;-0,8483583;2,645483;-0,07072359;-0,9137517;2,589709;0,172608;-0,01575092;2,627781;0,2022199;-0,5190562;2,644876;0,2275222;-0,8538697;2,643413;0,2714466;-0,9167479;2,582203; 
0,1051008;0,6985297;2,720476;0,0919088;0,06196104;2,64175;0,08977912;0,1230547;2,707252;0,0966284;0,5034694;2,730996;-0,08530606;0,3761012;2,705253;-0,1523698;0,1052199;2,67467;-0,1742091;-0,1167883;2,58821;-0,1762938;-0,1684402;2,585155;0,274516;0,3805132;2,724637;0,3673092;0,1316646;2,679553;0,428994;-0,07921335;2,58329;0,4422935;-0,1513028;2,556837;0,01061414;-0,0173732;2,618404;-0,02325845;-0,5000251;2,650944;-0,03738761;-0,8474371;2,645967;-0,07049622;-0,9131011;2,590417;0,1737171;-0,01602864;2,629126;0,2021318;-0,5192512;2,645462;0,2275009;-0,8535014;2,643443;0,271391;-0,9167327;2,582251; 
0,1086678;0,6961235;2,72013;0,09288097;0,06159494;2,642016;0,09050047;0,1227024;2,707494;0,09850526;0,5033141;2,731359;-0,08300458;0,3758053;2,702786;-0,1524822;0,1069229;2,672929;-0,1743131;-0,1148249;2,585702;-0,1777641;-0,1792464;2,575541;0,2755564;0,3801622;2,724973;0,3681642;0,1330989;2,676768;0,4328802;-0,07670392;2,579248;0,4455801;-0,1499902;2,553398;0,01125639;-0,01739571;2,618047;-0,02302795;-0,4979817;2,650723;-0,03751512;-0,8470646;2,646092;-0,07068788;-0,912806;2,590745;0,1745674;-0,01700065;2,630112;0,2020831;-0,5196286;2,645983;0,2274264;-0,8536323;2,643434;0,2713162;-0,9168107;2,582285; 
0,1112412;0,6953428;2,721098;0,09339169;0,06180023;2,64226;0,09097037;0,1229905;2,707712;0,09954535;0,5039691;2,731518;-0,08196831;0,3764162;2,702122;-0,1518732;0,1094432;2,671146;-0,1748973;-0,1114885;2,581871;-0,1770188;-0,1753487;2,568432;0,2762673;0,3802648;2,725085;0,3692209;0,1351016;2,672716;0,4357697;-0,07395235;2,571637;0,4467265;-0,1486874;2,549764;0,0116376;-0,01702439;2,617892;-0,02266646;-0,4993946;2,651328;-0,03758378;-0,8469921;2,646214;-0,07079138;-0,9126608;2,590876;0,1749106;-0,01703878;2,630718;0,2021343;-0,5195976;2,646202;0,2273418;-0,8536766;2,64355;0,2708844;-0,9168217;2,583373; 
0,1120667;0,6952787;2,72127;0,09387652;0,06180239;2,6425;0,09141304;0,1230083;2,70793;0,1005349;0,5040091;2,731708;-0,08113879;0,3767552;2,701414;-0,1509473;0,1107531;2,669461;-0,1751223;-0,1075277;2,573119;-0,1753319;-0,1604833;2,568211;0,2769815;0,380108;2,725179;0,3693549;0,1362363;2,671969;0,4316495;-0,07117943;2,563161;0,4443723;-0,1473016;2,537839;0,01194171;-0,01692334;2,617844;-0,02235916;-0,50208;2,652048;-0,03732229;-0,8470241;2,646497;-0,07069883;-0,9124143;2,591007;0,1752015;-0,0172183;2,631172;0,202122;-0,5196291;2,646588;0,227375;-0,8535621;2,643645;0,2708865;-0,9168282;2,583377; 
0,1142671;0,697271;2,723256;0,09428775;0,06182331;2,642578;0,09176153;0,1230778;2,707974;0,1010926;0,5042083;2,73165;-0,0804628;0,3771059;2,70084;-0,1506354;0,112133;2,667388;-0,1742608;-0,1047802;2,567373;-0,1745209;-0,1599522;2,559164;0,2774171;0,3799238;2,725166;0,3693298;0,1373413;2,671077;0,4270937;-0,06802194;2,555391;0,4360055;-0,1456371;2,523464;0,01229059;-0,01678135;2,617675;-0,02214051;-0,4980366;2,651319;-0,03724853;-0,8465271;2,6464;-0,07045913;-0,9119979;2,590981;0,1754888;-0,01732927;2,631453;0,2023356;-0,5203176;2,647219;0,2275227;-0,8534946;2,643525;0,2709063;-0,9168935;2,583171; 
0,1151576;0,6986527;2,724106;0,09474465;0,06187829;2,642591;0,0921589;0,1231768;2,707966;0,1015744;0,5044749;2,731632;-0,07986272;0,3773332;2,70029;-0,1501655;0,1130501;2,665249;-0,1729991;-0,1015242;2,559355;-0,1735001;-0,1592825;2,551303;0,2777454;0,3798798;2,725083;0,3678382;0,1383225;2,669865;0,415883;-0,06883192;2,545418;0,4152672;-0,1458313;2,505388;0,01279438;-0,0165669;2,617382;-0,02176995;-0,4953786;2,651018;-0,03737827;-0,8463517;2,64661;-0,07058454;-0,9115919;2,590993;0,175775;-0,01738457;2,631636;0,2024726;-0,5204473;2,647556;0,2275165;-0,8535489;2,643469;0,2709044;-0,9169142;2,583097; 
0,1149975;0,6986958;2,72406;0,09501774;0,06195559;2,642559;0,09241196;0,1232806;2,707896;0,1018406;0,5045776;2,731413;-0,07963647;0,3774225;2,699946;-0,1496524;0,1134956;2,663255;-0,1696213;-0,1012528;2,55716;-0,1720201;-0,1591232;2,546662;0,2779697;0,379858;2,724906;0,3672182;0,1385003;2,669716;0,3972172;-0,06419162;2,541476;0,3984044;-0,1421094;2,499872;0,01304319;-0,01640441;2,617327;-0,02171388;-0,4949003;2,65101;-0,03735314;-0,8463452;2,646669;-0,07038935;-0,911566;2,591004;0,1759189;-0,01738879;2,631622;0,2023916;-0,5204775;2,647845;0,2275398;-0,8532826;2,643698;0,2708929;-0,9169152;2,583094; 
0,1143515;0,698439;2,723863;0,09528638;0,06191814;2,642512;0,0926797;0,1232789;2,707826;0,1018104;0,5046379;2,731215;-0,0795772;0,3774226;2,699894;-0,1484221;0,1134756;2,661363;-0,1661439;-0,1009166;2,554031;-0,1702;-0,1580416;2,542381;0,2779166;0,3798433;2,724359;0,3603279;0,1354459;2,669758;0,3794217;-0,06923211;2,542778;0,379051;-0,1424863;2,49337;0,01339161;-0,01637482;2,617228;-0,02074474;-0,4991222;2,652224;-0,03755268;-0,8462136;2,64643;-0,07024978;-0,9116356;2,590874;0,1761374;-0,01741881;2,631644;0,2022898;-0,5209648;2,648218;0,2273816;-0,8538275;2,643614;0,2708886;-0,9169515;2,58312; 
0,1114224;0,6978586;2,724161;0,09545574;0,06201021;2,642513;0,09284461;0,1233366;2,707807;0,1018437;0,5045913;2,731158;-0,07960865;0,3773277;2,699835;-0,1475932;0,113492;2,658984;-0,162726;-0,1008924;2,551226;-0,1662726;-0,1574239;2,536442;0,277984;0,380041;2,724198;0,3578353;0,1322183;2,667274;0,3637128;-0,07719679;2,547867;0,3607121;-0,1533538;2,50315;0,01351471;-0,01630287;2,617186;-0,0204749;-0,5012003;2,652762;-0,03759276;-0,8461946;2,646458;-0,07019804;-0,9116107;2,590918;0,1762792;-0,0173601;2,631658;0,2020969;-0,5216601;2,648618;0,2284253;-0,8538525;2,642926;0,2712765;-0,9171788;2,583272; 
0,1090023;0,6974522;2,724484;0,09551293;0,06204162;2,642426;0,09295686;0,1233611;2,707726;0,1016824;0,5046239;2,731064;-0,07969023;0,3774283;2,699826;-0,1464061;0,1126206;2,656891;-0,1585621;-0,1013026;2,547681;-0,1625126;-0,1563281;2,534739;0,2776613;0,379921;2,723571;0,3514098;0,1272025;2,665948;0,358123;-0,0823984;2,546998;0,3518428;-0,1527737;2,511004;0,0135988;-0,01624429;2,617097;-0,02049365;-0,499543;2,652737;-0,03738636;-0,8461604;2,646333;-0,0700379;-0,9114871;2,590786;0,1763464;-0,01728935;2,631499;0,2021228;-0,5218798;2,648731;0,2272723;-0,8528047;2,643124;0,2712407;-0,9171358;2,583359; 
0,1062021;0,6969552;2,724349;0,09554519;0,06204672;2,642341;0,09316298;0,1233504;2,707674;0,1016182;0,504657;2,731103;-0,080125;0,3771732;2,699912;-0,1455849;0,1132256;2,656552;-0,1553693;-0,1001637;2,545901;-0,1598035;-0,1548588;2,533177;0,2770573;0,3797045;2,722387;0,3472683;0,1229794;2,666088;0,3434173;-0,0882709;2,550407;0,3390202;-0,170478;2,518258;0,01362028;-0,01623636;2,616974;-0,02062876;-0,4974781;2,651824;-0,03722591;-0,8457303;2,646423;-0,06983517;-0,9112183;2,591112;0,176399;-0,01726046;2,631314;0,2021476;-0,5218554;2,648737;0,2274128;-0,8527061;2,643081;0,2712284;-0,9171402;2,583357; 
0,1010239;0,6976008;2,724051;0,0955506;0,06218309;2,642185;0,09335867;0,1234266;2,707563;0,1015907;0,5046759;2,731115;-0,0808318;0,3769518;2,700368;-0,1451711;0,1132837;2,656329;-0,1524346;-0,09986318;2,544949;-0,1539303;-0,153744;2,531418;0,276703;0,3798645;2,721655;0,3445492;0,1215254;2,66643;0,338423;-0,09074539;2,553062;0,3345661;-0,1602803;2,527741;0,01358614;-0,01618294;2,616937;-0,02003101;-0,5003783;2,652215;-0,03652027;-0,8457212;2,646871;-0,06961644;-0,9108427;2,591485;0,1764464;-0,01690682;2,630599;0,2021003;-0,5219137;2,648797;0,2276114;-0,8530543;2,64315;0,27135;-0,9171348;2,583251; 
0,0954009;0,6991166;2,723554;0,09542581;0,06256951;2,641765;0,09359114;0,123677;2,707159;0,1015436;0,5044716;2,730628;-0,08238021;0,3769866;2,701959;-0,1436196;0,1129017;2,656437;-0,1500551;-0,1002683;2,545079;-0,1495914;-0,1523607;2,530997;0,2762978;0,3800294;2,721164;0,3373994;0,1192307;2,667949;0,3301602;-0,09435462;2,557571;0,3301931;-0,1610484;2,532449;0,01339456;-0,01598301;2,616791;-0,01970451;-0,5045591;2,653046;-0,03641532;-0,8460335;2,646709;-0,06938652;-0,9109879;2,591121;0,1762584;-0,01637183;2,629636;0,2021062;-0,5219821;2,648787;0,2276056;-0,8530786;2,643125;0,2715065;-0,9171227;2,582753; 
0,09274147;0,6988307;2,723797;0,09540857;0,06265383;2,641484;0,09387169;0,1236432;2,706944;0,1003836;0,5040686;2,730722;-0,08343609;0,3763032;2,702818;-0,1428915;0,1126261;2,656217;-0,1492173;-0,1005202;2,544825;-0,1465976;-0,1514671;2,531103;0,2750553;0,3802207;2,719751;0,3363132;0,1168781;2,668329;0,3277671;-0,09720408;2,559204;0,3277514;-0,1617912;2,534469;0,01342475;-0,01594309;2,616609;-0,01995078;-0,5052074;2,652925;-0,03541742;-0,8462814;2,64695;-0,06918091;-0,9108021;2,591398;0,1763353;-0,01610143;2,628887;0,2021447;-0,5220433;2,648757;0,2278536;-0,8537176;2,64241;0,2718139;-0,9172354;2,582579; 
0,08916603;0,6999627;2,724176;0,09533639;0,0628401;2,641115;0,09394243;0,1237351;2,706659;0,1000402;0,5041352;2,730784;-0,08380369;0,3760654;2,702909;-0,1419198;0,1120526;2,656533;-0,1466873;-0,1017433;2,546515;-0,1444215;-0,1502872;2,532891;0,2742957;0,3805872;2,718768;0,3340852;0,1141931;2,668235;0,3248776;-0,1005581;2,560726;0,3263457;-0,1614877;2,536106;0,01338687;-0,01587281;2,616503;-0,01994259;-0,5054889;2,652902;-0,03537939;-0,8462818;2,646993;-0,06912755;-0,9109284;2,591644;0,1762732;-0,01551582;2,62771;0,202164;-0,5220734;2,648757;0,2278567;-0,8537076;2,642422;0,2721243;-0,9171689;2,582221; 
0,08633319;0,7025828;2,724782;0,09518732;0,0631118;2,64071;0,09401134;0,1239621;2,706259;0,09997188;0,5042685;2,730567;-0,08441819;0,3765426;2,703979;-0,1416685;0,1119965;2,656718;-0,1448683;-0,1022889;2,547757;-0,1430978;-0,149759;2,534546;0,2738889;0,380661;2,718351;0,3340508;0,1142268;2,668228;0,3246193;-0,1007495;2,561283;0,3260472;-0,1612812;2,537251;0,01327458;-0,01573415;2,616499;-0,02003564;-0,5061164;2,652835;-0,03529053;-0,8461344;2,646935;-0,06916963;-0,9106956;2,59152;0,1759422;-0,01493226;2,626422;0,2021729;-0,5220813;2,648752;0,227902;-0,8537745;2,64231;0,272115;-0,9171453;2,582198; 
0,08460207;0,7027977;2,72487;0,09500775;0,06330471;2,640414;0,09395642;0,124093;2,705959;0,09892062;0,5040829;2,730287;-0,08531609;0,3761043;2,704812;-0,1416498;0,1118718;2,657371;-0,1439276;-0,1028533;2,549403;-0,1422072;-0,1500734;2,536934;0,2734368;0,3807015;2,717903;0,333998;0,1120013;2,668539;0,325269;-0,1026723;2,560834;0,3262003;-0,1610688;2,537619;0,01319774;-0,01568858;2,616457;-0,02021186;-0,5068014;2,65267;-0,03545796;-0,8460869;2,646837;-0,06936903;-0,9107227;2,59113;0,1758122;-0,01459624;2,625745;0,2021873;-0,5220743;2,64873;0,2280848;-0,8537936;2,642241;0,2722098;-0,9171886;2,582029; 
0,08213812;0,702288;2,72546;0,09487057;0,06346199;2,640251;0,09397734;0,1242361;2,705773;0,09826051;0,5040342;2,729981;-0,0862838;0,3754338;2,705519;-0,1412624;0,1100722;2,658324;-0,1432479;-0,1052179;2,55167;-0,1420439;-0,149922;2,541349;0,2730311;0,3808357;2,717326;0,3343949;0,1112133;2,66806;0,3292322;-0,1029579;2,558946;0,328448;-0,1616343;2,537617;0,01311458;-0,01567695;2,616485;-0,02023839;-0,5068654;2,652573;-0,03554302;-0,8460652;2,646607;-0,0694091;-0,9107767;2,591185;0,1757111;-0,01431361;2,625309;0,2022354;-0,5220975;2,648767;0,2281204;-0,8537706;2,642166;0,2723033;-0,9171754;2,581917; 
0,0801245;0,7030023;2,725808;0,09481794;0,06353372;2,640195;0,09405125;0,1242763;2,705716;0,09822148;0,5040043;2,729959;-0,08685374;0,3750702;2,706213;-0,1412511;0,108337;2,659865;-0,142812;-0,1080567;2,555837;-0,14292;-0,1507704;2,545971;0,2729229;0,3808559;2,717274;0,3379486;0,1118813;2,666201;0,3318106;-0,1027204;2,558132;0,3338403;-0,1592224;2,538583;0,01304607;-0,01566568;2,616523;-0,02026767;-0,5076027;2,652578;-0,03543821;-0,8458058;2,64644;-0,06935915;-0,9107562;2,591199;0,1756499;-0,01420735;2,625138;0,2024579;-0,522287;2,648745;0,2283641;-0,8538212;2,642187;0,2721277;-0,9172415;2,582223; 
0,07984432;0,7028395;2,725868;0,09465438;0,06367424;2,640137;0,09399178;0,124371;2,705645;0,0980154;0,5039158;2,729877;-0,08714323;0,375555;2,706728;-0,1411203;0,1079776;2,660566;-0,1436819;-0,1093309;2,55881;-0,1454933;-0,1727599;2,543543;0,2725016;0,3810712;2,71698;0,3415489;0,1118433;2,663501;0,3369495;-0,1034156;2,556866;0,3366255;-0,1596088;2,537875;0,01286855;-0,01550733;2,61677;-0,0204374;-0,5023625;2,650903;-0,03550218;-0,845731;2,646424;-0,06938191;-0,9107594;2,591149;0,1753629;-0,01395842;2,624813;0,2024414;-0,5223328;2,648762;0,2285015;-0,8542918;2,642346;0,2724432;-0,9172242;2,581943; 
0,07959897;0,7027885;2,725965;0,09460108;0,06374647;2,640078;0,09403075;0,1244373;2,705577;0,09803083;0,5039578;2,729822;-0,08722893;0,3754979;2,706988;-0,1409432;0,1071631;2,6619;-0,1441989;-0,1106247;2,561369;-0,1464833;-0,1566851;2,555453;0,2723049;0,3813456;2,716752;0,3421496;0,1123377;2,66254;0,3433887;-0,1032015;2,556453;0,3420113;-0,1611854;2,537667;0,01280522;-0,01545546;2,616886;-0,02061596;-0,5012215;2,650421;-0,03550478;-0,8457664;2,646432;-0,06900486;-0,9107517;2,591711;0,175208;-0,0137962;2,624547;0,2025132;-0,5223529;2,648773;0,2285787;-0,8542509;2,642252;0,2727655;-0,9173434;2,581426; 
0,07877027;0,7024754;2,725487;0,09451652;0,06387427;2,640123;0,09395802;0,1245451;2,705601;0,09745335;0,5038972;2,729775;-0,08728438;0,3753495;2,707102;-0,1410993;0,1069844;2,662822;-0,1461601;-0,111551;2,564306;-0,1507429;-0,1608944;2,55868;0,2722755;0,3818724;2,716642;0,3432683;0,1155734;2,663022;0,3489114;-0,0999282;2,557013;0,3483561;-0,1603889;2,534861;0,01274343;-0,01540123;2,617287;-0,02039482;-0,5054508;2,651439;-0,03614305;-0,8465903;2,646152;-0,06811456;-0,9123698;2,591107;0,1751481;-0,0136196;2,624466;0,2025571;-0,5223739;2,648844;0,2285625;-0,8544768;2,642448;0,2721431;-0,9173324;2,581887; 
0,07820557;0,7021284;2,72551;0,09432036;0,06397182;2,640096;0,09381197;0,1246239;2,70557;0,09704816;0,5039263;2,729836;-0,08731529;0,3755245;2,707308;-0,1414964;0,1063875;2,663162;-0,1485585;-0,1129247;2,566855;-0,1541544;-0,1622287;2,561661;0,2718453;0,3822584;2,716259;0,3466153;0,1185963;2,660997;0,3568221;-0,09808302;2,558236;0,3549321;-0,1596262;2,534846;0,01260365;-0,01531288;2,617578;-0,02049409;-0,5019072;2,650399;-0,03611321;-0,8465843;2,646163;-0,06810152;-0,9121121;2,591159;0,1747527;-0,01332141;2,624108;0,2025721;-0,522365;2,648872;0,2288598;-0,854565;2,642011;0,2721834;-0,9173317;2,581832; 
0,07798143;0,7024585;2,725701;0,09426127;0,06403099;2,640151;0,09381454;0,1246775;2,705594;0,09703729;0,503938;2,729804;-0,08729324;0,3758137;2,707404;-0,1420552;0,1064465;2,66362;-0,1513373;-0,1135795;2,569497;-0,1568024;-0,1636179;2,565209;0,2716559;0,3825421;2,715999;0,3475512;0,1209278;2,660998;0,3585862;-0,09570768;2,558236;0,3590249;-0,1578059;2,534297;0,01256848;-0,01523631;2,617842;-0,02041993;-0,5027879;2,650566;-0,03620521;-0,8464152;2,645927;-0,06809262;-0,9120854;2,591119;0,1746279;-0,01322168;2,624175;0,2025865;-0,5225748;2,648969;0,2288948;-0,8545818;2,642128;0,2723562;-0,9173231;2,581424; 
0,07811229;0,7039075;2,726289;0,09410039;0,06421343;2,640216;0,09368803;0,1248497;2,705611;0,0963008;0,5037288;2,729402;-0,08756096;0,3756461;2,707781;-0,1428204;0,1064281;2,664231;-0,1541034;-0,1140996;2,571789;-0,1626866;-0,1660662;2,570278;0,2716758;0,3825052;2,715873;0,3496234;0,1223481;2,6601;0,3597277;-0,09482565;2,558571;0,3613999;-0,1563001;2,534055;0,01237524;-0,01514851;2,618235;-0,02061111;-0,5000504;2,649889;-0,03576097;-0,8463563;2,64573;-0,06855734;-0,9118586;2,590497;0,1745864;-0,01313781;2,624146;0,2026714;-0,5225883;2,648973;0,2289125;-0,8545862;2,642104;0,2721776;-0,9173044;2,581541; 
0,07811674;0,7039285;2,726327;0,09404664;0,06422539;2,640224;0,09368781;0,1248643;2,705602;0,09632332;0,5037268;2,729353;-0,08763982;0,3754839;2,70786;-0,1433417;0,1060146;2,664528;-0,1580263;-0,115195;2,574644;-0,1657949;-0,1667659;2,572587;0,2716488;0,3824714;2,715721;0,3517167;0,1220332;2,659791;0,3605706;-0,09521835;2,558327;0,3620142;-0,1563705;2,534268;0,01222023;-0,01520355;2,618486;-0,02059845;-0,4985244;2,649642;-0,03580306;-0,8462536;2,645682;-0,06848878;-0,911462;2,590312;0,1745253;-0,01312651;2,624097;0,202642;-0,5224653;2,648955;0,2284224;-0,8541713;2,642402;0,2721789;-0,9172727;2,581524; 
0,07813206;0,7039429;2,726214;0,09406156;0,06432454;2,640291;0,09369362;0,1249506;2,705681;0,09638308;0,5039927;2,729725;-0,08761881;0,3753452;2,707891;-0,144518;0,1062425;2,66496;-0,1607233;-0,115321;2,576453;-0,1697767;-0,1693251;2,574329;0,2718004;0,3826362;2,715855;0,352869;0,1228392;2,6602;0,361684;-0,09458138;2,559163;0,3629564;-0,1559516;2,53418;0,01224184;-0,01513628;2,618643;-0,02059274;-0,4981569;2,649639;-0,0358322;-0,8462622;2,645622;-0,06859995;-0,9115494;2,590029;0,1745479;-0,01307063;2,624087;0,2026823;-0,5224554;2,648941;0,2282627;-0,853923;2,642669;0,271833;-0,9172438;2,581722; 
0,07867672;0,7021886;2,726324;0,0939474;0,06446635;2,640453;0,09360778;0,1250654;2,705814;0,09590136;0,503938;2,729795;-0,08780504;0,3750569;2,708327;-0,1453231;0,1074829;2,666006;-0,1631873;-0,1140252;2,57773;-0,1714865;-0,1704935;2,575068;0,2718404;0,3826126;2,715842;0,3536944;0,1231539;2,661161;0,3620861;-0,09413314;2,559759;0,3637656;-0,1557019;2,53439;0,01214774;-0,01511032;2,618893;-0,02065568;-0,4978302;2,649533;-0,03583019;-0,8462605;2,645598;-0,06892896;-0,9114364;2,589584;0,174533;-0,01298937;2,624174;0,202774;-0,5135955;2,646596;0,2280823;-0,8540739;2,642846;0,2709915;-0,9168747;2,582183; 
0,0786573;0,7026536;2,726011;0,09393312;0,06462119;2,640516;0,0935915;0,1251797;2,705832;0,09596021;0,5039304;2,729693;-0,08782305;0,3751278;2,708362;-0,1457616;0,107376;2,666209;-0,1643101;-0,1142962;2,578615;-0,1720869;-0,1710397;2,575337;0,2719495;0,3825799;2,715906;0,3524697;0,1231142;2,662281;0,3621016;-0,0937579;2,559985;0,3639338;-0,1561004;2,53449;0,01213282;-0,01502888;2,618968;-0,0208033;-0,5016948;2,650933;-0,03587152;-0,8462553;2,64554;-0,06891102;-0,9112749;2,589419;0,1745221;-0,01290152;2,624257;0,2027962;-0,5162562;2,647416;0,2281797;-0,8540573;2,642842;0,2709814;-0,9168768;2,582166; 
0,07880336;0,7027414;2,72615;0,09391306;0,06477161;2,640669;0,09360389;0,1253076;2,705966;0,09590157;0,5039551;2,729789;-0,08800844;0,3753569;2,708792;-0,1459626;0,1070217;2,666486;-0,1660164;-0,1146957;2,579439;-0,1730303;-0,1717613;2,576066;0,2719889;0,3825207;2,715923;0,3509603;0,1211746;2,663361;0,3600928;-0,09632642;2,562593;0,3630114;-0,1569128;2,534658;0,01212324;-0,01490181;2,619144;-0,02068505;-0,5004883;2,650743;-0,03586157;-0,8462607;2,645534;-0,06963469;-0,9119911;2,588585;0,174539;-0,01285473;2,624362;0,2028064;-0,5181296;2,648057;0,2281701;-0,8540678;2,642849;0,2709038;-0,9169319;2,582222; 
0,0789494;0,7028385;2,726195;0,09392126;0,06483158;2,640777;0,09357883;0,1253377;2,706041;0,09588029;0,5038432;2,729846;-0,08795516;0,3752881;2,708877;-0,146189;0,1071917;2,666982;-0,1663451;-0,1143745;2,579507;-0,1729827;-0,1715994;2,576105;0,2721588;0,38227;2,716107;0,3499635;0,119431;2,664739;0,359626;-0,09744997;2,562479;0,3617308;-0,158351;2,536489;0,01214098;-0,01487029;2,619205;-0,02086779;-0,4997692;2,650494;-0,0358471;-0,8461431;2,645594;-0,06963304;-0,911981;2,58859;0,174574;-0,01281406;2,624571;0,2030536;-0,5189306;2,648337;0,2283126;-0,8542458;2,642497;0,2714289;-0,9171085;2,582024; 
0,07949957;0,7037036;2,725945;0,09389938;0,06486118;2,640797;0,09359021;0,1253626;2,706056;0,09610367;0,5039322;2,729941;-0,08780196;0,3754734;2,709009;-0,1463787;0,1070114;2,667509;-0,1675372;-0,1145305;2,580236;-0,1733509;-0,1710602;2,576361;0,272124;0,3822027;2,716054;0,3488315;0,1156559;2,666248;0,3565984;-0,1013423;2,564085;0,3592843;-0,1625393;2,541486;0,01212301;-0,01478563;2,619233;-0,02065542;-0,5022228;2,650997;-0,03601208;-0,8458747;2,645767;-0,06972889;-0,9119107;2,588319;0,17447;-0,01277037;2,62465;0,2028768;-0,5196921;2,648548;0,2287081;-0,8539604;2,642529;0,2714487;-0,9171421;2,581783; 
0,07919361;0,7036055;2,725466;0,09385142;0,06484222;2,640872;0,09355685;0,1253436;2,706113;0,09596223;0,5038228;2,72993;-0,08766739;0,3754494;2,709091;-0,1473136;0,1074662;2,66911;-0,169994;-0,1137126;2,581188;-0,1735566;-0,1687037;2,576624;0,2718024;0,3821109;2,715914;0,3483593;0,1161852;2,667787;0,3592157;-0,1016314;2,568019;0,3592856;-0,1620487;2,544406;0,01215098;-0,01471018;2,619344;-0,02051196;-0,503673;2,651304;-0,03603694;-0,845873;2,645734;-0,06962235;-0,9108218;2,588351;0,1743405;-0,01278346;2,62486;0,2029843;-0,5200678;2,648535;0,2285636;-0,8539498;2,64249;0,2713982;-0,9170147;2,581709; 
0,07958937;0,7034591;2,724187;0,09382926;0,06491046;2,640966;0,09356866;0,125415;2,706153;0,09633047;0,5037826;2,729726;-0,08742592;0,3757153;2,709155;-0,1493193;0,1097024;2,671128;-0,1812934;-0,1104255;2,583512;-0,1810172;-0,1751698;2,576117;0,2717713;0,3821329;2,715872;0,3508793;0,1171225;2,67009;0,3669398;-0,1009062;2,571706;0,3629534;-0,1599043;2,547636;0,01210987;-0,01446988;2,619668;-0,0201258;-0,5046651;2,65166;-0,03606104;-0,8459831;2,645641;-0,06972478;-0,9106057;2,588974;0,1742436;-0,01271227;2,624999;0,2029562;-0,5200858;2,648622;0,2285846;-0,853947;2,642531;0,2713997;-0,9169523;2,581421; 
0,07956221;0,7035915;2,723813;0,09382025;0,06499825;2,641046;0,09357519;0,1255299;2,706192;0,09637487;0,5039382;2,729537;-0,08729229;0,375658;2,709322;-0,1585518;0,1125309;2,673558;-0,2245571;-0,1015484;2,590986;-0,2003818;-0,1650952;2,580768;0,2716807;0,3822564;2,71599;0,3581753;0,1198942;2,673447;0,3941569;-0,09505931;2,573323;0,3825032;-0,1568154;2,55098;0,01214199;-0,01429032;2,619907;-0,01984608;-0,505299;2,651862;-0,03600128;-0,8460281;2,645712;-0,06935041;-0,9103278;2,589841;0,1742033;-0,01259143;2,625137;0,2030612;-0,5206037;2,648809;0,2278185;-0,8545082;2,642878;0,2713199;-0,9169354;2,58137; 
0,07952055;0,7033345;2,723463;0,09376425;0,06509557;2,641122;0,09352928;0,125628;2,706246;0,09636755;0,5039716;2,729529;-0,08677004;0,3761127;2,709441;-0,1808278;0,1364923;2,684871;-0,2378214;-0,08586206;2,596248;-0,252887;-0,1489089;2,58972;0,27131;0,3825286;2,716025;0,3692585;0,1261089;2,675354;0,4434758;-0,0819107;2,583167;0,436155;-0,1484506;2,55501;0,01219883;-0,01392225;2,620262;-0,01932266;-0,5003961;2,651417;-0,03610211;-0,8459001;2,645724;-0,06932118;-0,9101852;2,589793;0,1739912;-0,01232789;2,625214;0,2034884;-0,5210798;2,649129;0,2277743;-0,854404;2,642932;0,2711534;-0,9169245;2,581312; 
0,07960889;0,7040827;2,722919;0,09374154;0,06512322;2,641254;0,09348951;0,1256658;2,706333;0,09643537;0,5039665;2,729522;-0,0861565;0,3765291;2,70922;-0,1880519;0,1419787;2,68926;-0,2873159;-0,06769206;2,611442;-0,2988747;-0,1386275;2,600284;0,2707903;0,3830375;2,716035;0,4011694;0,1348865;2,678905;0,4696438;-0,07638259;2,590367;0,4879684;-0,1340636;2,572776;0,01228127;-0,0137116;2,620516;-0,0192262;-0,5011566;2,651552;-0,03597814;-0,8458568;2,645922;-0,06933314;-0,9102301;2,589745;0,1737872;-0,01215847;2,625549;0,2035754;-0,5211046;2,649109;0,2277421;-0,8544294;2,643034;0,2711392;-0,9169176;2,581321; 
0,07963813;0,7042614;2,722512;0,0936756;0,06527022;2,641405;0,09339768;0,125787;2,706433;0,09640504;0,5039565;2,729502;-0,08609643;0,3765379;2,709209;-0,2039124;0,1537339;2,699631;-0,3271661;-0,05121544;2,622387;-0,3442159;-0,1135886;2,608761;0,2706202;0,3832954;2,71627;0,4176917;0,1412959;2,682697;0,5241593;-0,05273435;2,591941;0,5381259;-0,1132948;2,572574;0,01227438;-0,01351666;2,620693;-0,01911561;-0,4991635;2,651305;-0,03609287;-0,8464691;2,645086;-0,06932668;-0,910191;2,589702;0,1736723;-0,01192598;2,625801;0,2035948;-0,5211819;2,649219;0,2278959;-0,8539885;2,643065;0,2711101;-0,9168246;2,581172; 
0,07966992;0,7046098;2,722438;0,09367511;0,06532284;2,641474;0,09339736;0,1258339;2,706474;0,09638819;0,5039501;2,729487;-0,08599452;0,3765554;2,709112;-0,234957;0,1599825;2,703845;-0,3693072;-0,02478591;2,638434;-0,391382;-0,08557129;2,62046;0,2705027;0,383446;2,716145;0,4407589;0,1565495;2,688768;0,5715453;-0,03177301;2,594648;0,5918764;-0,08951427;2,572597;0,01234843;-0,01339183;2,620823;-0,01948848;-0,5028754;2,651536;-0,0359656;-0,8467438;2,644889;-0,06915072;-0,9105438;2,589621;0,1736492;-0,01184843;2,625894;0,2034246;-0,5208714;2,649239;0,2279105;-0,8535128;2,643117;0,2709753;-0,9168623;2,581218; 
0,07971843;0,704693;2,722375;0,09370062;0,06553476;2,641588;0,09352473;0,1259952;2,706545;0,09656897;0,5039129;2,729423;-0,08653313;0,3767771;2,709661;-0,2516126;0,1666191;2,705525;-0,4137874;0,004011288;2,645942;-0,4515425;-0,07121476;2,619996;0,2704948;0,3832934;2,716036;0,4535342;0,1765049;2,693429;0,6112314;0,01667297;2,612807;0,6416206;-0,04694481;2,59483;0,0123199;-0,01324603;2,620914;-0,01960725;-0,4993554;2,650875;-0,03610328;-0,8465982;2,644777;-0,06909913;-0,9105372;2,58961;0,1736774;-0,01179257;2,625957;0,2034267;-0,5208666;2,649241;0,2284534;-0,8532631;2,643351;0,2712062;-0,9167507;2,581202; 
0,07972799;0,704967;2,722269;0,09372643;0,06609094;2,641755;0,09369652;0,1264118;2,706649;0,09663955;0,5039169;2,72937;-0,08739945;0,3766933;2,710596;-0,271382;0,1844288;2,715815;-0,4399282;0,03129359;2,647349;-0,477656;-0,02281704;2,622876;0,2708859;0,3839062;2,716253;0,465996;0,2050051;2,698606;0,6403914;0,05845337;2,630447;0,6942896;-0,007103227;2,606644;0,0122377;-0,01306019;2,621135;-0,01933645;-0,5021755;2,651516;-0,03604498;-0,846562;2,644744;-0,06878773;-0,9106177;2,589615;0,1737797;-0,01151259;2,625921;0,2035039;-0,5210043;2,649299;0,2282233;-0,8531743;2,643512;0,2709649;-0,916612;2,581438; 
0,07978653;0,7049552;2,72225;0,09349873;0,06700674;2,641927;0,09359187;0,1270601;2,706757;0,09660398;0,5038906;2,729335;-0,08815587;0,376735;2,711016;-0,2816171;0,1977019;2,720463;-0,471486;0,07189448;2,652256;-0,5156142;0,01336544;2,638437;0,2711689;0,3847156;2,716285;0,4803084;0,2176568;2,701084;0,6717053;0,09121819;2,640343;0,7336413;0,03120625;2,622018;0,0119278;-0,01259242;2,621385;-0,01951707;-0,5032144;2,651866;-0,03590628;-0,8457784;2,645266;-0,06809698;-0,910275;2,590382;0,1737431;-0,01097429;2,625844;0,2035759;-0,5210225;2,649324;0,2283724;-0,8531423;2,64364;0,2708107;-0,9167393;2,58166; 
0,07978696;0,7050223;2,722212;0,09321612;0,06794199;2,641795;0,09357782;0,1278358;2,706635;0,09678757;0,5040679;2,729246;-0,08920771;0,3763612;2,711931;-0,30571;0,2167703;2,729365;-0,504183;0,1037905;2,663881;-0,5494467;0,05868257;2,646912;0,2714517;0,3851019;2,716325;0,489688;0,2313519;2,704839;0,6992813;0,132227;2,658893;0,7706555;0,08340587;2,641521;0,01138174;-0,01197998;2,621371;-0,01978121;-0,4999778;2,651202;-0,03588806;-0,8449099;2,645862;-0,06820647;-0,9102159;2,590291;0,1735947;-0,01043534;2,625471;0,2035511;-0,521051;2,649416;0,2282049;-0,8530416;2,643587;0,2708034;-0,9167258;2,581689; 
0,07913834;0,7054236;2,722261;0,09256654;0,07026207;2,641601;0,09340274;0,1296079;2,706414;0,09690957;0,5042115;2,729071;-0,09186409;0,37647;2,713574;-0,3132327;0,2366221;2,734065;-0,5268502;0,1453655;2,691752;-0,5986719;0,1014259;2,665294;0,2721262;0,3874411;2,71668;0,4999144;0,24738;2,70896;0,7129541;0,152483;2,676103;0,7947161;0,1217704;2,663423;0,009954758;-0,01059239;2,621559;-0,01964693;-0,4991717;2,651085;-0,03581208;-0,8448139;2,645968;-0,0682537;-0,9101658;2,590278;0,1735019;-0,00884752;2,624588;0,2035712;-0,5213031;2,649633;0,2282487;-0,8533276;2,64349;0,2708347;-0,916877;2,581883; 
0,0783911;0,7044691;2,72201;0,09215557;0,07162248;2,641788;0,09308745;0,1307204;2,706522;0,09615344;0,5041825;2,728827;-0,09441618;0,377109;2,714611;-0,3242575;0,2505905;2,736194;-0,5396951;0,1625661;2,698097;-0,6237814;0,136755;2,690128;0,2721769;0,389285;2,716729;0,5033462;0,2768304;2,714184;0,7228293;0,1961937;2,693922;0,8053508;0,1657265;2,686037;0,009563929;-0,009989405;2,621615;-0,01940905;-0,5005478;2,651512;-0,03565411;-0,8450629;2,646022;-0,06816857;-0,9092648;2,590733;0,1734737;-0,008013763;2,62464;0,2035805;-0,5212905;2,649629;0,2283764;-0,8532791;2,643052;0,2718891;-0,917559;2,582624; 
0,07839689;0,704468;2,721967;0,09207354;0,07331058;2,641923;0,09333781;0,1323517;2,706578;0,09742326;0,5050532;2,728353;-0,09629358;0,3778825;2,715461;-0,3321189;0,2711634;2,738041;-0,5549392;0,2009526;2,71221;-0,6344162;0,1642995;2,69994;0,2728136;0,390009;2,716624;0,5303932;0,2933574;2,722285;0,7528083;0,2212196;2,702199;0,8372739;0,196914;2,692956;0,008919399;-0,009040906;2,621911;-0,01901225;-0,5013213;2,651479;-0,03563088;-0,8451321;2,646176;-0,06825832;-0,9091719;2,590731;0,1734846;-0,00710397;2,624436;0,2036802;-0,5212813;2,649625;0,2284079;-0,8532635;2,642888;0,2720066;-0,9176554;2,582472; 
0,07758965;0,704531;2,721635;0,09183224;0,07494424;2,642427;0,09321753;0,1336496;2,706961;0,09703003;0,5050492;2,728333;-0,09963983;0,3785729;2,716104;-0,3444556;0,2858866;2,739486;-0,5679803;0,2170772;2,724367;-0,6545104;0,2007765;2,716559;0,2735538;0,39208;2,716143;0,5355068;0,3041829;2,724933;0,7654997;0,2617435;2,709585;0,8492069;0,233536;2,712987;0,008435725;-0,008396351;2,621927;-0,0187663;-0,5017983;2,651525;-0,03562691;-0,845161;2,646163;-0,06819571;-0,9090046;2,590992;0,1737863;-0,006222368;2,624934;0,2036801;-0,5212592;2,649628;0,2285606;-0,8534722;2,642699;0,2718962;-0,917908;2,582571; 
0,07741811;0,7041794;2,721658;0,09179498;0,07648001;2,642618;0,09310482;0,1349516;2,707158;0,09694769;0,5051617;2,728409;-0,1012827;0,3794608;2,715847;-0,3596687;0,2984189;2,740613;-0,5913314;0,2662663;2,726793;-0,6720744;0,2305912;2,721749;0,2741299;0,3931903;2,716155;0,5425389;0,3180721;2,731438;0,7719361;0,272722;2,711902;0,8580199;0,2556512;2,72266;0,008074736;-0,007516336;2,621798;-0,01897433;-0,4979929;2,650183;-0,03559669;-0,8451633;2,646202;-0,06819021;-0,9088967;2,590966;0,1740761;-0,005267318;2,625043;0,2036663;-0,5211275;2,649565;0,2287244;-0,8536128;2,642712;0,2723121;-0,9179323;2,58216; 
0,07736257;0,704208;2,721698;0,09145699;0,07857873;2,642619;0,0929179;0,1366215;2,707036;0,09683102;0,5052416;2,728025;-0,1034845;0,3803058;2,716635;-0,3660733;0,3118503;2,744594;-0,5968037;0,2744653;2,73827;-0,6703719;0,2591561;2,732749;0,2749052;0,3951497;2,716384;0,5433834;0,3315066;2,732181;0,7754787;0,3027456;2,720595;0,858801;0,2816142;2,741515;0,007076043;-0,006206075;2,621794;-0,01866326;-0,4960712;2,649797;-0,03553671;-0,8453575;2,646305;-0,06816527;-0,9089679;2,591011;0,1743098;-0,003952863;2,624906;0,2036558;-0,5210479;2,649543;0,2284863;-0,853496;2,642797;0,2722943;-0,9178843;2,582109; 
0,07703689;0,704143;2,721464;0,09140842;0,07993244;2,642797;0,09282164;0,137757;2,707135;0,09624185;0,5052863;2,727788;-0,105272;0,3816383;2,717102;-0,3675842;0,3199663;2,746619;-0,6007473;0,2838542;2,738421;-0,6710906;0,275935;2,735032;0,2752352;0,3972563;2,71645;0,5424118;0,3397733;2,73314;0,7759672;0,3338493;2,729486;0,8585149;0,3114018;2,752203;0,006914189;-0,005497856;2,621872;-0,01818079;-0,4978439;2,65046;-0,03570642;-0,8455255;2,646449;-0,06849639;-0,9091657;2,591337;0,174632;-0,002826892;2,624985;0,2036124;-0,5210265;2,649524;0,228393;-0,8537804;2,643072;0,2723163;-0,9177292;2,582212; 
0,07597927;0,702288;2,720938;0,09129154;0,0810215;2,642914;0,09280362;0,1386931;2,707221;0,09614361;0,5053312;2,727749;-0,1068392;0,382465;2,71752;-0,3902449;0,3356022;2,747611;-0,6208936;0,2977765;2,742109;-0,6851164;0,3091036;2,736662;0,2755086;0,3980953;2,715983;0,5413314;0,347362;2,732493;0,7745815;0,3450097;2,735166;0,8571027;0,322821;2,758337;0,006530055;-0,004804972;2,621975;-0,01811055;-0,4984982;2,650484;-0,03549059;-0,8459866;2,646445;-0,06852634;-0,9093401;2,591203;0,1747916;-0,002073394;2,624898;0,2035898;-0,5205889;2,649297;0,2283558;-0,8537585;2,643136;0,2720785;-0,9176419;2,582418; 
0,07536149;0,7036508;2,721252;0,09116677;0,0826483;2,643082;0,09276461;0,1400348;2,707292;0,09591111;0,5053974;2,727537;-0,1092669;0,3845067;2,718469;-0,3927111;0,3392245;2,748118;-0,6241538;0,3078595;2,746442;-0,6884386;0,3190774;2,741269;0,2758801;0,399389;2,715765;0,5366527;0,3562104;2,732587;0,7696571;0,3510516;2,737897;0,8521694;0,3288152;2,761157;0,006132607;-0,003842736;2,622301;-0,017935;-0,4997587;2,650846;-0,03534479;-0,8465995;2,646588;-0,0683338;-0,9095533;2,590915;0,1750209;-0,0009184619;2,624691;0,2036427;-0,5204974;2,649169;0,2281914;-0,8538669;2,643265;0,2721136;-0,9177498;2,582506; 
0,07494447;0,703621;2,721107;0,09101977;0,08353598;2,643152;0,0925032;0,1408508;2,707353;0,09491706;0,5055367;2,727457;-0,1102467;0,3863022;2,718673;-0,3958538;0,3443277;2,746284;-0,6279806;0,3186252;2,745368;-0,6931361;0,3251085;2,74437;0,2760325;0,4003269;2,715714;0,5543626;0,3717239;2,7386;0,787374;0,3634951;2,743153;0,8698827;0,3412049;2,766496;0,005934419;-0,003064704;2,622355;-0,01771998;-0,4968469;2,650266;-0,03540365;-0,8463659;2,646368;-0,06838804;-0,9093541;2,590784;0,1751417;-0,0002501551;2,624628;0,2037077;-0,520508;2,649187;0,2282348;-0,8540377;2,64327;0,2713975;-0,91761;2,583141; 
0,0745851;0,7034644;2,720892;0,09088048;0,08444239;2,643141;0,09242242;0,1416011;2,707278;0,09471675;0,5054905;2,727095;-0,1112694;0,3875501;2,719035;-0,398179;0,3488455;2,74571;-0,6305503;0,3247848;2,74418;-0,6956351;0,3321316;2,744953;0,2760787;0,4007503;2,715382;0,5560066;0,376763;2,739308;0,7889718;0,3716698;2,745795;0,8714941;0,3493681;2,769171;0,005594832;-0,00233493;2,622426;-0,01760908;-0,4944664;2,649693;-0,03541622;-0,8463328;2,646361;-0,0685259;-0,9091395;2,590699;0,1751955;0,0004504807;2,624519;0,203735;-0,520443;2,649139;0,2282304;-0,8540307;2,643281;0,2714211;-0,9176329;2,583164; 
0,07387047;0,703869;2,720779;0,09074463;0,08534593;2,643285;0,09243146;0,1423375;2,707393;0,09469951;0,505487;2,727087;-0,1127562;0,3888511;2,719734;-0,382461;0,3531269;2,745135;-0,6151706;0,3321873;2,74329;-0,6803675;0,3365505;2,748177;0,2761075;0,4017577;2,715056;0,561851;0,3766232;2,738113;0,7946205;0,3814739;2,746885;0,8771641;0,3591576;2,770287;0,005200818;-0,001647108;2,622883;-0,01724267;-0,496978;2,6502;-0,03559591;-0,8466874;2,646112;-0,06888226;-0,9093444;2,59044;0,1752269;0,001213164;2,62417;0,2036574;-0,5203859;2,649081;0,2283224;-0,8541853;2,643037;0,2715179;-0,9178751;2,583349; 
0,07363731;0,7037323;2,720809;0,09051026;0,08630831;2,64341;0,0921448;0,1431819;2,707505;0,09391341;0,5055534;2,727091;-0,1132958;0,389311;2,719844;-0,3878514;0,3557756;2,744814;-0,6207013;0,3371666;2,744209;-0,686012;0,342073;2,74681;0,2762992;0,4031169;2,715082;0,5525986;0,3786702;2,736513;0,7852908;0,3831007;2,746254;0,8678595;0,3607758;2,769669;0,00496018;-0,001166982;2,622945;-0,0169709;-0,4981658;2,650325;-0,03637817;-0,8464968;2,645471;-0,06958689;-0,9090677;2,589712;0,175274;0,002244126;2,624146;0,203704;-0,5201307;2,648924;0,2283607;-0,8541399;2,643123;0,2709402;-0,9176815;2,58411; 
0,07322455;0,7029694;2,720488;0,09038142;0,08661131;2,643405;0,09205514;0,1434696;2,707517;0,09386937;0,5055831;2,727132;-0,1138148;0,3895543;2,719869;-0,3913025;0,358917;2,744806;-0,6240327;0,3386576;2,744207;-0,6894453;0,3419026;2,747185;0,276325;0,40323;2,714847;0,5543027;0,3811552;2,736929;0,7869768;0,3833902;2,747309;0,8731765;0,3748201;2,766382;0,004683554;-0,0008990957;2,62301;-0,01675006;-0,4966598;2,650275;-0,03636052;-0,8466062;2,645356;-0,06965624;-0,9090705;2,589582;0,175205;0,002493878;2,623943;0,2036949;-0,5195438;2,648882;0,2285576;-0,8533933;2,643772;0,2707364;-0,917322;2,584213; 
0,0715723;0,7051777;2,722057;0,09024009;0,08724921;2,643498;0,09186276;0,1441367;2,707636;0,09352035;0,5059791;2,727309;-0,1144632;0,3897689;2,719751;-0,3927065;0,3600221;2,744047;-0,6255279;0,3406451;2,74351;-0,6909838;0,3428662;2,746796;0,2764652;0,4043632;2,714986;0,55519;0,3818345;2,736693;0,7879644;0,3822574;2,746415;0,8743929;0,3745413;2,764905;0,004449287;-0,0004853622;2,623198;-0,01662944;-0,4953015;2,650279;-0,03621052;-0,8466736;2,645117;-0,06959587;-0,9091767;2,589493;0,1752187;0,002986134;2,623759;0,203679;-0,5195706;2,648841;0,228441;-0,8533137;2,644149;0,2707247;-0,9172859;2,584218; 
0,07111803;0,7049217;2,721962;0,09018277;0,08760062;2,643484;0,0917381;0,1444813;2,7076;0,09224647;0,5058677;2,726918;-0,1147712;0,3899575;2,719745;-0,3936911;0,3613896;2,743488;-0,6265368;0,3418836;2,742898;-0,6920324;0,3432833;2,746014;0,2765389;0,4057556;2,715049;0,5670645;0,3797795;2,735066;0,8244127;0,3698426;2,745123;0,9115465;0,3657307;2,761377;0,004422843;-0,0003024147;2,62319;-0,01665331;-0,4938764;2,649804;-0,03624872;-0,8462884;2,645124;-0,06948987;-0,9089836;2,589682;0,175346;0,003323138;2,623714;0,203703;-0,5195323;2,648831;0,2285431;-0,8533041;2,644009;0,2707374;-0,9173133;2,584247; 
0,0710879;0,7048761;2,721999;0,09024837;0,0879327;2,643723;0,09174059;0,1447281;2,707766;0,09209412;0,5057415;2,726918;-0,1149019;0,3901259;2,719795;-0,3857452;0,3616259;2,742572;-0,6187016;0,3434285;2,742282;-0,6841906;0,3441553;2,74595;0,2768145;0,406286;2,715222;0,5679951;0,3780476;2,733857;0,80049;0,381197;2,746399;0,8876384;0,3770844;2,762656;0,004434929;-0,0001299971;2,623327;-0,01653174;-0,4929591;2,649375;-0,03615539;-0,8463183;2,645013;-0,06960492;-0,9087409;2,58944;0,1755753;0,003641595;2,624009;0,203694;-0,5194398;2,648777;0,2284485;-0,8533313;2,643998;0,2707926;-0,9172986;2,584199; 
0,06948049;0,7060556;2,723071;0,0900631;0,08835384;2,64381;0,09156886;0,1451149;2,707874;0,09171417;0,5058532;2,727146;-0,1153809;0,3904076;2,720034;-0,388808;0,3626631;2,74094;-0,6216996;0,3438835;2,741424;-0,6871802;0,3436991;2,745487;0,2768923;0,4069582;2,715141;0,572516;0,3752233;2,732951;0,8047739;0,3814982;2,747182;0,8919372;0,3773849;2,763441;0,004195259;0,0001653478;2,62346;-0,01649715;-0,4964867;2,650059;-0,03609221;-0,846476;2,644718;-0,06976033;-0,9088441;2,589269;0,1755263;0,003968463;2,623904;0,2036244;-0,5193093;2,648767;0,2284453;-0,8534024;2,643969;0,2700535;-0,9171671;2,584574; 
0,06949703;0,7058495;2,723014;0,08988647;0,0886001;2,643839;0,09138326;0,1452982;2,707887;0,09138796;0,5056509;2,727096;-0,1156198;0,3905625;2,71999;-0,3905209;0,3635905;2,74078;-0,6235121;0,3441167;2,739235;-0,6890541;0,3428397;2,74209;0,2769092;0,4070778;2,715096;0,5732625;0,3749187;2,732625;0,8056046;0,3805983;2,746566;0,8927809;0,3764844;2,762828;0,003965745;0,0003905006;2,623485;-0,01670379;-0,4952412;2,649513;-0,03569831;-0,8466176;2,645085;-0,06965005;-0,9086247;2,589458;0,1754482;0,004117867;2,62389;0,2036698;-0,519282;2,648738;0,2285513;-0,8538264;2,643651;0,2703526;-0,9172308;2,584377; 
0,06947644;0,7057086;2,722921;0,08980138;0,08880607;2,643841;0,09129348;0,1454859;2,707863;0,09118737;0,5055776;2,726892;-0,1157457;0,3906496;2,720052;-0,3911778;0,3638051;2,740427;-0,624185;0,344437;2,739185;-0,6897408;0,3434235;2,742084;0,2769769;0,4071988;2,715099;0,5650911;0,3780222;2,731404;0,7977786;0,3670055;2,74084;0,8849695;0,3628909;2,757105;0,003834398;0,0006012873;2,623547;-0,01667882;-0,4970999;2,649932;-0,0358064;-0,8466582;2,644989;-0,06977882;-0,9087191;2,589488;0,1754297;0,004211679;2,623861;0,203673;-0,519339;2,64876;0,228578;-0,8539364;2,643759;0,2704501;-0,9172181;2,584257; 
0,06936682;0,7057284;2,722849;0,08972832;0,08899886;2,643867;0,09120375;0,145661;2,70789;0,09101089;0,5055895;2,726945;-0,1158915;0,390755;2,720077;-0,3919792;0,3640167;2,740159;-0,6250917;0,3447458;2,737697;-0,6906497;0,3437453;2,740785;0,2770219;0,4074121;2,715098;0,5700031;0,3764087;2,731358;0,8026261;0,3627803;2,740369;0,8898312;0,358665;2,756636;0,003756893;0,0007250973;2,623597;-0,0167837;-0,4953986;2,649413;-0,03587069;-0,8466907;2,644925;-0,06979771;-0,9087515;2,58945;0,175405;0,004408048;2,623798;0,2036371;-0,5192717;2,648779;0,2285506;-0,8539224;2,643723;0,2705707;-0,9172595;2,584073; 
0,06982933;0,7045162;2,722153;0,08973463;0,08909297;2,643976;0,091194;0,1457449;2,708005;0,09090965;0,5055711;2,727125;-0,1160257;0,390829;2,720021;-0,3930607;0,3646843;2,739893;-0,6261613;0,3448183;2,737332;-0,6708397;0,3472983;2,738114;0,2770827;0,4074311;2,715007;0,5721037;0,3755515;2,730781;0,8045377;0,3635035;2,742646;0,8917549;0,3593877;2,758915;0,003721146;0,000762834;2,623736;-0,01693743;-0,4930964;2,648507;-0,03587406;-0,8466961;2,644879;-0,06961126;-0,9089819;2,589593;0,1754669;0,00449383;2,62382;0,2039749;-0,5183416;2,648645;0,228532;-0,8537738;2,643718;0,2705381;-0,9171267;2,583506; 
0,06986497;0,7044026;2,721925;0,08972115;0,08931495;2,643999;0,09114952;0,1459633;2,70801;0,09081376;0,5056351;2,727062;-0,1161319;0,390929;2,72;-0,3936647;0,3651331;2,739646;-0,6268411;0,3451954;2,7361;-0,6712934;0,3471472;2,736914;0,2771864;0,4075081;2,71504;0,5722899;0,3750546;2,730436;0,8165662;0,3678703;2,743649;0,9037952;0,3637539;2,759921;0,003687273;0,0008410716;2,623781;-0,01684599;-0,4926638;2,648487;-0,03577341;-0,8469331;2,644955;-0,07188959;-0,9115776;2,589373;0,1755303;0,004764142;2,623787;0,2039994;-0,5182064;2,648604;0,2287088;-0,8534259;2,643385;0,2703735;-0,9170082;2,583267; 
0,06984902;0,7043591;2,721875;0,0896809;0,08955119;2,64401;0,09106275;0,1461731;2,707994;0,090151;0,5054637;2,726762;-0,1164385;0,3911128;2,720073;-0,3944372;0,365675;2,73903;-0,6276206;0,3455946;2,735786;-0,6932696;0,3469263;2,736346;0,2773418;0,4081083;2,715158;0,5736625;0,3748429;2,729517;0,8065709;0,3781106;2,740324;0,8938112;0,3739937;2,756598;0,003670082;0,0009158398;2,623788;-0,01695865;-0,4989797;2,650252;-0,03582524;-0,8474034;2,644933;-0,07147241;-0,9116663;2,58934;0,1756028;0,004971146;2,623787;0,2039523;-0,5182309;2,648642;0,2288038;-0,8535975;2,643499;0,2702431;-0,9167705;2,58298; 
0,07007483;0,7036101;2,721514;0,08985964;0,08974113;2,644147;0,0912329;0,1463515;2,708084;0,09081691;0,505283;2,726558;-0,1165312;0,3911539;2,719905;-0,3948585;0,3660164;2,73861;-0,6281253;0,3461428;2,734705;-0,6937723;0,3476342;2,735895;0,2773821;0,4082077;2,715222;0,5737171;0,3745041;2,729382;0,8066019;0,3796533;2,740405;0,8938553;0,3755357;2,756682;0,003718692;0,0009864836;2,623933;-0,01675263;-0,4995052;2,65047;-0,03577077;-0,8474023;2,644861;-0,07160958;-0,9114523;2,588897;0,1758005;0,005225781;2,623945;0,2039155;-0,5182106;2,648624;0,2288578;-0,8532823;2,644029;0,2702062;-0,9166364;2,582997; 
0,07000388;0,7035826;2,721446;0,08995814;0,08979814;2,644249;0,09131753;0,1464201;2,708186;0,09090568;0,5053361;2,726678;-0,1165399;0,3911193;2,719844;-0,3954251;0,3662796;2,737758;-0,6287278;0,3462765;2,733578;-0,6715159;0,3496104;2,733999;0,2774643;0,4083107;2,715279;0,5738822;0,3746211;2,72938;0,8070456;0,3787289;2,738296;0,8943122;0,3746107;2,754575;0,003779782;0,001024351;2,624024;-0,0168636;-0,5006159;2,650589;-0,0357984;-0,8471756;2,644706;-0,07124225;-0,9098624;2,589827;0,1759234;0,005280663;2,62403;0,2039057;-0,5182962;2,648678;0,2285915;-0,8534092;2,644084;0,2701993;-0,9166148;2,582999; 
0,07024424;0,7021844;2,720887;0,08999803;0,08981481;2,644284;0,09129696;0,1464365;2,708192;0,09071533;0,5051722;2,726589;-0,1165765;0,3911045;2,719646;-0,3957101;0,3665027;2,737461;-0,6290272;0,3462471;2,733247;-0,6717718;0,349373;2,733515;0,2775202;0,4083458;2,715309;0,5748348;0,3745884;2,728775;0,8080838;0,378984;2,737132;0,8953629;0,3748652;2,753413;0,00383261;0,001028009;2,624053;-0,01685564;-0,5015628;2,65066;-0,0357171;-0,847207;2,644691;-0,07219581;-0,9105952;2,58905;0,1760541;0,005295741;2,62414;0,2039209;-0,5183228;2,648677;0,2284198;-0,8537128;2,643803;0,2702307;-0,9165983;2,582944; 
0,07027602;0,7028081;2,720264;0,09005854;0,08994796;2,644289;0,09142679;0,1466202;2,708184;0,09167082;0,5054086;2,726414;-0,1166149;0,3911591;2,71963;-0,3950127;0,3667257;2,736947;-0,6284213;0,347044;2,731842;-0,6723368;0,3497412;2,733175;0,2776395;0,4083712;2,715266;0,5446618;0,3746683;2,724659;0,7779787;0,3793956;2,732294;0,8652742;0,3752761;2,748578;0,003776815;0,00113464;2,624074;-0,01649895;-0,5024499;2,651098;-0,03571323;-0,8472457;2,644676;-0,07219368;-0,9105982;2,589016;0,1760826;0,005355642;2,624132;0,2038736;-0,5181624;2,648522;0,2283852;-0,8534461;2,643598;0,2701567;-0,9165371;2,582872; 
0,07005329;0,7033343;2,719969;0,09011617;0,09004687;2,644295;0,09151009;0,1467526;2,708167;0,09211486;0,505421;2,726121;-0,1166308;0,3912482;2,719543;-0,395301;0,36692;2,736525;-0,6287025;0,3473557;2,73188;-0,6720842;0,3492087;2,733312;0,2777463;0,4085712;2,715243;0,5433991;0,3746123;2,724585;0,7768486;0,3780499;2,73107;0,8641593;0,3739296;2,747356;0,003755102;0,001209474;2,624141;-0,01654789;-0,5046809;2,651991;-0,03569497;-0,8475859;2,64461;-0,07187445;-0,9115627;2,588815;0,1761316;0,005438201;2,62412;0,2038784;-0,5181217;2,648531;0,228283;-0,8534693;2,643614;0,2701447;-0,9165175;2,582871; 
0,07020359;0,7033522;2,719506;0,09017759;0,09018856;2,644329;0,091582;0,1468745;2,708182;0,0922125;0,5054175;2,726097;-0,116639;0,3912582;2,719539;-0,3957079;0,3669785;2,736373;-0,6291226;0,3475019;2,731633;-0,6721194;0,3495044;2,733324;0,277866;0,4088094;2,715278;0,5424417;0,3745571;2,724046;0,7759029;0,3788545;2,730264;0,8632261;0,3747336;2,746553;0,003763326;0,001283508;2,624166;-0,01645969;-0,4995123;2,65045;-0,03596463;-0,847388;2,644334;-0,07255663;-0,9113831;2,587778;0,1761889;0,00558545;2,624155;0,2038766;-0,5181232;2,648539;0,2283559;-0,8534239;2,643705;0,2700845;-0,9164358;2,582875; 
0,07035676;0,7036295;2,719229;0,09022183;0,0902811;2,644328;0,091666;0,1469924;2,708172;0,09242736;0,5055553;2,726061;-0,1166601;0,3912793;2,719461;-0,3968845;0,3671173;2,736322;-0,6303365;0,3477824;2,731125;-0,6722989;0,3493317;2,732933;0,2780353;0,4088834;2,715105;0,5463034;0,3774548;2,724539;0,7799361;0,377966;2,729301;0,8672731;0,3738445;2,745593;0,003747503;0,001338178;2,62418;-0,01644549;-0,4975453;2,650034;-0,03619358;-0,8472034;2,644742;-0,07238254;-0,9112716;2,587722;0,1762317;0,005647647;2,624135;0,2039195;-0,5182623;2,648728;0,2280267;-0,8535358;2,643529;0,2701225;-0,916586;2,582354